name	sha256
cp0_r1_p20_1500	e10fc418d8e7b0786e5249ce278e8b63e84ea563a032286a3686f4e14935bd19
cp0_r1_p20_1230	116ccabad3f6d81bad29b96f2ebd1043dfd70121d77af250c1b98f4b15845828
cp0_r1_p20_970	c9c51feb25d64967f4d732d0e1ec9decb302229aaa05d6ef745a9f53ab81687e
cp0_r1_p20_700	a1255c7461f9af9a5ec163f1402460fd7aeaf25857afd5a2503caca1b5a45ad2
cp0_r1_p20_1770	80bd08f628e3f789bdfa813afad99048c56753009d8a38385489cdd9157b289f
cp0_r1_p20_2030	8d4c975cfd81bb47a28a355e74f22762723f638b251eb2d4c35df0e0cc6f4450
cp0_r1_p20_2300	8f146885cdfe73d3f1155b852b17a54114afe5e564d779c98b26f186188ba7cf
cp0_r2_p20_1500	7e8be2ba6e852b0402e096c291765acb424258677e241142d172be17018d7500
cp0_r2_p20_1230	35a23f9504d4585ecfaec86d92f9db724681e9b959488c9d471d3c09bdce1765
cp0_r2_p20_970	091cf4ca0255eb4b2c5dde707550f4d9186adab9c23feb00e07ad85769961876
cp0_r2_p20_700	43e5835d2ab026bb41db7422b49469fa482e69981d7d6245d0bf4a76c08bc2cb
cp0_r2_p20_1770	3b5579179b9ed12618319a90b3892e801a82607aca808045c4dbb00513e3109d
cp0_r2_p20_2030	6205d1b990f99fa1e7cc5be74f8e205164a368d8a35af891d6cac9ed77a9cfe2
cp0_r2_p20_2300	f2d775179cbb2476f24bf00d636611551dee5119f522eca7a38723e7d847bd01
cp0_r1_search_1500	485671a9f0bf28a826641df66739e3aab6316c4abf0de21976383170b9a2cf9a
cp0_r1_search_1230	5c1c30edef24e878acd586112fe3a5be24294ba589953b2864bac78c499e409a
cp0_r1_search_970	756a803bf742c59d049af0f125b72076812196e86a7427605bd14c75b6e9075f
cp0_r1_search_700	e3d675f9914b1cae3e7ae12ea0014ab5ffd9a2ba7c32b973cb4eeb3b754a9ebb
cp0_r1_search_1770	791b3a2c21c4fdf87dde263871912f84f7ae9aea9f1eb8e5ef2c0498dc4b11e2
cp0_r1_search_2030	6fcabc593b099022eadd692a025ff1713bcef1418fa274b16b967c4c99e1686f
cp0_r1_search_2300	073db39652357673598c1a5aafe357a90b33565feb30c08732eb3bd53436113f
cp0_r2_search_1500	95033e7e4f707eaf4399d93584bab92f2fd23e35fbbbb2bc525e71962fe30f2c
cp0_r2_search_1230	9f3cb5c8552b087f2b385cde46eb751dee6d2114178acaad1f3ad400d90a4456
cp0_r2_search_970	2398e42ce7e86b1c66a912c25c0eac5acec510333e3d7a1446c09a7c7ce0d1c7
cp0_r2_search_700	c9507258408bcb3889ccab920e59555f24026cf633d84be668f837bf38e38f85
cp0_r2_search_1770	b9b4fbbcb27af159b0dd0f035a42864aed093d7250fa91636860f9df79532581
cp0_r2_search_2030	2840edd9e9e6851118d3eabd857ad08c545bcdeaaa4372933c460c6e14daa039
cp0_r2_search_2300	58ea3816a65ae299f2677ef82c7a66f11e3a21076fdb972be9d98fb9bdc47325
cp1_r1_p20_1500	877b43d282022d49e8355fafd193d428db8fc13bd33f8e191bfd1754647aa42b
cp1_r1_p20_1230	bc75b3a8bf47905f4dbaaf4518ee1d1fbf3cdf80960e2e8456eb7f786d2c879d
cp1_r1_p20_970	e6164a0becbc6e98c01383d42f81ff8b0eb82a53ca902e9a3e207573b1261dd3
cp1_r1_p20_700	62affb22d6edd5ccf4f28fe74baf8eb4b7ef8e9052ba45d5ac54972ef7ca8e68
cp1_r1_p20_1770	15b8d4a89e024eea55c89c5cd360ef11e4023bbd669ca1fcd6c3e0a85e6b5b33
cp1_r1_p20_2030	04a8f0fd56492cf9e40768a3b9bae1800380ddf09b8a82af46a63fa4d2ab7edf
cp1_r1_p20_2300	8c6b10989967ade7b2e392a4a68358e3d91af80d6096cfd46aa0e3e1d35240d0
cp1_r2_p20_1500	f87ba31110b7206be7f7d042834d1a0a3afc27b0c45f26aaf101ab6a99bdd1ad
cp1_r2_p20_1230	90a424b4040cdf3971cdd5536cc8d1e9dcdbb1f36bad2f745bad69d934d2e766
cp1_r2_p20_970	322adf2280079a76a4af554cce0c44ba94c480c04d6444bc2a48e9b53378a45f
cp1_r2_p20_700	4fed0f1ee97453f96b6d8ea2b41593b3e83ec663160063411591a71446cc79a7
cp1_r2_p20_1770	9ef79684ce088fcfa4528b0cca3aa76fd2ed0bbe52199030a3e4f319a98c971b
cp1_r2_p20_2030	216035e52e7c969271127e0c7db34e956e309fb40dd47baf990f560cd2b755a1
cp1_r2_p20_2300	d687758b6003ab305a6a11ef69f8b396b25c27fcb5e9b335223ed3d29e4c957b
cp1_r1_search_1500	f99e7efcc7992c4e5b3d2786c6fa5eec96862c6336565de9cb2816a96d324eb6
cp1_r1_search_1230	4d0f231826af8ed72c5f5e951491649abe1ee79f29737fb1de108847d87e8ad1
cp1_r1_search_970	19fdddbe8f633f336975c3e19e4a75842d5b9aa0cc0f53b31bef1ee5adc831d8
cp1_r1_search_700	d9a727032d1419e88cbdb8750741c718d903b2c65ecb1f2d95b6103ddf1119dd
cp1_r1_search_1770	1cf898284c492e332cc3f9223f5b9dc3c29e171be28ace460bcd1e1ede26d71f
cp1_r1_search_2030	83d8e4e6624f38207fe57a25c869ab41f4d9d4cc5882c513388961625f6766da
cp1_r1_search_2300	540866c54b429591c891670905d94607d3e79dd8b19c540b4d06f5031e90f755
cp1_r2_search_1500	f23b4ebd460ca6acd3c2b355ab128e5324c09ebedc036806ca4d9608ab4b8b73
cp1_r2_search_1230	3ac14a52fb204fe47736ee99ea52379e9093384fca04cfe964c75a5f2d52bf4e
cp1_r2_search_970	5ecdce1f1fa9723add435bd591eb74efcd5d8637217daf9a6e325466b3727f8c
cp1_r2_search_700	58f6b71b80344c773d24c771956952615432c5cc21cb3f86343dc75e9f79e622
cp1_r2_search_1770	7844fbfd1b29ed524c24cbf8d4fb77d8c179bf0fbfe261b854d8669636a7eacf
cp1_r2_search_2030	f846aa4cd65c739b47d72e13ef66f052f7ed9edac888d57acd64597ff0945748
cp1_r2_search_2300	ef7f65c35d508bc8780f9bfbe969c056c9a25a59c4aec1089a7f4865f59493c3
cp2_r1_p20_1500	ee679429fba279cd5d043554c10ddc3003d00c3d000c169d23b5ad0f20d09279
cp2_r1_p20_1230	d6f3a03ff97f11727dd4daccdf6ff4ff371dec757bf092295da98d04e80a50a2
cp2_r1_p20_970	2cfb18f5f469ca3be467f5af479b0111041047a050dc22a43fb1bd329dbf702d
cp2_r1_p20_700	453883e44031777feb44823a3c69e1296b2a6b6fabdca6aaf6b03db0913204fe
cp2_r1_p20_1770	ceb301f91612a49b051595743d9fe7895d606b759d885d214d80a079f5c069b2
cp2_r1_p20_2030	87fb68bf5fad200acd341d3c2168def3988d892f5cf68922867f2b2dbec4d1e1
cp2_r1_p20_2300	015d334bd39d351c6006a8bd7f0c37a0c17a2c6e9657e86e10cc8feaba4db642
cp2_r2_p20_1500	6f9c5167a29c099c68f67ff74665a1f46511fcb7fb87af690f09a33dc2169190
cp2_r2_p20_1230	e388c596d30a519e86ae85334872e206ce0f53bcf7b51d6444e57ae309c67b40
cp2_r2_p20_970	143bcd9ff8795f7bed96e00fd64fb6d268290ad0f3a68163a5bdb4ea6d87219f
cp2_r2_p20_700	d7e7d55b4764f44605b97ae492caaa249601db1ed6e88ecc88955284810a9aa9
cp2_r2_p20_1770	d46f1f32fca755a003f58945c03c5a4c196ce2e69139ac9588c46fb576d0c092
cp2_r2_p20_2030	04109ef6e16a8cdfb3419faae167eebbbf5a087287c86e7ec5d27ca1ef00b23b
cp2_r2_p20_2300	228af168c4054fbfa0dcde6f1c8dbb06e352524896d31b9af2627a2fbb54f0aa
cp2_r1_search_1500	a8bb680e64b151ec7cb46a95ef1ae57c2f0c24dd40a65a538eb29875b8b92c0a
cp2_r1_search_1230	418fbe8dc1164c12d28e1f42e09d10e6fa74cd9c8082a3996ca744edd3753754
cp2_r1_search_970	b236793cb8455692a202c70158b717c95c11c6613980bab05cea5fce765e241d
cp2_r1_search_700	68993306e4383d05ed339ece0e9cb21321ab52b281ca54213ae8815159881c14
cp2_r1_search_1770	cee1ad6e9694c757383cd504de0d70ed4d6ef4f9d7059961456f40fb47b9164c
cp2_r1_search_2030	75a57964da92074695a370805be056303fcd7fe81f5bed52586629d99a71f704
cp2_r1_search_2300	2e2d54a5042c591f58a76f158d37fe0bdd2ef5007cfedab8d9cfe0346fb5b1ab
cp2_r2_search_1500	ce4df20718de2d5404e48961f22e342a0fa207c899b491b62716bd9608b987bf
cp2_r2_search_1230	a48eeebfbb1b3b53e4d733f5c158edee6d431224e763be3b1f3a5c49ced62ffe
cp2_r2_search_970	3f78bcc116a74003e8325c22dbdfed8beea0e10c465affcd7e5a2eecd1a6dbd1
cp2_r2_search_700	5c4bbf1d306c13fed75be87243f744851dfb832a66e79dbb53a46ae303308da5
cp2_r2_search_1770	e532bb15e9878f0a575ef8f12fa0547755ba8353eb6bc5c5291b011820508af6
cp2_r2_search_2030	de6b5b4de2f7af76f62eeb9fe0feac7cc674133ccb6b3c609c28d43e46603c87
cp2_r2_search_2300	9b6f753883f0052f3c27f3a3ecf2141b97db24c50d23e8c2de47cc1bca452b43
cp3_r1_p20_1500	235e264978f16837269fad0003a069c1e93cb0bfddee6671668108da342ac4d8
cp3_r1_p20_1230	3bf1b7db7a9a9e38142857faa120fe672a48eb09540280691d13b40e86478ed9
cp3_r1_p20_970	31e8baead84ed0ad343fa8ebca663b38a7091cb358dcdaedb481c9fffad77e7c
cp3_r1_p20_700	4ed593d0dbbb958bfc39825eadbacbb66261cc5341b22afa70ce312432a476cb
cp3_r1_p20_1770	06e29313f9df1e342f0ec11a28572753f571fb0156326853c6d9acbe0dacfeae
cp3_r1_p20_2030	7acb98181d7c563a739628d0fc89cb2fa180901d6051e7a4348539838c62eba3
cp3_r1_p20_2300	975a9e5a24cc46c644f817d8020cda63f49233868383d1cf08816e0ed99e8951
cp3_r2_p20_1500	258d1d7f8cca7ef68a87be60d90115262157b054539c48fe3cb8bfb9ce37031d
cp3_r2_p20_1230	ef51148178064a7fb909069bb669a91d544f07451c23ad5ef04bd39e0b3affdd
cp3_r2_p20_970	09cbc49e801684a314d112834f4e98bbe9fb8d2757973adab171bbd68d9e7dc0
cp3_r2_p20_700	e1ad75341deedd857d681c5abc77601cc0467565b615849561800f24277e06e4
cp3_r2_p20_1770	afe37ebad868de8b6a675ac125dad45661ded5885bbc90bfd7d00215188d1afd
cp3_r2_p20_2030	d76103ca9acb3c0cfd97f1d4a38865eefe6ddd9f2533c8bf4c3d7fe9daf84020
cp3_r2_p20_2300	d77c08491679b1a0dd1a8cc362a8007c1e0860f1ad02815b9561291a7268b07e
cp3_r1_search_1500	afd59a0fc92866ce550b76ae87362190ba6b14b6c4d8784ea76a9660b85792a4
cp3_r1_search_1230	594ea3cb2884bd3eddd4f5fb91b8e456d8161e9eb7ddad1e3941ab7d8c4037d5
cp3_r1_search_970	b6756417b68a1f8f6eaf9ac1eef1d341ca4cba313af94fa8849c03e9eab060e1
cp3_r1_search_700	ea76181e42548a9ba0c469c163e81f7034a43a877d3381aa399038b12cbf7bb3
cp3_r1_search_1770	016366ad5d306335907685c99eae42fe6ef49b25e131d10361a442e5fccd4227
cp3_r1_search_2030	9924a727be6bfeb69b2763878addc416bb046ed3ac31ad544aae1fb81962579b
cp3_r1_search_2300	306a911f52d48d2acc347efcdf3850e63823a60c973581869a91d0444e3e5fc4
cp3_r2_search_1500	139d54d2e0e258611b09ff748cec69a1c878528a6d9e295b09a88cfa49314f96
cp3_r2_search_1230	2f73dab85e07b8ae9d6f81da5508a3ae0f9ded3e7e90b54504b7e3e76e16150b
cp3_r2_search_970	35869a6fa8c4a3570e3d41d305776003dad0544849271ad90fcb5520973a2872
cp3_r2_search_700	96be9dd7fbb2c899696733f1e0f5c8ee489e29828a359e77ab96716f973066fa
cp3_r2_search_1770	2557b54d24ebb676eb2e23ee441f94ee95328808404a9ef33294d7a6a6dd42ca
cp3_r2_search_2030	95868b240c59b89162d0de69600ee9f710aef7cc518997a90b025ef388125f48
cp3_r2_search_2300	f421b9515baeb4ce70d3c0a2826e142633608aeae2904e1b5188cbc8941c7ec3
cp4_r1_p20_1500	321fd47485b5d048dfe7508656aafc47d0ccff06fb8110463c9671c84193fc8a
cp4_r1_p20_1230	056dc443bd4e9e489c73858d9b1e03a155c6d4ccde2ec1db10c00b3a076dbcd9
cp4_r1_p20_970	7ec79086fd25d21c9dd6875056c23faf761f5d26ef7c01adb760a2e98065da75
cp4_r1_p20_700	682242063075dcbf4f7ec1a039e171d28ed5ab863985bca89bdfc10c27d36785
cp4_r1_p20_1770	c4a0f6e69963a9854218b366a75da2ff32d0605935eb033ec1367f5c408bb36b
cp4_r1_p20_2030	75476dfc49949bc02d1635140ce89740b9a123f4da6cf753f3ab1c829dfc5160
cp4_r1_p20_2300	46b0e7a70ef99a8b53d273120d7c86b8a67f13d13c4f80436a7541f53fffe001
cp4_r2_p20_1500	97a2740e138ccbcb878c060d53e714f434ba2953ac9a8987160607c6173a7d56
cp4_r2_p20_1230	685528c554d5c3ef5f7edaaa68b892e65360e40f10fee863beab6057be311348
cp4_r2_p20_970	3af6f87b26e0a4a586efb0932cf4d3e4b4b40e02d343e64d3f9a4fc08b77e365
cp4_r2_p20_700	176c7990ee7f8cc238f24910dee23d33867d602992ed3b8dbf9f3c9dad0a9ab2
cp4_r2_p20_1770	1492f353467dcd4fe0ad84aaa0a25f1546af02ed43abceee9879640cc9a0d6ad
cp4_r2_p20_2030	f23db5091283aa284498a2f3d419bbf25e794a48b22de40d9f147b3978b012c9
cp4_r2_p20_2300	83f243c9c8ec308e5959ac9bae643bf7234af148e55248106dc4afc313f82a7a
cp4_r1_search_1500	080e503227af4558419e4b7024b119ecd053f4e0bab0da8da4175c73baa35e7b
cp4_r1_search_1230	87f43dab90bf79bb1a1659e03193a14f64507ba34881b20eab50f5cbe9aac77d
cp4_r1_search_970	c399c30a6856be9315b38e1280425d50a1cd716d140e7daf4ffb0e64192bd9a8
cp4_r1_search_700	b02a76ceec46660b4d563b309ef1496d3bd0175ebadba58ce1d0a5c199fe722c
cp4_r1_search_1770	70171fe3e601e498e4070322f2f0f8b034a766cd226c8555b1d518f88e438244
cp4_r1_search_2030	32a5c6e8b7f228e6451ba92c275b855bfd40321873188fbd2d7f2d59fef7ecfb
cp4_r1_search_2300	49bc9dd17753b1478067e7f56f10cb5a4c0840986c8fb2443d906a36d90d2ead
cp4_r2_search_1500	f991f00d73f48a93cf120cf6fb0778d92717787a3f163e10c2bd134e52557c7c
cp4_r2_search_1230	6cd5c2a64bcdd623ab71db0bf523e51191c2e713aaa6908e01ef2903ccadf4c8
cp4_r2_search_970	5deb0b2dfd3745cabc68713af35c17aaf647eb81c3fc98110cb793c4e1e3ecf9
cp4_r2_search_700	16d088fbf388ce831cca067d27985e794f6a804b828fdb4320b4261ef8261a78
cp4_r2_search_1770	de7bf5ef9ad69c8b1e4e4c18daa070acf9d13908a22413d80f54589c1a94b14d
cp4_r2_search_2030	1d5ccb1d18bf2bd752d1d6c7ea1a5815c8907d816898f6bff439e20a99daae07
cp4_r2_search_2300	51328933130e3cc7cff23926023c1fce3f0bd3a38c0b73fe11a29d80f9724d21
cp5_r1_p20_1500	5e5e9ec44388de5322984b1d3f7d619ed25d8cd925b0cb2f77e04e156c4aef18
cp5_r1_p20_1230	17323125d07970d329b493f5ba2c4ce6e0c8bba830f205f22166e4bf2ecf7304
cp5_r1_p20_970	0f2e51f77560beb3609b272db6bd2a852423e52592fd6c6219782a0873dd8b71
cp5_r1_p20_700	d3fc583af1b735feea8ad957d85fab74627ce35762da1a50147fa72f1f37caeb
cp5_r1_p20_1770	ff7ebb3d19a3e42810414b69f0e95b01b777c2190470fe9da653af058b996fad
cp5_r1_p20_2030	d5dc6dbb8e1d57a42b9da6e89a3c52a3381ac8ae5316490e2042bfa9fe6219a1
cp5_r1_p20_2300	b5e866abc66d70c89a3f33c8b58a4d715e0d56aec7e03176135fe212aff143a1
cp5_r2_p20_1500	be4ab7af49d80236e2892513b24f74c4a8b175634c679d50f4ab74eb77c0726e
cp5_r2_p20_1230	89a4a98d1c903c8f8408803a8e7a2d44d284bea8dd90a8d1d952cf5481c31a39
cp5_r2_p20_970	096fe10c9f46b9387a942b9c9c6fd5347a4b50855499b02f4bfb8ad38a913a82
cp5_r2_p20_700	1c31b634ece75860eafaad1917099cc531d3371adedbafc683053fb37349ce16
cp5_r2_p20_1770	29dfd6e4b21397af0e77fd92ba27627d584931b6a51043ad80fccd745ffee8eb
cp5_r2_p20_2030	85dddd6c40ea480c02ecca518da6d87ac5844a8f35b433e30ced1c43c253e4c9
cp5_r2_p20_2300	8fc35981bdae69691f6a5cab81284e836de5c02ffbd19b715806cf734690c48c
cp5_r1_search_1500	3fbc8507855e95a5c0493bacd93eed80860e1999a3870a0f21089d57cbfb0f07
cp5_r1_search_1230	d67c784756550ab66afd159058fca72491c602d24f3c8fa930b93bab1cdbe448
cp5_r1_search_970	3a2a99a81906268ced6263910da2f31f5938022a722ca94863a188acd5c53d4f
cp5_r1_search_700	aa6e3861018dd79570af92ad361899c4a1802412f0d5fa51da7bccab07825241
cp5_r1_search_1770	03e53627ee79808e419d28641097500e2b689309dd47505373b243d19aa35fc2
cp5_r1_search_2030	cfcaf13f51940733b4f71f15afc7b567b09e7a8490c4ab5ce6ffa799f14b7dfc
cp5_r1_search_2300	fc1ca65ab80092eafe2fa985e12e7730fb2b56ef300f1b884b2cc80cc3d7123b
cp5_r2_search_1500	4dfb20d3ff32961a373201423fcc896401baa3ab9e810ec4e768c4b21a213715
cp5_r2_search_1230	0f15d0469263658fe12c8f0197245a9f035722170650e095eb818ccfe2a58014
cp5_r2_search_970	fee823b6399d6bd584aefe027ee16edcbe72070bcd0ac2148a13af50fcd3653e
cp5_r2_search_700	d31ed48f001f216affbe0d9978d3cde419f224b313c625ab9906b6c548c4d8aa
cp5_r2_search_1770	6a7264bbbb547b429bbcab27d06f76e0efaa84a7bec5af2ff84fd0693b7c2f62
cp5_r2_search_2030	c1e56be4913a52a89886947bbd96605ab60e5221b68deaa0ec7f3ac4ed81c5d5
cp5_r2_search_2300	9e10aed33f37ffaf37495a95c3e5b976c261c225a1f062b978ee29c8e247d646
cp6_r1_p20_1500	ced6248b20b03e5228d4577449945422db6ac3cfb6428ca4ca75eb0de2da4836
cp6_r1_p20_1230	ff7fb30ebd309c9d768ea728e642a04285a51e39deb0b222add6513c147f1993
cp6_r1_p20_970	eaed36a03460c3faff2d5764e9875778e7845b7e11d6e33614488ccb84e33919
cp6_r1_p20_700	f94e76aaa8d54a4b5e8a5bb20e67c2ed7dcd8b3ac576b99fa42bf7c58ab82d0f
cp6_r1_p20_1770	7c4e333368be2152908407ec141aca2ce54037a59b8902473f85c44036360770
cp6_r1_p20_2030	7bf7a17523a9492ad5eb42e044b127d3ef9561c39085c3d957299490f2f329c1
cp6_r1_p20_2300	f7301e10d07969c6af2df5a0cf818549b28cb6e35abf9d4053eaa301f0d6c753
cp6_r2_p20_1500	1d820c40d8175c4727cf0c1019535e05c65805d0135ec85ca403f9e8c83c8e7c
cp6_r2_p20_1230	72a4c5ea65bfcbdbd8682fd87494efbbdc9ac0e93b59a3faab1ce128366b2c84
cp6_r2_p20_970	9cc1d72fcf2544e5ec49f658dd36ca6849a8d5f0658c4b790784e8de8bd8f4e8
cp6_r2_p20_700	8a68aa261f7fb9605a4147431ddd918af7b1a2ac73075677660c15acbb010732
cp6_r2_p20_1770	18e4ce1434754061bf8df235bfb2bd48023d1208a23e82a6a26a125763c34c3a
cp6_r2_p20_2030	0ca00868cd199c1f387805c6ce0e2f347d22a0b06a64b93a2ff4f89e3263d3fe
cp6_r2_p20_2300	de38733e22fe41f244f6894b27e8caae913d9ef25928aef292f661e57dd9425c
cp6_r1_search_1500	2427d8c3851a53ef58df7aea3cde23fad4def79c54b9f1c15196d6d888715f73
cp6_r1_search_1230	9e75cbce3920b08629ffc3aff2322a53e440df81695ce52a022267ee37669ba0
cp6_r1_search_970	31b59439a9542b433d82d5079d344d2c832ef4ae8e59f54b5d6a9b0f6df40bf6
cp6_r1_search_700	d4645d8edff11e2204fdfcdfeaff5152cfcda8abc360d27b35c7148a4d35d076
cp6_r1_search_1770	9d9b93620299fe3276335bb35f2280f4c259235fb8f20ed078211e41d924d832
cp6_r1_search_2030	a148eaa56c7f81dbefc51ee41ce2065ec57b3563010ad5a00fdaa164acd07bd0
cp6_r1_search_2300	6f04fcb9a5d9082c1ef698d5a5ed18143aab98b2fe101fb48c91e34f0b87a800
cp6_r2_search_1500	13f4eeb1e5e1928be764e941a2661184482154b2a35de784af924a6686107411
cp6_r2_search_1230	a44a67241eefed5d03ae893386e08cbfe89ca592bb447b0d49da0ce40586a5cf
cp6_r2_search_970	d55f3be71eb3dca485a703238c1ba5c062faf638ecb8849fae72aae864e9cc3d
cp6_r2_search_700	3aed2aea281ce2ac201bb84d9cf9854641b50da1561bbb424049caa5ea9d6a94
cp6_r2_search_1770	2971bc01338fc3229d0eef3aed22b3e0acbbf58f8a508b6efbd50b0b490a5241
cp6_r2_search_2030	0ab3f3fc3b25ab2db75a2f7b70b13d8b037bd0bf2434b90ed43b50384c78aa45
cp6_r2_search_2300	36e19ce650ad4b9b461a7a850bda0da2cb3c1e0ee444aa666d3ea7d7f587f5ce
cp7_r1_p20_1500	e7aa4c1b8387cb0371e527363e91907dcbd63c0fd1b0ab72f671b670046691c3
cp7_r1_p20_1230	878229c827e4899b90d8eefe65f8c8b032f85c4a57370a810698e82f603c121a
cp7_r1_p20_970	d5d4978384bcc1a5e7029a2605abc886759566f75205988a86330a1ee4eb13db
cp7_r1_p20_700	35ca06820df824b7c48d9d1c41689a6be4dcff716528af89cf029b0c7b45afc5
cp7_r1_p20_1770	805afcd1083f4eb3fd0378acb2213e26fd6901fcd6b01fe8a0ef5171e58d14a4
cp7_r1_p20_2030	e0826d4ed11ef9c25b00be365557b185000b2f55429e1bf0b0f0485d04da231d
cp7_r1_p20_2300	e073c19f48860218ed91e44978a9a6602e60dd90f2137753ca53e74d88acfe06
cp7_r2_p20_1500	e1083dd4c56a086e532336d64c82c52d21d517713fcc90addab9e13f2d34de75
cp7_r2_p20_1230	b7d5b56bf23a212c74c0216ead80ec1ba116e54cb0c3bcddf6e7ec42992ce23e
cp7_r2_p20_970	07904d22c5ddcdc28cca21278406e0c723076f71115ccd7887dc3a89314891f2
cp7_r2_p20_700	5e97455fec237f29f91cb2795fbbc449f32085ed7664f55f67df3546280b43a7
cp7_r2_p20_1770	b39312dc2eed185470cbdb60023cf8a16b3e3caf223a7c6fa415f80b014df15d
cp7_r2_p20_2030	2d97e9e66bff962e9c779408b0940b2faa401ebec5c3e00f8d350625df162684
cp7_r2_p20_2300	04ee8550465678939bd3a9304c7777c91d95c339d2577d2c25218778371925d2
cp7_r1_search_1500	cd6fa1c311f9d829f953f9961cdb2404adcd6ddfda6e43e5a76698a4e1f356a3
cp7_r1_search_1230	fdd5e54e6f785c191cb7349d43d332fde3a6430d1703a88fe855da31eee8d8fb
cp7_r1_search_970	3ef0236962144ead4c8fb8869ceecab4f755c8bad24d3aece3f3a3cce779bb1f
cp7_r1_search_700	29b37514da2dcfa097766d7d360b0425f93aa47897c8546ade77ed39e5d6c703
cp7_r1_search_1770	a78297a9ac9698c53dbbb90a7928f057e17ac011e157129339538852f7eed9fd
cp7_r1_search_2030	9fb51b6dd77009dc90b4ba816abf2983aef4aa95dd1b47e9957713084e759736
cp7_r1_search_2300	2727eb1860bf95d67e4029aa75c939a89c38e8105108b3e8c89c975def043494
cp7_r2_search_1500	7b3fb212b8aafda4c9645245e26b0360c4c48ee84d4e1536ff2f18b07a34d685
cp7_r2_search_1230	9f50852c248ab09ac39f37cba4a1a2ae8da14d8c35495ae789c13acc62497b69
cp7_r2_search_970	5ee64a60bcac35742b0695b5817aef258e3f2df6a0019a2ad220c4da7feaf074
cp7_r2_search_700	710d667688b7b33ac4febe2b8fdafb09db8bcc2d70beca642fe98915089645a5
cp7_r2_search_1770	0232bd988aebaefc6e3fda7b23537614bb08dc1e2d23b3342744af469e209552
cp7_r2_search_2030	ff954e3fb7a1067d2ec0b0bd456d9d07f074e311940bac3c788897b24e946e8d
cp7_r2_search_2300	e5f67b48ef1b726f1d9bc875833b56eb697dbe10d91520c36663233f3c561a01
cp8_r1_p20_1500	fd37a151360c75d5315669e0db30b5aad4dcfbd95ffe9e3d4aa87eb9488609c5
cp8_r1_p20_1230	559ab22eac607ec429ee80bcf79e1733e6f57342499dfd258ce8c7d71d102eb2
cp8_r1_p20_970	c764d4200b427000e6cbf429692ae498251c6975bcb3fc3a6a7c88f5b8786414
cp8_r1_p20_700	813b112a530cb6cf2625d45a9d687c9d158e7b59d92e12fbf69173028bf527b9
cp8_r1_p20_1770	a17c9feba0822332590ebfe7207c13d71ce872c9c1ebfb006605417e170d7161
cp8_r1_p20_2030	4ae761772c34d9965e37a1e2802a24498b68f222a4ea06fba8e15f78b4a3bc0a
cp8_r1_p20_2300	a1fd5fe6e1ebed6fdfad94aaed5f2243d30f1b6adeada962cf299301c3a93a75
cp8_r2_p20_1500	39b83f3f145d4fe077eaa55e831eac46d6fec6689f1aaa67ee7e450614cc0402
cp8_r2_p20_1230	f663216893a1079eb6e813534de5643328d4448e270b04f91f343de047a18404
cp8_r2_p20_970	b911d21ffa28aea33ae5b045afde41db9a2b815878780edd8ba549ba0e6cd680
cp8_r2_p20_700	b280963e1b1d69090e7c7a51c9eca1e3a4069eb6773cfba06e578268c0b34f63
cp8_r2_p20_1770	fcaa01171eb1ce6ec566520b969e84079e13c2b9cfb2d807c9c735e96f4568a9
cp8_r2_p20_2030	5c4202b6f949e20cb53f59ce01b7ef4826e13d3b8025154192c8884db7f26446
cp8_r2_p20_2300	dd1cbc1a6ef681dc1cb7507b8eb5dce167c1201378dd7033ac51321c95311d8d
cp8_r1_search_1500	88b83263cd707dbeb2fc3b8563b09848266a56b07ccdef4eddd8b47cceb68d33
cp8_r1_search_1230	d520f1efbb722b1564d46eb5c6a383eb47162d19d3f9859cc6c77dc0b2a9fc30
cp8_r1_search_970	e0eeed5c41925a6af51ef68deafce2c3ab8eb24407a66ab713e47d69f6683cba
cp8_r1_search_700	b8f8c4f577ca45f38eb7239fbaa3d10fe725424a24a3b617a922b491094098c6
cp8_r1_search_1770	539f5a1dd7c7f05fb5b6ff8a0a653eaf25cafd2f3543d8b55f551a4e713ca86e
cp8_r1_search_2030	8357c4b8544d0806b95c1f44a086aeb009fcf337e4e9b6cb36bb7c1ef1a6368a
cp8_r1_search_2300	a17f4f74c3473d94db608235dc0493eedac436dc907f984cdcafeb0031402c71
cp8_r2_search_1500	0a1c83700b8d341aca142da2610aca0bbfbe7df54a60e42d25bd26ea16d99d3e
cp8_r2_search_1230	4f24fb3fb7956923a8be05c47f0ddcb4b3a5db2c84c3723441c2ed363046591f
cp8_r2_search_970	26bd7bdb4e28dcc17043c0e11ed5f246501f4e28a922d4426b5952a74f7bd7dc
cp8_r2_search_700	e04e11fb667fdba130aae6df1e7f9a37b7b47453eee701ae2a52b6c2894abbc1
cp8_r2_search_1770	bc5ccd2c6bbeeb4f031d4bd71eea5d41f1c7e8eb7d716bd868eaa229e838bcec
cp8_r2_search_2030	e9f28344dd24a69f91a80f91679540828c51e34d58e80d3a195f673f12b3995a
cp8_r2_search_2300	449cdc6cbe12bd510c93cc4561708c477a2737cfc62e95a4d3ebf21f86316474
