representation,min_views,min_angle_deg,precision,recall,rmse_m,cells,covered,total,region_precision,region_recall,region_cells,region_visible
grid,1,0,0.38997214484679665,0.3768996960486322,0.7599465402186876,359,124,329,0.5675675675675675,0.5210084033613446,74,119
grid,2,0,0.5777777777777777,0.2857142857142857,0.20184733158158116,135,94,329,0.6388888888888888,0.36134453781512604,36,119
grid,3,0,0.40625,0.12158054711246201,0.22452278050744878,64,40,329,0.5,0.11764705882352941,18,119
grid,4,0,0.48,0.0425531914893617,0.19291839107401135,25,14,329,0.6,0.0,5,119
grid,5,0,0.5555555555555556,0.030395136778115502,0.18425771422097686,9,10,329,1.0,0.0,1,119
grid,6,0,0.5,0.00911854103343465,0.19523362727898294,2,3,329,,0.0,0,119
grid,7,0,,0.0,,0,0,329,,0.0,0,119
grid,8,0,,0.0,,0,0,329,,0.0,0,119
grid,1,5,0.6129032258064516,0.2006079027355623,0.19652559131012376,93,66,329,0.6206896551724138,0.17647058823529413,29,119
grid,2,5,0.6129032258064516,0.2006079027355623,0.19652559131012376,93,66,329,0.6206896551724138,0.17647058823529413,29,119
grid,3,5,0.4528301886792453,0.11550151975683891,0.22074779586879795,53,38,329,0.5,0.1092436974789916,18,119
grid,4,5,0.5454545454545454,0.0425531914893617,0.17883554057586254,22,14,329,0.6,0.0,5,119
grid,5,5,0.5555555555555556,0.030395136778115502,0.18425771422097686,9,10,329,1.0,0.0,1,119
grid,6,5,0.5,0.00911854103343465,0.19523362727898294,2,3,329,,0.0,0,119
grid,7,5,,0.0,,0,0,329,,0.0,0,119
grid,8,5,,0.0,,0,0,329,,0.0,0,119
grid,1,15,0.7692307692307693,0.1702127659574468,0.13500778647880016,65,56,329,0.64,0.11764705882352941,25,119
grid,2,15,0.7692307692307693,0.1702127659574468,0.13500778647880016,65,56,329,0.64,0.11764705882352941,25,119
grid,3,15,0.6470588235294118,0.10638297872340426,0.14049369971089043,34,35,329,0.5,0.08403361344537816,18,119
grid,4,15,0.7333333333333333,0.0425531914893617,0.12892571929649513,15,14,329,0.6,0.0,5,119
grid,5,15,0.7142857142857143,0.030395136778115502,0.1484891186015346,7,10,329,1.0,0.0,1,119
grid,6,15,0.5,0.00911854103343465,0.19523362727898294,2,3,329,,0.0,0,119
grid,7,15,,0.0,,0,0,329,,0.0,0,119
grid,8,15,,0.0,,0,0,329,,0.0,0,119
grid,1,30,0.9302325581395349,0.15501519756838905,0.08907636324789645,43,51,329,0.7692307692307693,0.1092436974789916,13,119
grid,2,30,0.9302325581395349,0.15501519756838905,0.08907636324789645,43,51,329,0.7692307692307693,0.1092436974789916,13,119
grid,3,30,0.85,0.0911854103343465,0.1054643546937985,20,30,329,0.625,0.07563025210084033,8,119
grid,4,30,1.0,0.030395136778115502,0.05261195202443303,7,10,329,,0.0,0,119
grid,5,30,1.0,0.02127659574468085,0.025001822048596516,3,7,329,,0.0,0,119
grid,6,30,,0.0,,0,0,329,,0.0,0,119
grid,7,30,,0.0,,0,0,329,,0.0,0,119
grid,8,30,,0.0,,0,0,329,,0.0,0,119
grid,1,60,1.0,0.0668693009118541,0.03952637781497658,16,22,329,,0.0,0,119
grid,2,60,1.0,0.0668693009118541,0.03952637781497658,16,22,329,,0.0,0,119
grid,3,60,1.0,0.0364741641337386,0.055901378970597444,6,12,329,,0.0,0,119
grid,4,60,1.0,0.02127659574468085,0.025000618694795158,3,7,329,,0.0,0,119
grid,5,60,1.0,0.0182370820668693,0.02500122036829749,2,6,329,,0.0,0,119
grid,6,60,,0.0,,0,0,329,,0.0,0,119
grid,7,60,,0.0,,0,0,329,,0.0,0,119
grid,8,60,,0.0,,0,0,329,,0.0,0,119
segments,1,0,0.41139240506329117,0.1884498480243161,0.20319447937609408,158,62,329,0.046511627906976744,0.25210084033613445,43,119
segments,2,0,0.4513888888888889,0.1884498480243161,0.20383579235380206,144,62,329,0.06896551724137931,0.25210084033613445,29,119
segments,3,0,0.3274336283185841,0.0972644376899696,0.22313666271176422,113,32,329,0.06896551724137931,0.008403361344537815,29,119
segments,4,0,0.3274336283185841,0.0972644376899696,0.22313666271176422,113,32,329,0.06896551724137931,0.008403361344537815,29,119
segments,5,0,0.3274336283185841,0.0972644376899696,0.22313666271176422,113,32,329,0.06896551724137931,0.008403361344537815,29,119
segments,6,0,0.3274336283185841,0.0972644376899696,0.22313666271176422,113,32,329,0.06896551724137931,0.008403361344537815,29,119
segments,7,0,0.05,0.00911854103343465,0.2620838598448556,80,3,329,0.06896551724137931,0.0,29,119
segments,8,0,0.12903225806451613,0.00911854103343465,0.1916894635949702,31,3,329,0.06896551724137931,0.0,29,119
segments,1,5,0.3274336283185841,0.0972644376899696,0.22313666271176422,113,32,329,0.06896551724137931,0.008403361344537815,29,119
segments,2,5,0.3274336283185841,0.0972644376899696,0.22313666271176422,113,32,329,0.06896551724137931,0.008403361344537815,29,119
segments,3,5,0.3274336283185841,0.0972644376899696,0.22313666271176422,113,32,329,0.06896551724137931,0.008403361344537815,29,119
segments,4,5,0.3274336283185841,0.0972644376899696,0.22313666271176422,113,32,329,0.06896551724137931,0.008403361344537815,29,119
segments,5,5,0.3274336283185841,0.0972644376899696,0.22313666271176422,113,32,329,0.06896551724137931,0.008403361344537815,29,119
segments,6,5,0.3274336283185841,0.0972644376899696,0.22313666271176422,113,32,329,0.06896551724137931,0.008403361344537815,29,119
segments,7,5,0.05,0.00911854103343465,0.2620838598448556,80,3,329,0.06896551724137931,0.0,29,119
segments,8,5,0.12903225806451613,0.00911854103343465,0.1916894635949702,31,3,329,0.06896551724137931,0.0,29,119
segments,1,15,0.3274336283185841,0.0972644376899696,0.22313666271176422,113,32,329,0.06896551724137931,0.008403361344537815,29,119
segments,2,15,0.3274336283185841,0.0972644376899696,0.22313666271176422,113,32,329,0.06896551724137931,0.008403361344537815,29,119
segments,3,15,0.3274336283185841,0.0972644376899696,0.22313666271176422,113,32,329,0.06896551724137931,0.008403361344537815,29,119
segments,4,15,0.3274336283185841,0.0972644376899696,0.22313666271176422,113,32,329,0.06896551724137931,0.008403361344537815,29,119
segments,5,15,0.3274336283185841,0.0972644376899696,0.22313666271176422,113,32,329,0.06896551724137931,0.008403361344537815,29,119
segments,6,15,0.3274336283185841,0.0972644376899696,0.22313666271176422,113,32,329,0.06896551724137931,0.008403361344537815,29,119
segments,7,15,0.05,0.00911854103343465,0.2620838598448556,80,3,329,0.06896551724137931,0.0,29,119
segments,8,15,0.12903225806451613,0.00911854103343465,0.1916894635949702,31,3,329,0.06896551724137931,0.0,29,119
segments,1,30,0.3274336283185841,0.0972644376899696,0.22313666271176422,113,32,329,0.06896551724137931,0.008403361344537815,29,119
segments,2,30,0.3274336283185841,0.0972644376899696,0.22313666271176422,113,32,329,0.06896551724137931,0.008403361344537815,29,119
segments,3,30,0.3274336283185841,0.0972644376899696,0.22313666271176422,113,32,329,0.06896551724137931,0.008403361344537815,29,119
segments,4,30,0.3274336283185841,0.0972644376899696,0.22313666271176422,113,32,329,0.06896551724137931,0.008403361344537815,29,119
segments,5,30,0.3274336283185841,0.0972644376899696,0.22313666271176422,113,32,329,0.06896551724137931,0.008403361344537815,29,119
segments,6,30,0.3274336283185841,0.0972644376899696,0.22313666271176422,113,32,329,0.06896551724137931,0.008403361344537815,29,119
segments,7,30,0.05,0.00911854103343465,0.2620838598448556,80,3,329,0.06896551724137931,0.0,29,119
segments,8,30,0.12903225806451613,0.00911854103343465,0.1916894635949702,31,3,329,0.06896551724137931,0.0,29,119
segments,1,60,0.3274336283185841,0.0972644376899696,0.22313666271176422,113,32,329,0.06896551724137931,0.008403361344537815,29,119
segments,2,60,0.3274336283185841,0.0972644376899696,0.22313666271176422,113,32,329,0.06896551724137931,0.008403361344537815,29,119
segments,3,60,0.3274336283185841,0.0972644376899696,0.22313666271176422,113,32,329,0.06896551724137931,0.008403361344537815,29,119
segments,4,60,0.3274336283185841,0.0972644376899696,0.22313666271176422,113,32,329,0.06896551724137931,0.008403361344537815,29,119
segments,5,60,0.3274336283185841,0.0972644376899696,0.22313666271176422,113,32,329,0.06896551724137931,0.008403361344537815,29,119
segments,6,60,0.3274336283185841,0.0972644376899696,0.22313666271176422,113,32,329,0.06896551724137931,0.008403361344537815,29,119
segments,7,60,0.05,0.00911854103343465,0.2620838598448556,80,3,329,0.06896551724137931,0.0,29,119
segments,8,60,0.12903225806451613,0.00911854103343465,0.1916894635949702,31,3,329,0.06896551724137931,0.0,29,119
