start_s,end_s,u,count,dr_delta_deg,gt_delta_deg,estimated_delta_deg,yaw_error_start_deg,yaw_error_end_deg,dr_excess_deg,matching_reasons
6.5,6.7,-0.35,1,-5.9347754218422475,-5.889731235696551,-5.9347754218422475,1.6163753188093035,1.5713311326636072,-0.04504418614569605,{'gmapping_motion_gate': 1}
7.9,9.7,0.35,9,48.32223955420544,53.77441327997411,49.165403745477654,2.206720910598986,-2.402288623897471,-5.452173725768674,"{'gmapping_motion_gate': 8, 'improved_proposal': 1}"
9.9,10.3,-0.35,2,-11.869550843684546,-11.627073889740828,-15.999571605669827,-2.3115341997971712,-6.684031915726171,-0.2424769539437186,"{'gmapping_motion_gate': 1, 'low_overlap': 1}"
10.9,11.1,0.35,1,5.369137728245086,5.730441276436651,5.36913772824506,-6.660569574314595,-7.021873122506185,-0.3613035481915654,{'gmapping_motion_gate': 1}
11.3,12.5,-0.35,6,-35.608652531053515,-35.82308335429719,-32.881147911822275,-6.831003306405508,-3.889067863930595,0.21443082324367424,"{'gmapping_motion_gate': 5, 'improved_proposal': 1}"
12.9,13.1,0.35,1,5.369137728245034,5.989636534992447,5.369137728245034,-4.1901841134222275,-4.810682920169639,-0.6204988067474124,{'gmapping_motion_gate': 1}
13.1,13.3,-0.35,1,-5.9347754218422475,-5.951863493804446,-5.9347754218422475,-4.810682920169639,-4.793594848207441,0.017088071962198192,{'gmapping_motion_gate': 1}
13.3,13.7,0.35,2,10.738275456490095,11.683337979607636,11.310064616699076,-4.793594848207441,-5.166868211116,-0.9450625231175405,"{'gmapping_motion_gate': 1, 'improved_proposal': 1}"
13.7,14.1,-0.35,2,-11.869550843684495,-11.2028193526301,-11.869550843684495,-5.166868211116,-5.833599702170396,-0.6667314910543958,{'gmapping_motion_gate': 2}
14.3,14.7,0.35,2,10.738275456490069,11.622443635456563,10.738275456490095,-5.611783612128062,-6.495951791094529,-0.8841681789664939,{'gmapping_motion_gate': 2}
14.9,15.7,0.35,4,21.476550912980166,24.062490439967963,21.62336458839511,-6.481491176549788,-8.920617028122644,-2.585939526987797,"{'gmapping_motion_gate': 3, 'insufficient_match_points': 1}"
16.1,16.3,0.35,1,5.369137728245086,5.619214749913222,5.369137728245086,-8.95444500703719,-9.204522028705325,-0.25007702166813583,{'gmapping_motion_gate': 1}
21.9,22.1,0.35,1,5.36913772824506,6.452133373917196,5.36913772824506,-9.3705076742167,-10.453503319888837,-1.0829956456721357,{'gmapping_motion_gate': 1}
27.9,28.7,-0.35,4,-23.73910168736902,-24.217496417826332,-21.442369876162836,-11.300478051689577,-8.525351510026082,0.47839473045731395,"{'gmapping_motion_gate': 3, 'insufficient_match_points': 1}"
34.9,35.3,0.35,2,10.738275456490172,11.744871064578778,10.738275456490197,-8.695285005247559,-9.70188061333614,-1.006595608088606,{'gmapping_motion_gate': 2}
35.7,39.9,0.35,21,112.75189229314675,124.97629932547264,108.76738854846012,-9.513533035557222,-25.722443812569733,-12.224407032325885,"{'gmapping_motion_gate': 17, 'insufficient_match_points': 1, 'low_overlap': 2, 'improved_proposal': 1}"
41.1,41.5,0.35,2,10.738275456490172,11.446134487528532,10.738275456490172,-26.193901517771586,-26.901760548809946,-0.7078590310383603,{'gmapping_motion_gate': 2}
43.3,43.7,0.35,2,10.738275456490172,12.119759324670358,10.738275456490172,-26.675615055665567,-28.057098923845754,-1.3814838681801866,{'gmapping_motion_gate': 2}
44.3,44.5,-0.35,1,-5.934775421842273,-5.9220938276014925,-3.466261100535641,-28.59573393755363,-26.13990121048778,-0.012681594240780747,{'low_overlap': 1}
45.3,45.5,0.35,1,5.369137728245086,5.552305524108533,5.369137728245086,-26.07914108379112,-26.26230887965457,-0.18316779586344722,{'gmapping_motion_gate': 1}
50.5,50.7,-0.35,1,-5.934775421842273,-5.737823831573748,-5.934775421842273,-26.07741321357097,-26.274364803839497,-0.19695159026852505,{'gmapping_motion_gate': 1}
50.7,50.9,0.35,1,5.369137728245086,5.735004053876958,5.369137728245086,-26.274364803839497,-26.640231129471367,-0.36586632563187216,{'gmapping_motion_gate': 1}
52.3,52.5,0.35,1,5.369137728245086,5.673178789742617,5.369137728245086,-26.793420136362744,-27.097461197860277,-0.3040410614975313,{'gmapping_motion_gate': 1}
53.3,53.5,0.35,1,5.369137728245086,6.0546074778022145,5.369137728245086,-27.457163045648873,-28.142632795206,-0.6854697495571287,{'gmapping_motion_gate': 1}
53.9,54.1,0.35,1,5.369137728245086,6.3908589842447245,0.5957044985967526,-28.616548848048588,-34.41170333369656,-1.0217212559996387,{'low_overlap': 1}
54.3,56.3,0.35,10,53.69137728245091,59.29226436141943,53.603577271929275,-34.81311749270675,-40.501804582196904,-5.600887078968519,"{'gmapping_motion_gate': 9, 'low_overlap': 1}"
56.3,57.1,-0.35,4,-23.739101687368787,-23.121236080966835,-21.512504178658386,-40.501804582196904,-38.893072679888455,-0.6178656064019528,"{'gmapping_motion_gate': 3, 'high_residual': 1}"
57.1,58.3,0.35,6,32.214826369470515,35.97011935688326,34.51109101608364,-38.893072679888455,-40.35210102068808,-3.7552929874127443,"{'gmapping_motion_gate': 5, 'high_residual': 1}"
58.3,59.3,-0.35,5,-29.673877109210984,-29.440623845266497,-31.120876505454362,-40.35210102068808,-42.03235368087594,-0.2332532639444871,"{'gmapping_motion_gate': 4, 'improved_proposal': 1}"
59.3,62.1,0.35,14,75.16792819543123,83.0883562134381,76.21875624757713,-42.03235368087594,-48.901953646736914,-7.920428018006874,"{'gmapping_motion_gate': 12, 'high_residual': 1, 'low_overlap': 1}"
66.5,66.7,0.35,1,5.369137728245086,6.041176906648917,5.369137728245086,-49.37202909488708,-50.04406827329091,-0.6720391784038311,{'gmapping_motion_gate': 1}
71.9,72.1,-0.35,1,-5.934775421842223,-5.894536306992748,-5.934775421842273,-49.96009517885988,-50.00033429370941,-0.04023911484947451,{'gmapping_motion_gate': 1}
72.3,72.9,-0.35,3,-17.80432626552667,-17.479783448209886,-16.225690616969356,-50.14182419441008,-48.88773136316955,-0.32454281731678236,"{'low_overlap': 1, 'gmapping_motion_gate': 2}"
73.5,73.7,-0.35,1,-5.934775421842223,-5.678557524461988,-5.934775421842171,-48.43306990492896,-48.689287802309146,-0.2562178973802345,{'gmapping_motion_gate': 1}
78.1,78.7,-0.35,3,-17.804326265526615,-17.27954217271696,-21.73394104591999,-49.51183793533338,-53.966236808536415,-0.5247840928096572,"{'gmapping_motion_gate': 2, 'high_residual': 1}"
79.5,79.7,0.35,1,5.369137728245086,5.788556482739283,5.369137728245086,-53.25692990047609,-53.67634865497028,-0.4194187544941972,{'gmapping_motion_gate': 1}
79.7,79.9,-0.35,1,-5.934775421842171,-6.386547054354885,-5.934775421842171,-53.67634865497028,-53.22457702245757,0.4517716325127141,{'gmapping_motion_gate': 1}
80.3,82.7,0.35,12,64.42965273894103,71.49795182170092,67.94141985638831,-52.85922261622427,-56.4157545815369,-7.068299082759893,"{'gmapping_motion_gate': 10, 'improved_proposal': 1, 'high_residual': 1}"
82.7,82.9,-0.35,1,-5.934775421842223,-5.422747108586748,-5.934775421842171,-56.4157545815369,-56.92778289479232,-0.5120283132554748,{'gmapping_motion_gate': 1}
82.9,83.3,0.35,2,10.738275456490172,11.497463000336035,7.75342138716189,-56.92778289479232,-60.67182450796647,-0.7591875438458633,"{'gmapping_motion_gate': 1, 'low_overlap': 1}"
83.3,84.3,-0.35,5,-29.673877109211062,-28.947548084005273,-27.78473651915375,-60.67182450796647,-59.509012943114946,-0.7263290252057892,"{'gmapping_motion_gate': 4, 'improved_proposal': 1}"
84.3,85.1,0.35,4,21.476550912980343,23.128865503941537,21.476550912980343,-59.509012943114946,-61.161327534076136,-1.6523145909611934,{'gmapping_motion_gate': 4}
88.9,89.1,0.35,1,5.369137728245086,6.416105906303535,5.369137728245086,-62.24596322098544,-63.29293139904389,-1.0469681780584494,{'gmapping_motion_gate': 1}
96.7,96.9,0.35,1,5.369137728245086,5.793635170480421,2.4797690180075636,-63.99292148268888,-67.30678763516174,-0.42449744223533514,{'high_residual': 1}
105.5,105.7,0.35,1,5.369137728245086,6.580558325680978,5.369137728245086,-69.65242117885228,-70.86384177628817,-1.2114205974358923,{'gmapping_motion_gate': 1}
106.1,106.3,0.35,1,5.369137728245086,5.675626803205178,5.369137728245086,-71.07947006800295,-71.38595914296305,-0.30648907496009237,{'gmapping_motion_gate': 1}
108.9,109.1,-0.35,1,-5.934775421842171,-5.71574665481766,-5.934775421842273,-72.44698739225454,-72.66601615927915,-0.21902876702451124,{'gmapping_motion_gate': 1}
109.3,109.5,-0.35,1,-5.934775421842171,-5.782781987895882,-5.934775421842171,-73.16293824655273,-73.31493168049901,-0.15199343394628873,{'gmapping_motion_gate': 1}
110.1,110.5,-0.35,2,-11.869550843684394,-11.735501363447103,-10.673063468307845,-73.29994543020334,-72.23750753506408,-0.1340494802372909,"{'improved_proposal': 1, 'gmapping_motion_gate': 1}"
111.1,112.3,-0.35,6,-35.60865253105334,-35.558563765090796,-31.961920230144127,-72.1149430696703,-68.51829953472364,-0.05008876596254197,"{'gmapping_motion_gate': 5, 'improved_proposal': 1}"
112.3,114.7,0.35,12,64.42965273894103,70.9857063405231,64.76233195763909,-68.51829953472364,-74.74167391760764,-6.5560536015820645,"{'gmapping_motion_gate': 10, 'improved_proposal': 2}"
114.7,114.9,-0.35,1,-5.934775421842223,-5.770962751842094,-5.934775421842273,-74.74167391760764,-74.90548658760783,-0.16381267000012834,{'gmapping_motion_gate': 1}
114.9,115.1,0.35,1,5.3691377282451365,6.021957560349015,5.369137728245187,-74.90548658760783,-75.55830641971164,-0.6528198321038783,{'gmapping_motion_gate': 1}
120.9,121.3,0.35,2,10.738275456490172,12.43675644216879,10.763239163376953,-76.14664332068905,-77.82016059948089,-1.6984809856786178,"{'gmapping_motion_gate': 1, 'high_residual': 1}"
122.7,122.9,0.35,1,5.369137728245086,5.540827302363679,5.369137728245086,-77.95719246795865,-78.12888204207725,-0.1716895741185933,{'gmapping_motion_gate': 1}
123.3,124.3,0.35,5,26.84568864122543,29.351230236851464,31.849328344003393,-78.09601219110078,-75.59791408394887,-2.5055415956260347,"{'gmapping_motion_gate': 4, 'low_overlap': 1}"
124.3,125.3,-0.35,5,-29.67387710921101,-29.0958315152837,-29.945148806795043,-75.59791408394887,-76.4472313754602,-0.5780455939273104,"{'gmapping_motion_gate': 4, 'improved_proposal': 1}"
125.3,126.3,0.35,5,26.84568864122548,29.757067578954295,26.84568864122543,-76.4472313754602,-79.35861031318906,-2.9113789377288164,{'gmapping_motion_gate': 5}
127.7,127.9,-0.35,1,-5.934775421842171,-6.377925722238753,-4.619603147965104,-79.58683771252981,-77.82851513825617,0.44315030039658154,{'improved_proposal': 1}
128.3,132.3,-0.35,20,-118.6955084368446,-119.3166571398992,-117.85038105951088,-78.4284220827057,-76.96214600231735,0.621148703054601,"{'gmapping_motion_gate': 16, 'improved_proposal': 2, 'high_residual': 2}"
133.7,133.9,-0.35,1,-5.934775421842223,-5.533107959367255,-5.934775421842171,-76.81651300367767,-77.21818046615259,-0.40166746247496743,{'gmapping_motion_gate': 1}
134.3,134.5,-0.35,1,-5.934775421842197,-5.52146765118034,-5.934775421842273,-77.15276276506967,-77.5660705357316,-0.41330777066185664,{'gmapping_motion_gate': 1}
134.9,135.1,-0.35,1,-5.934775421842197,-6.52412388601505,-5.934775421842171,-77.46012984675184,-76.87078138257895,0.5893484641728532,{'gmapping_motion_gate': 1}
137.3,139.5,-0.35,11,-65.28252964026429,-65.75076681302042,-68.65945182515853,-77.30703701006195,-80.21572202220004,0.4682371727561332,"{'gmapping_motion_gate': 9, 'low_overlap': 1, 'high_residual': 1}"
139.7,139.9,-0.35,1,-5.934775421842273,-6.428045174384812,-4.915963177678243,-80.4853973185482,-78.97331532184162,0.49326975254253913,{'improved_proposal': 1}
140.3,140.7,-0.35,2,-11.869550843684394,-11.551904687922875,-11.869550843684342,-78.88533257142292,-79.20297872718439,-0.3176461557615191,{'gmapping_motion_gate': 2}
141.3,142.5,-0.35,6,-35.60865253105328,-35.559655983277295,-37.44066192810443,-78.51087522401596,-80.3918811688431,-0.04899654777598528,"{'gmapping_motion_gate': 5, 'high_residual': 1}"
143.1,144.3,-0.35,6,-35.60865253105344,-35.58236575933319,-30.430555606533172,-80.39439762305213,-75.2425874702521,-0.026286771720243962,"{'gmapping_motion_gate': 5, 'low_overlap': 1}"
144.3,145.3,0.35,5,26.845688641225326,29.35492179992548,24.398217365258215,-75.2425874702521,-80.19929190491938,-2.5092331587001553,"{'high_residual': 1, 'gmapping_motion_gate': 4}"
145.5,146.5,-0.35,5,-29.673877109211162,-29.38659579795486,-29.9465822530264,-79.97954601952469,-80.53953247459623,-0.28728131125630085,"{'gmapping_motion_gate': 4, 'improved_proposal': 1}"
146.5,147.9,0.35,7,37.583964097715445,41.700349044420115,37.645899684388034,-80.53953247459623,-84.59398183462831,-4.11638494670467,"{'gmapping_motion_gate': 6, 'improved_proposal': 1}"
148.5,149.3,-0.35,4,-23.73910168736894,-23.845819925928293,-24.204294671233576,-84.4793641294291,-84.83783887473439,0.10671823855935259,"{'gmapping_motion_gate': 3, 'improved_proposal': 1}"
149.5,150.3,0.35,4,21.47655091298024,23.825713549179266,20.004332279468784,-84.42412644984088,-88.24550771955137,-2.3491626361990257,"{'gmapping_motion_gate': 3, 'high_residual': 1}"
151.3,152.9,-0.35,8,-47.47820337473788,-48.27170072829949,-46.04515143539669,-88.68755615159235,-86.46100685868953,0.7934973535616123,"{'gmapping_motion_gate': 7, 'low_overlap': 1}"
153.3,154.3,0.35,5,26.845688641225326,29.411373707892352,26.69005185079557,-86.25208509719313,-88.9734069542899,-2.565685066667026,"{'gmapping_motion_gate': 4, 'improved_proposal': 1}"
154.5,154.7,0.35,1,5.369137728245086,5.955284628926205,5.369137728245086,-89.01609144882161,-89.60223834950273,-0.5861469006811193,{'gmapping_motion_gate': 1}
159.3,159.5,-0.35,1,-5.934775421842223,-6.008868430904993,-5.934775421842171,-91.1926462276348,-91.11855321857198,0.0740930090627705,{'gmapping_motion_gate': 1}
161.3,161.9,-0.35,3,-17.80432626552672,-17.43788565182007,-14.827475196646683,-91.25583315604682,-88.64542270087344,-0.36644061370664716,"{'gmapping_motion_gate': 2, 'improved_proposal': 1}"
162.3,162.5,-0.35,1,-5.934775421842223,-5.4857360614218535,-5.934775421842171,-88.39379607803244,-88.84283543845275,-0.44903936042036907,{'gmapping_motion_gate': 1}
162.9,163.1,0.35,1,5.369137728245086,6.011014334865561,5.369137728245086,-88.75376039133208,-89.39563699795255,-0.6418766066204755,{'gmapping_motion_gate': 1}
163.1,163.3,-0.35,1,-5.934775421842273,-5.556034490692315,-5.934775421842273,-89.39563699795255,-89.77437792910251,-0.37874093114995855,{'gmapping_motion_gate': 1}
163.3,163.5,0.35,1,5.369137728245086,5.652998860942058,5.369137728245086,-89.77437792910251,-90.05823906179948,-0.28386113269697244,{'gmapping_motion_gate': 1}
163.9,164.1,0.35,1,5.369137728245086,6.149152700518166,6.424852315674232,-90.49640130514493,-90.22070168998886,-0.7800149722730803,{'improved_proposal': 1}
164.5,164.7,0.35,1,5.369137728245086,6.03674670942495,5.369137728245086,-90.04189274452764,-90.70950172570751,-0.667608981179864,{'gmapping_motion_gate': 1}
169.1,169.3,0.35,1,5.369137728245034,5.813509133386868,5.369137728245086,-91.32638011745627,-91.77075152259805,-0.44437140514183326,{'gmapping_motion_gate': 1}
171.3,172.1,-0.35,4,-23.73910168736894,-23.604241712189456,-26.564108563536312,-91.85373676443517,-94.81360361578203,-0.13485997517948434,"{'gmapping_motion_gate': 3, 'improved_proposal': 1}"
172.3,172.5,-0.35,1,-5.934775421842197,-5.703079345605472,-5.934775421842171,-94.88820447409091,-95.11990055032761,-0.23169607623672483,{'gmapping_motion_gate': 1}
172.9,173.1,-0.35,1,-5.934775421842223,-5.81449722925081,-5.934775421842223,-94.91897268286357,-95.03925087545498,-0.12027819259141292,{'gmapping_motion_gate': 1}
173.3,173.5,0.35,1,5.36913772824506,5.897122560987923,5.369137728245086,-95.0609245658315,-95.58890939857433,-0.5279848327428631,{'gmapping_motion_gate': 1}
173.7,173.9,0.35,1,5.369137728245034,5.835926706887861,5.369137728244984,-95.80502224863689,-96.27181122727977,-0.46678897864282654,{'gmapping_motion_gate': 1}
174.5,174.7,0.35,1,5.369137728245086,6.196919900467015,5.369137728245086,-89.49347839037736,-90.32126056259928,-0.8277821722219292,{'gmapping_motion_gate': 1}
176.7,176.9,0.35,1,5.369137728245034,6.017123955721956,5.369137728245086,-91.17815491864359,-91.82614114612045,-0.6479862274769213,{'gmapping_motion_gate': 1}
177.7,177.9,0.35,1,5.369137728245034,5.911518878225075,5.369137728244984,-91.83378735705952,-92.37616850703962,-0.5423811499800406,{'gmapping_motion_gate': 1}
178.3,178.5,0.35,1,5.369137728245086,5.958191251855691,5.369137728245086,-92.63762933401763,-93.22668285762823,-0.5890535236106054,{'gmapping_motion_gate': 1}
179.3,179.5,0.35,1,5.369137728245086,6.049742410644904,5.369137728245086,-93.60078063070573,-94.28138531310555,-0.6806046823998182,{'gmapping_motion_gate': 1}
180.5,180.9,0.35,2,10.73827545649012,11.785674675230256,8.18198501688176,-94.60429389911927,-98.20798355746777,-1.0473992187401358,"{'improved_proposal': 1, 'gmapping_motion_gate': 1}"
