cohort,leg,axial_mm_n,axial_mm_mean,axial_mm_sd,axial_mm_min,axial_mm_max,axial_mm_abs_p50,axial_mm_abs_p90,axial_mm_abs_p95,axial_mm_abs_max,axial_mm_excess_kurtosis,lateral_mm_n,lateral_mm_mean,lateral_mm_sd,lateral_mm_min,lateral_mm_max,lateral_mm_abs_p50,lateral_mm_abs_p90,lateral_mm_abs_p95,lateral_mm_abs_max,lateral_mm_excess_kurtosis,yaw_end_deg_n,yaw_end_deg_mean,yaw_end_deg_sd,yaw_end_deg_min,yaw_end_deg_max,yaw_end_deg_abs_p50,yaw_end_deg_abs_p90,yaw_end_deg_abs_p95,yaw_end_deg_abs_max,yaw_end_deg_excess_kurtosis
b-v6h-gain-07ac319f-smoke,0,5,-24.6662593,33.4754774,-65.2438806,11.1860124,11.1860124,65.2387754,65.241328,65.2438806,-1.7900654,5,-20.6797495,22.1095073,-43.1323289,17.641796,17.9393529,42.6966824,42.9145056,43.1323289,-0.8078221,5,-1.7583346,0.5453007,-2.1244082,-0.6821474,1.9578599,2.1242913,2.1243497,2.1244082,0.1198444
b-v6h-gain-07ac319f-smoke,1,5,22.4824938,33.3712055,-17.9662484,58.2880688,44.9863972,52.9924795,55.6402742,58.2880688,-1.7893098,5,-37.6250847,22.5101392,-50.2155415,7.3548076,48.8346454,49.8025,50.0090208,50.2155415,0.2409836,5,-1.3991647,0.5244222,-1.9840741,-0.5938781,1.247713,1.9774263,1.9807502,1.9840741,-1.2973686
b-v6h-gain-5bfd95f0-tR,0,20,-1.0189382,15.0083932,-11.1600777,21.9555096,11.0774264,21.9272267,21.9527144,21.9555096,-1.2382498,20,-15.2495283,32.3678387,-67.3478645,8.2001906,7.6025972,65.1455905,66.6101766,67.3478645,-1.2305725,20,0.7365902,1.7275387,-2.1347541,2.0752603,1.8899196,2.0763876,2.0889442,2.1347541,-1.2211367
b-v6h-gain-5bfd95f0-tR,1,20,5.1402225,15.0204335,-5.4069125,28.2104091,5.1013798,28.0927007,28.1353891,28.2104091,-1.239405,20,4.7371684,41.0162161,-61.5617909,39.4980487,34.544645,61.027783,61.2993688,61.5617909,-1.2169062,20,0.8942583,1.3650435,-1.3485754,2.1329014,1.6403984,1.9553109,2.0704147,2.1329014,-1.2133753
b-v6h-gain-5bfd95f0-tS,0,24,-11.3585766,29.8654225,-55.8359499,23.6649491,23.5138371,52.8308516,55.3387384,55.8359499,-1.6222795,24,-3.3176393,28.3665127,-52.9740446,25.8544462,23.1444993,46.7034588,51.6008054,52.9740446,-1.2463667,24,-0.4663246,1.4968536,-3.7191504,2.5506052,1.0727808,2.5447903,3.5177561,3.7191504,0.3908331
b-v6h-gain-5bfd95f0-tS,1,24,-4.8021445,29.8655894,-49.5770119,30.0199482,29.7533127,46.0333163,48.689368,49.5770119,-1.6227948,24,-10.5765724,33.7445946,-65.6969307,42.3511207,22.8871764,62.6542447,65.2834543,65.6969307,-1.1213772,24,-0.4886579,0.9726899,-1.9420412,1.7518619,0.9902689,1.6400201,1.735396,1.9420412,-0.4291732
b-v6h-gain-5bfd95f0-tX0,0,13,23.3721006,34.0075859,-28.5295606,57.0517194,44.2841312,56.0241091,57.0503048,57.0517194,-1.3955925,13,-25.6592552,27.2925155,-50.180808,29.9124125,39.1199713,49.5843253,49.9055167,50.180808,-1.0210887,13,-1.4990052,1.4214103,-3.3239335,2.3882612,2.0043695,3.1352997,3.322809,3.3239335,1.7654622
b-v6h-gain-5bfd95f0-tX0,1,13,70.7823024,33.886331,18.8587049,104.4107124,92.5351385,103.2283458,104.3661548,104.4107124,-1.3938794,13,-38.5941501,29.2967498,-68.0619857,22.5256959,53.4800028,67.444818,67.8036426,68.0619857,-0.9484194,13,-1.1718662,0.7389701,-2.2773239,0.5000687,1.1585837,2.1213986,2.219531,2.2773239,-0.1542291
b-v6h-gain-5bfd95f0-tX1b,0,2,8.7446654,0.0020604,8.742605,8.7467259,8.7446654,8.7463138,8.7465198,8.7467259,-2.0,2,-48.2579887,0.1648674,-48.4228561,-48.0931213,48.2579887,48.3898827,48.4063694,48.4228561,-2.0,2,-2.2394035,0.0191504,-2.2585539,-2.2202531,2.2394035,2.2547238,2.2566388,2.2585539,-2.0
b-v6h-gain-5bfd95f0-tX1b,1,2,14.7777322,0.0388361,14.7388961,14.8165684,14.7777322,14.8088011,14.8126848,14.8165684,-2.0,2,-59.9918144,0.6519866,-60.643801,-59.3398278,59.9918144,60.5134037,60.5786023,60.643801,-2.0,2,-1.6865291,0.0589393,-1.7454684,-1.6275898,1.6865291,1.7336805,1.7395745,1.7454684,-2.0
b-v6h-gain-64abed88-rA,0,20,17.3949382,19.6887937,4.1837208,47.523283,4.6475316,47.4952703,47.519036,47.523283,-1.2381854,20,-15.448665,33.3606809,-69.1705,8.7202348,8.1211236,66.8321147,68.412396,69.1705,-1.2305238,20,0.7833145,1.7523996,-2.1253376,2.1375185,1.9537678,2.125702,2.1294086,2.1375185,-1.2224871
b-v6h-gain-64abed88-rA,1,20,64.4424405,19.7443774,50.7856885,95.1039262,51.6366449,94.6119565,94.6626622,95.1039262,-1.2384734,20,12.0918965,37.3000945,-50.4682556,42.6191578,39.6451633,46.4757797,49.1522842,50.4682556,-1.2117585,20,1.1959946,1.1531509,-0.8233395,2.1964172,1.7864879,2.124975,2.1864808,2.1964172,-1.1539501
b-v6h-gain-64abed88-rB,0,20,17.3949382,19.6887937,4.1837208,47.523283,4.6475316,47.4952703,47.519036,47.523283,-1.2381854,20,-15.448665,33.3606809,-69.1705,8.7202348,8.1211236,66.8321147,68.412396,69.1705,-1.2305238,20,0.7833145,1.7523996,-2.1253376,2.1375185,1.9537678,2.125702,2.1294086,2.1375185,-1.2224871
b-v6h-gain-64abed88-rB,1,20,64.4914102,19.7329509,50.8804457,94.7839362,51.7128827,94.6783972,94.6949236,94.7839362,-1.2388877,20,6.8224596,42.7687872,-61.0697564,42.5353714,38.7970229,58.6657491,59.8222333,61.0697564,-1.2473361,20,0.9713722,1.3709474,-1.2541753,2.1919521,1.7107099,2.0631037,2.1573757,2.1919521,-1.2466597
b-v6h-gain-69c2a99a-cA,0,24,-25.1840152,21.6345569,-65.2438806,11.1860124,31.7334388,47.9082058,62.6344012,65.2438806,-0.9272795,24,-8.2043866,22.5238899,-43.1323289,18.3957628,17.3453992,36.7769107,41.3130102,43.1323289,-1.6387125,24,-1.1017479,1.0255904,-2.640467,0.9118703,1.2081506,2.1243205,2.5605096,2.640467,-0.8548227
b-v6h-gain-69c2a99a-cA,1,24,22.1710198,21.6121695,-17.8992694,58.3816032,16.6425198,45.2592543,56.3161186,58.3816032,-0.9376526,24,-20.051641,21.0986958,-52.4024466,12.8992607,19.3776779,46.3498745,51.0434732,52.4024466,-1.2829185,24,-0.8708331,0.7995233,-1.8757839,0.4342676,0.6460844,1.8521653,1.8664801,1.8757839,-1.3837874
b-v6h-gain-69c2a99a-cB,0,24,-25.1840152,21.6345569,-65.2438806,11.1860124,31.7334388,47.9082058,62.6344012,65.2438806,-0.9272795,24,-8.2043866,22.5238899,-43.1323289,18.3957628,17.3453992,36.7769107,41.3130102,43.1323289,-1.6387125,24,-1.1017479,1.0255904,-2.640467,0.9118703,1.2081506,2.1243205,2.5605096,2.640467,-0.8548227
b-v6h-gain-69c2a99a-cB,1,24,22.1176376,21.5878061,-17.9662484,58.2955135,16.6587013,45.030286,56.3022228,58.2955135,-0.9257756,24,-23.2862723,22.4885545,-59.5431543,8.8162969,19.6109305,49.9057604,55.4245623,59.5431543,-1.4195896,24,-1.0104178,0.785979,-2.1610514,0.4124856,0.9614342,1.9790882,2.0182702,2.1610514,-1.1837962
b-v6h-gain-69c2a99a-cC,0,24,-25.1840152,21.6345569,-65.2438806,11.1860124,31.7334388,47.9082058,62.6344012,65.2438806,-0.9272795,24,-8.2043866,22.5238899,-43.1323289,18.3957628,17.3453992,36.7769107,41.3130102,43.1323289,-1.6387125,24,-1.1017479,1.0255904,-2.640467,0.9118703,1.2081506,2.1243205,2.5605096,2.640467,-0.8548227
b-v6h-gain-69c2a99a-cC,1,5,20.3886679,19.9407562,-1.0986654,58.2880688,14.7320751,41.1218647,49.7049667,58.2880688,-0.1171721,5,-7.8571551,12.007495,-23.2459684,7.3548076,10.2795979,20.9836007,22.1147846,23.2459684,-1.6360632,5,-1.2352013,0.5559353,-1.8802209,-0.5707001,1.3951903,1.8225394,1.8513802,1.8802209,-1.742046
b-v6h-gain-69c2a99a-cD,0,22,-26.4227226,22.185393,-65.2438806,11.1860124,32.0538655,47.9158517,64.3655455,65.2438806,-0.9714649,22,-5.631023,21.7701554,-43.1323289,18.3957628,17.0462696,35.6279952,41.7286342,43.1323289,-1.4507129,22,-1.1594776,1.0523421,-2.640467,0.9118703,1.5094201,2.1243789,2.6118156,2.640467,-0.7975514
b-v6h-gain-69c2a99a-cD,1,1,14.7320751,0.0,14.7320751,14.7320751,14.7320751,14.7320751,14.7320751,14.7320751,,1,-10.2795979,0.0,-10.2795979,-10.2795979,10.2795979,10.2795979,10.2795979,10.2795979,,1,-1.3951903,0.0,-1.3951903,-1.3951903,1.3951903,1.3951903,1.3951903,1.3951903,
b-v6h-gain-69c2a99a-cF,0,14,-24.6372763,25.3044511,-65.2438806,11.1860124,31.4161051,60.0376848,65.2355847,65.2438806,-1.2314856,14,-4.147474,20.6200658,-43.1323289,18.3957628,17.0462696,34.9489776,42.4244032,43.1323289,-0.9005299,14,-1.3759715,0.8462329,-2.1244082,0.3886895,1.8174022,2.0776971,2.1242182,2.1244082,-0.0793624
b-v6h-gain-b95d2016-sA,0,24,4.859382,33.192918,-47.7106283,48.9309615,25.331981,47.7071054,48.7153825,48.9309615,-1.4651417,24,-3.4581272,28.7877074,-54.6441384,26.019221,23.8669519,47.1101574,53.0702247,54.6441384,-1.2216097,24,-0.4661583,1.496735,-3.7185637,2.5507694,1.0725822,2.5449597,3.5172825,3.7185637,0.390865
b-v6h-gain-b95d2016-sA,1,24,52.3761951,33.2413825,-0.1466568,96.4414994,65.1106196,94.3619017,96.0223845,96.4414994,-1.4614295,24,-7.6046723,31.96652,-63.5995297,39.2320082,27.4223676,53.7279125,57.6603128,63.5995297,-1.1267893,24,-0.3419161,0.8943614,-1.4831853,1.5403775,0.9899974,1.3850719,1.4761424,1.5403775,-0.7951476
b-v6h-gain-b95d2016-sB,0,24,4.859382,33.192918,-47.7106283,48.9309615,25.331981,47.7071054,48.7153825,48.9309615,-1.4651417,24,-3.4581272,28.7877074,-54.6441384,26.019221,23.8669519,47.1101574,53.0702247,54.6441384,-1.2216097,24,-0.4661583,1.496735,-3.7185637,2.5507694,1.0725822,2.5449597,3.5172825,3.7185637,0.390865
b-v6h-gain-b95d2016-sB,1,24,52.4040876,33.1691863,0.0025661,96.3419808,65.1604361,94.4756145,95.916643,96.3419808,-1.461972,24,-11.6327943,32.9334744,-68.5269714,36.0030877,20.8605697,65.3484003,66.7584675,68.5269714,-1.0726438,24,-0.5129207,0.8829085,-1.9293423,1.0367989,0.9076292,1.6150295,1.7593107,1.9293423,-0.9751588
b-v6h-gain-f5d83fdb-tX1,0,12,2.8086299,31.0927826,-43.9008176,31.4747442,28.8954396,43.2587812,43.8938944,43.9008176,-1.4678149,12,-16.8311501,29.1539283,-49.2613264,28.8553113,33.231277,48.549321,49.0170583,49.2613264,-1.4984252,12,-1.0575326,1.7661403,-3.3243014,2.3882206,1.9806359,3.2289915,3.3232614,3.3243014,-0.1990218
b-v6h-gain-f5d83fdb-tX1,1,12,9.2948078,30.9771594,-37.4933382,37.697855,31.383886,37.4917938,37.5853708,37.697855,-1.4633243,12,-31.3732008,31.6436073,-72.8859983,18.4571963,29.892891,71.0880826,72.1829172,72.8859983,-1.4409602,12,-1.0709909,0.8866364,-2.6220735,0.4055295,0.9162706,2.3196501,2.4704548,2.6220735,-0.8018358
door-relax-envelope-4194d34c-posAdv2L,1,4,-732.0442005,1.532056,-733.7266699,-729.9324702,732.258831,733.5868085,733.6567392,733.7266699,-1.6172937,4,-261.5154808,8.8377119,-271.4431724,-249.5835514,262.5175996,270.533747,270.9884597,271.4431724,-1.6550941,4,-4.0608253,0.97988,-5.3827906,-2.9582853,3.9511126,5.1492539,5.2660222,5.3827906,-1.6555678
door-relax-envelope-4194d34c-posAdv2R,1,4,-731.7217983,1.5518641,-733.8243649,-729.9848998,731.5389642,733.4482445,733.6363047,733.8243649,-1.6491255,4,258.0499122,8.8310064,248.3573228,270.2633409,256.7894925,267.9400483,269.1016946,270.2633409,-1.6080416,4,4.4680177,0.978481,3.1157623,5.5440982,4.6061051,5.4530313,5.4985648,5.5440982,-1.6086863
door-relax-envelope-4194d34c-posAdvM,1,3,-215.1445109,362.0981667,-727.228565,41.1516834,41.1516834,590.0131887,658.6208769,727.228565,-1.5,3,-178.159391,41.3042998,-236.5713105,-148.6316854,149.2751772,219.1120838,227.8416971,236.5713105,-1.5,3,-1.9920409,3.4238215,-6.8166881,0.7751274,0.7751274,5.608376,6.212532,6.8166881,-1.5
door-relax-envelope-77fde5f6-chK1gP2,0,20,17.4001009,19.6882495,4.1986275,47.5294092,4.6444683,47.5042695,47.5193423,47.5294092,-1.2381853,20,-15.4446266,33.3062457,-69.1705,8.593386,8.1267291,66.8256885,68.3513466,69.1705,-1.2298256,20,0.7882802,1.7460425,-2.1253376,2.1299034,1.9543924,2.125702,2.1290278,2.1299034,-1.2213733
door-relax-envelope-77fde5f6-chK1gP2,1,20,64.4378094,19.6866659,50.7856885,94.6122809,51.6736173,94.5811658,94.6090719,94.6122809,-1.2388334,20,10.974921,38.1108219,-55.1973812,42.4700051,39.1901739,49.1442111,49.9700316,55.1973812,-1.1930358,20,1.1642643,1.1641444,-0.9766386,2.2027251,1.771869,2.0844588,2.1867962,2.2027251,-1.1031229
door-relax-envelope-ac87cec8-posCtl,1,3,41.5207174,0.3880169,40.9720832,41.8043112,41.7857578,41.8006005,41.8024559,41.8043112,-1.5,3,-36.8014898,118.4209747,-139.7472563,129.0694604,129.0694604,137.6116971,138.6794767,139.7472563,-1.5,3,0.0084474,0.0043643,0.0023126,0.0121009,0.0109287,0.0118665,0.0119837,0.0121009,-1.5
door-relax-envelope-ac87cec8-smokeBase,0,1,4.3206881,0.0,4.3206881,4.3206881,4.3206881,4.3206881,4.3206881,4.3206881,,1,7.1586772,0.0,7.1586772,7.1586772,7.1586772,7.1586772,7.1586772,7.1586772,,1,2.0258214,0.0,2.0258214,2.0258214,2.0258214,2.0258214,2.0258214,2.0258214,
door-relax-envelope-ac87cec8-smokeChain,0,2,25.8576769,21.5369888,4.3206881,47.3946657,25.8576769,43.087268,45.2409669,47.3946657,-2.0,2,-31.0059114,38.1645886,-69.1705,7.1586772,38.1645886,62.9693177,66.0699089,69.1705,-2.0,2,-0.0497581,2.0755795,-2.1253376,2.0258214,2.0755795,2.115386,2.1203618,2.1253376,-2.0
door-relax-envelope-c955e513-posAdv,1,3,40.9887547,1.0015488,39.8745511,42.3031958,40.7885171,42.0002601,42.1517279,42.3031958,-1.5,3,138.2124141,4.3077119,133.7701723,144.0438589,136.8232111,142.5997293,143.3217941,144.0438589,-1.5,3,-1.5696117,1.3743364,-3.5112453,-0.5230005,0.6745891,2.9439141,3.2275797,3.5112453,-1.5
door-relax-envelope-fdd35cee-biasHBase,1,1,41.1596886,0.0,41.1596886,41.1596886,41.1596886,41.1596886,41.1596886,41.1596886,,1,2.1723876,0.0,2.1723876,2.1723876,2.1723876,2.1723876,2.1723876,2.1723876,,1,0.1982766,0.0,0.1982766,0.1982766,0.1982766,0.1982766,0.1982766,0.1982766,
door-relax-envelope-fdd35cee-biasHK1g,1,4,41.3943547,0.5757924,40.8110721,42.3493788,41.2084838,42.0217489,42.1855639,42.3493788,-0.8369803,4,-7.8587747,15.4495779,-33.9830704,4.7791052,4.5913133,25.2218809,29.6024756,33.9830704,-0.7991446,4,-0.3205046,0.8812726,-1.7893459,0.4926305,0.3454536,1.4003313,1.5948386,1.7893459,-0.8593424
door-relax-envelope-fdd35cee-biasYBase,1,3,41.5532116,0.5307613,41.1516834,42.3031958,41.2047557,42.0835078,42.1933518,42.3031958,-1.5,3,11.0272063,119.3205475,-149.2751772,136.8232111,136.8232111,146.784784,148.0299806,149.2751772,-1.5,3,0.4456372,0.9835602,-0.5230005,1.7944742,0.5230005,1.5401795,1.6673268,1.7944742,-1.5
door-relax-envelope-fdd35cee-biasYK1g,1,11,-28.8503226,220.8474397,-727.228565,42.3031958,41.1516834,42.3031958,384.7658804,727.228565,6.0998648,11,-8.9501657,133.4969177,-236.5713105,144.0438589,133.7701723,149.2751772,192.9232438,236.5713105,-1.4845153,11,-1.2996501,2.5678375,-6.8166881,2.5640731,2.5565404,3.5112453,5.1639667,6.8166881,-0.2865321
door-relax-envelope-fdd35cee-chBase,0,4,4.5535979,0.1350131,4.3206881,4.6481242,4.6227897,4.6431816,4.6456529,4.6481242,-0.6879913,4,6.4441195,1.8482726,3.5149759,8.5814066,6.8400478,8.1545878,8.3679972,8.5814066,-0.9703688,4,1.9370021,0.1570808,1.7113723,2.1289817,1.9538272,2.0980337,2.1135077,2.1289817,-1.3486287
door-relax-envelope-fdd35cee-chK0g,0,10,17.4081858,19.6756797,4.2157362,47.5188125,4.6398866,47.4764707,47.4976416,47.5188125,-1.2381702,10,-15.611133,33.5109343,-69.1705,8.5814066,8.014066,66.9119152,68.0412076,69.1705,-1.2303455,10,0.7743097,1.7643297,-2.1253376,2.1289817,1.9538272,2.125702,2.1273419,2.1289817,-1.2242476
door-relax-envelope-fdd35cee-chK0gP1,0,10,17.4081858,19.6756797,4.2157362,47.5188125,4.6398866,47.4764707,47.4976416,47.5188125,-1.2381702,10,-15.611133,33.5109343,-69.1705,8.5814066,8.014066,66.9119152,68.0412076,69.1705,-1.2303455,10,0.7743097,1.7643297,-2.1253376,2.1289817,1.9538272,2.125702,2.1273419,2.1289817,-1.2242476
door-relax-envelope-fdd35cee-chK0gP1,1,10,64.4083323,19.6928899,50.7856885,94.608903,51.6366449,94.5181585,94.5635308,94.608903,-1.2388824,10,12.1672418,36.6177829,-49.0830226,42.4290224,39.3238494,43.0944224,46.0887225,49.0830226,-1.213697,10,1.2166811,1.0969686,-0.7582273,2.1859578,1.7782209,2.0844588,2.1352083,2.1859578,-1.1173295
door-relax-envelope-fdd35cee-chK1P1,0,10,17.4081858,19.6756797,4.2157362,47.5188125,4.6398866,47.4764707,47.4976416,47.5188125,-1.2381702,10,-15.611133,33.5109343,-69.1705,8.5814066,8.014066,66.9119152,68.0412076,69.1705,-1.2303455,10,0.7743097,1.7643297,-2.1253376,2.1289817,1.9538272,2.125702,2.1273419,2.1289817,-1.2242476
door-relax-envelope-fdd35cee-chK1P1,1,5,60.2797115,17.0284743,51.3394273,94.3127465,51.3912741,77.7902516,86.0514991,94.3127465,0.2428546,5,18.9111641,34.4173903,-49.0830226,40.1811658,39.7436788,45.5222799,47.3026512,49.0830226,0.1221661,5,1.38714,1.0925465,-0.7582273,2.0731812,2.040625,2.0670044,2.0700928,2.0731812,0.0586871
door-relax-envelope-fdd35cee-chK1g,0,20,17.4001009,19.6882495,4.1986275,47.5294092,4.6444683,47.5042695,47.5193423,47.5294092,-1.2381853,20,-15.4446266,33.3062457,-69.1705,8.593386,8.1267291,66.8256885,68.3513466,69.1705,-1.2298256,20,0.7882802,1.7460425,-2.1253376,2.1299034,1.9543924,2.125702,2.1290278,2.1299034,-1.2213733
door-relax-envelope-fdd35cee-chK1gP1,0,20,17.4001009,19.6882495,4.1986275,47.5294092,4.6444683,47.5042695,47.5193423,47.5294092,-1.2381853,20,-15.4446266,33.3062457,-69.1705,8.593386,8.1267291,66.8256885,68.3513466,69.1705,-1.2298256,20,0.7882802,1.7460425,-2.1253376,2.1299034,1.9543924,2.125702,2.1290278,2.1299034,-1.2213733
door-relax-envelope-fdd35cee-chK1gP1,1,20,64.4378094,19.6866659,50.7856885,94.6122809,51.6736173,94.5811658,94.6090719,94.6122809,-1.2388334,20,10.974921,38.1108219,-55.1973812,42.4700051,39.1901739,49.1442111,49.9700316,55.1973812,-1.1930358,20,1.1642643,1.1641444,-0.9766386,2.2027251,1.771869,2.0844588,2.1867962,2.2027251,-1.1031229
door-relax-envelope-fdd35cee-envBaseL0,0,3,8.7664398,0.690466,7.7931904,9.3216511,9.1844779,9.2942164,9.3079338,9.3216511,-1.5,3,0.3292519,15.8009816,-21.8659844,13.670783,13.670783,20.2269441,21.0464643,21.8659844,-1.5,3,-0.3501072,0.2077283,-0.630073,-0.1330468,0.2872019,0.5614988,0.5957859,0.630073,-1.5
door-relax-envelope-fdd35cee-envBaseL1,1,2,41.0559197,0.5872537,40.468666,41.6431734,41.0559197,41.5257227,41.5844481,41.6431734,-2.0,2,-23.9203123,19.6836606,-43.6039729,-4.2366516,23.9203123,39.6672408,41.6356068,43.6039729,-2.0,2,-1.2484298,0.2996206,-1.5480504,-0.9488092,1.2484298,1.4881263,1.5180884,1.5480504,-2.0
door-relax-envelope-fdd35cee-envK1gL0,0,11,8.474806,1.599614,5.0801648,11.4854003,8.4015488,10.3066073,10.8960038,11.4854003,0.2160737,11,-13.6544657,24.4678001,-62.1284517,13.670783,16.1152932,38.4481779,50.2883148,62.1284517,-1.0049644,11,-0.6850067,1.0972616,-2.7046013,1.6493112,0.7076254,2.2750273,2.4898143,2.7046013,0.3345483
door-relax-envelope-fdd35cee-envK1gL1,1,19,42.2372023,1.2973816,39.8440096,44.6523889,41.987941,44.1317014,44.2423172,44.6523889,-0.78973,19,-11.3049791,24.0377292,-44.8031865,22.061034,18.7111198,42.1753972,43.7238942,44.8031865,-1.6167632,19,-0.6371247,0.9525953,-2.5968861,1.4822033,0.8640923,1.696415,2.3205745,2.5968861,0.3259768
pair-stage-probes-1b776a34-dAdv,0,10,20.2474996,19.6748046,7.0545414,50.3571433,7.4800334,50.3148166,50.33598,50.3571433,-1.2381706,10,-15.6121577,33.6362333,-69.3731054,8.6750554,8.1073582,67.0996492,68.2363773,69.3731054,-1.2303687,10,0.7821334,1.7685625,-2.1238569,2.1392857,1.9646283,2.1253998,2.1323428,2.1392857,-1.2244703
pair-stage-probes-1b776a34-dAdv,1,10,48.9818806,14.0078345,39.3947494,70.4542715,40.0754107,70.3951527,70.4247121,70.4542715,-1.2385818,10,-9.9594,46.2263046,-83.5408201,24.2473276,24.2237548,80.3127141,81.9267671,83.5408201,-1.235665,10,1.8531705,2.3150837,-1.8343416,3.7461165,3.1081953,3.7457704,3.7459435,3.7461165,-1.2503753
pair-stage-probes-1b776a34-dBase,0,4,7.3935991,0.1353822,7.1600006,7.4876239,7.4633859,7.4830696,7.4853467,7.4876239,-0.686934,4,6.5241881,1.8587385,3.5794831,8.6750554,6.9211069,8.245392,8.4602237,8.6750554,-0.9713308,4,1.9473769,0.1575383,1.7209652,2.1392857,1.9646283,2.1087152,2.1240005,2.1392857,-1.3524145
pair-stage-probes-1b776a34-dBase,1,2,40.3064849,0.2121473,40.0943376,40.5186322,40.3064849,40.4762027,40.4974175,40.5186322,-2.0,2,15.6155046,2.8469982,12.7685064,18.4625028,15.6155046,17.8931032,18.177803,18.4625028,-2.0,2,2.9228739,0.2710493,2.6518245,3.1939232,2.9228739,3.1397133,3.1668183,3.1939232,-2.0
pair-stage-probes-1b776a34-dK0,0,10,20.2474996,19.6748046,7.0545414,50.3571433,7.4800334,50.3148166,50.33598,50.3571433,-1.2381706,10,-15.6121577,33.6362333,-69.3731054,8.6750554,8.1073582,67.0996492,68.2363773,69.3731054,-1.2303687,10,0.7821334,1.7685625,-2.1238569,2.1392857,1.9646283,2.1253998,2.1323428,2.1392857,-1.2244703
pair-stage-probes-1b776a34-dK0,1,5,46.1910854,12.1336256,39.8317019,70.4542715,40.0943376,58.4800158,64.4671437,70.4542715,0.2483176,5,-1.317288,38.2640586,-77.4666521,24.2039017,18.4625028,56.1615519,66.814102,77.4666521,0.2020179,5,2.1748104,1.8830151,-1.5463375,3.5521743,3.0224673,3.4088739,3.4805241,3.5521743,0.1336099
pair-stage-probes-1b776a34-dK0g,0,10,20.2474996,19.6748046,7.0545414,50.3571433,7.4800334,50.3148166,50.33598,50.3571433,-1.2381706,10,-15.6121577,33.6362333,-69.3731054,8.6750554,8.1073582,67.0996492,68.2363773,69.3731054,-1.2303687,10,0.7821334,1.7685625,-2.1238569,2.1392857,1.9646283,2.1253998,2.1323428,2.1392857,-1.2244703
pair-stage-probes-1b776a34-dK0g,1,10,48.9818806,14.0078345,39.3947494,70.4542715,40.0754107,70.3951527,70.4247121,70.4542715,-1.2385818,10,-9.9594,46.2263046,-83.5408201,24.2473276,24.2237548,80.3127141,81.9267671,83.5408201,-1.235665,10,1.8531705,2.3150837,-1.8343416,3.7461165,3.1081953,3.7457704,3.7459435,3.7461165,-1.2503753
pair-stage-probes-1b776a34-dK1,0,10,20.2474996,19.6748046,7.0545414,50.3571433,7.4800334,50.3148166,50.33598,50.3571433,-1.2381706,10,-15.6121577,33.6362333,-69.3731054,8.6750554,8.1073582,67.0996492,68.2363773,69.3731054,-1.2303687,10,0.7821334,1.7685625,-2.1238569,2.1392857,1.9646283,2.1253998,2.1323428,2.1392857,-1.2244703
pair-stage-probes-1b776a34-dK1,1,5,46.1910854,12.1336256,39.8317019,70.4542715,40.0943376,58.4800158,64.4671437,70.4542715,0.2483176,5,-1.317288,38.2640586,-77.4666521,24.2039017,18.4625028,56.1615519,66.814102,77.4666521,0.2020179,5,2.1748104,1.8830151,-1.5463375,3.5521743,3.0224673,3.4088739,3.4805241,3.5521743,0.1336099
pair-stage-probes-1b776a34-dsmokeK0,0,3,21.5179386,20.3038239,7.1600006,50.2318817,7.1619336,41.6178921,45.9248869,50.2318817,-1.5,3,-18.0413401,36.2983773,-69.3731054,8.006241,8.006241,57.0997325,63.2364189,69.3731054,-1.5,3,0.6707632,1.9762537,-2.1238569,2.0987625,2.0987625,2.1188381,2.1213475,2.1238569,-1.5
pair-stage-probes-1b776a34-nBase,2,2,49.4300198,15.6674494,33.7625703,65.0974692,49.4300198,61.9639793,63.5307242,65.0974692,-2.0,2,-23.8665512,36.5309635,-60.3975147,12.6644122,36.5309635,55.6242045,58.0108596,60.3975147,-2.0,2,1.0642229,1.7254673,-0.6612444,2.7896902,1.7254673,2.5768456,2.6832679,2.7896902,-2.0
pair-stage-probes-1b776a34-nBase,3,2,-2.8240619,10.0219797,-12.8460417,7.1979178,10.0219797,12.2812293,12.5636355,12.8460417,-2.0,2,-8.927591,6.131862,-15.059453,-2.795729,8.927591,13.8330806,14.4462668,15.059453,-2.0,2,-0.9819912,0.9437871,-1.9257783,-0.038204,0.9819912,1.7370209,1.8313996,1.9257783,-2.0
pair-stage-probes-1b776a34-nBase,4,2,-2.9810664,9.8415187,-12.8225852,6.8604523,9.8415187,12.2263719,12.5244785,12.8225852,-2.0,2,-9.4510873,6.6336609,-16.0847481,-2.8174264,9.4510873,14.758016,15.4213821,16.0847481,-2.0,2,-1.0265905,0.9864495,-2.0130401,-0.040141,1.0265905,1.8157502,1.9143951,2.0130401,-2.0
pair-stage-probes-1b776a34-nBase,5,2,-3.3432892,9.4981789,-12.8414681,6.1548896,9.4981789,12.1728102,12.5071392,12.8414681,-2.0,2,-9.1801913,6.3903432,-15.5705345,-2.7898482,9.1801913,14.2924659,14.9315002,15.5705345,-2.0,2,-1.0047336,0.9668392,-1.9715728,-0.0378944,1.0047336,1.778205,1.8748889,1.9715728,-2.0
pair-stage-probes-1b776a34-nBase,6,2,41.3316777,15.1615757,26.170102,56.4932534,41.3316777,53.4609383,54.9770958,56.4932534,-2.0,2,-30.553299,41.0320844,-71.5853834,10.4787854,41.0320844,65.4747236,68.5300535,71.5853834,-2.0,2,0.1959797,2.2448673,-2.0488875,2.440847,2.2448673,2.4016511,2.421249,2.440847,-2.0
pair-stage-probes-1b776a34-nK0g,2,2,49.4300198,15.6674494,33.7625703,65.0974692,49.4300198,61.9639793,63.5307242,65.0974692,-2.0,2,-23.8665512,36.5309635,-60.3975147,12.6644122,36.5309635,55.6242045,58.0108596,60.3975147,-2.0,2,1.0642229,1.7254673,-0.6612444,2.7896902,1.7254673,2.5768456,2.6832679,2.7896902,-2.0
pair-stage-probes-1b776a34-nK0g,3,2,-2.8240619,10.0219797,-12.8460417,7.1979178,10.0219797,12.2812293,12.5636355,12.8460417,-2.0,2,-8.927591,6.131862,-15.059453,-2.795729,8.927591,13.8330806,14.4462668,15.059453,-2.0,2,-0.9819912,0.9437871,-1.9257783,-0.038204,0.9819912,1.7370209,1.8313996,1.9257783,-2.0
pair-stage-probes-1b776a34-nK0g,4,2,-2.9810664,9.8415187,-12.8225852,6.8604523,9.8415187,12.2263719,12.5244785,12.8225852,-2.0,2,-9.4510873,6.6336609,-16.0847481,-2.8174264,9.4510873,14.758016,15.4213821,16.0847481,-2.0,2,-1.0265905,0.9864495,-2.0130401,-0.040141,1.0265905,1.8157502,1.9143951,2.0130401,-2.0
pair-stage-probes-1b776a34-nK0g,5,2,-3.3432892,9.4981789,-12.8414681,6.1548896,9.4981789,12.1728102,12.5071392,12.8414681,-2.0,2,-9.1801913,6.3903432,-15.5705345,-2.7898482,9.1801913,14.2924659,14.9315002,15.5705345,-2.0,2,-1.0047336,0.9668392,-1.9715728,-0.0378944,1.0047336,1.778205,1.8748889,1.9715728,-2.0
pair-stage-probes-1b776a34-nK0g,6,2,41.3316777,15.1615757,26.170102,56.4932534,41.3316777,53.4609383,54.9770958,56.4932534,-2.0,2,-30.553299,41.0320844,-71.5853834,10.4787854,41.0320844,65.4747236,68.5300535,71.5853834,-2.0,2,0.1959797,2.2448673,-2.0488875,2.440847,2.2448673,2.4016511,2.421249,2.440847,-2.0
pair-stage-probes-3061a66e-dxAllC,0,1,8.4068174,0.0,8.4068174,8.4068174,8.4068174,8.4068174,8.4068174,8.4068174,,1,1.3690413,0.0,1.3690413,1.3690413,1.3690413,1.3690413,1.3690413,1.3690413,,1,0.1126705,0.0,0.1126705,0.1126705,0.1126705,0.1126705,0.1126705,0.1126705,
pair-stage-probes-3061a66e-dxAllC,1,1,41.5967244,0.0,41.5967244,41.5967244,41.5967244,41.5967244,41.5967244,41.5967244,,1,4.6382621,0.0,4.6382621,4.6382621,4.6382621,4.6382621,4.6382621,4.6382621,,1,0.2485606,0.0,0.2485606,0.2485606,0.2485606,0.2485606,0.2485606,0.2485606,
pair-stage-probes-3061a66e-dxAllC,2,1,34.9617085,0.0,34.9617085,34.9617085,34.9617085,34.9617085,34.9617085,34.9617085,,1,12.5617756,0.0,12.5617756,12.5617756,12.5617756,12.5617756,12.5617756,12.5617756,,1,0.0559932,0.0,0.0559932,0.0559932,0.0559932,0.0559932,0.0559932,0.0559932,
pair-stage-probes-3061a66e-dxAllC,3,1,-4.5803649,0.0,-4.5803649,-4.5803649,4.5803649,4.5803649,4.5803649,4.5803649,,1,-0.7134826,0.0,-0.7134826,-0.7134826,0.7134826,0.7134826,0.7134826,0.7134826,,1,-0.0183923,0.0,-0.0183923,-0.0183923,0.0183923,0.0183923,0.0183923,0.0183923,
pair-stage-probes-3061a66e-dxAllC,4,1,-4.5860565,0.0,-4.5860565,-4.5860565,4.5860565,4.5860565,4.5860565,4.5860565,,1,-0.7154521,0.0,-0.7154521,-0.7154521,0.7154521,0.7154521,0.7154521,0.7154521,,1,-0.0209508,0.0,-0.0209508,-0.0209508,0.0209508,0.0209508,0.0209508,0.0209508,
pair-stage-probes-3061a66e-dxAllC,5,1,-4.5981345,0.0,-4.5981345,-4.5981345,4.5981345,4.5981345,4.5981345,4.5981345,,1,-0.69043,0.0,-0.69043,-0.69043,0.69043,0.69043,0.69043,0.69043,,1,-0.0204677,0.0,-0.0204677,-0.0204677,0.0204677,0.0204677,0.0204677,0.0204677,
pair-stage-probes-3061a66e-dxAllC,6,1,27.0831886,0.0,27.0831886,27.0831886,27.0831886,27.0831886,27.0831886,27.0831886,,1,0.4956515,0.0,0.4956515,0.4956515,0.4956515,0.4956515,0.4956515,0.4956515,,1,0.0005614,0.0,0.0005614,0.0005614,0.0005614,0.0005614,0.0005614,0.0005614,
pair-stage-probes-3061a66e-dxAllC,7,1,27.3827583,0.0,27.3827583,27.3827583,27.3827583,27.3827583,27.3827583,27.3827583,,1,0.9194449,0.0,0.9194449,0.9194449,0.9194449,0.9194449,0.9194449,0.9194449,,1,0.0735668,0.0,0.0735668,0.0735668,0.0735668,0.0735668,0.0735668,0.0735668,
pair-stage-probes-3f6ca985-ghR2,0,4,7.3935991,0.1353822,7.1600006,7.4876239,7.4633859,7.4830696,7.4853467,7.4876239,-0.686934,4,6.5241881,1.8587385,3.5794831,8.6750554,6.9211069,8.245392,8.4602237,8.6750554,-0.9713308,4,1.9473769,0.1575383,1.7209652,2.1392857,1.9646283,2.1087152,2.1240005,2.1392857,-1.3524145
pair-stage-probes-3f6ca985-ghR2,1,2,40.3064849,0.2121473,40.0943376,40.5186322,40.3064849,40.4762027,40.4974175,40.5186322,-2.0,2,15.6155046,2.8469982,12.7685064,18.4625028,15.6155046,17.8931032,18.177803,18.4625028,-2.0,2,2.9228739,0.2710493,2.6518245,3.1939232,2.9228739,3.1397133,3.1668183,3.1939232,-2.0
pair-stage-probes-3f6ca985-ghR2,2,10,43.0434815,14.4664723,33.1099981,65.1614899,33.7964374,65.1489769,65.1552334,65.1614899,-1.2386015,10,-5.204487,34.4396419,-60.3975147,21.1872112,20.9858979,57.2521634,58.824839,60.3975147,-1.2365775,10,2.0408142,1.6695039,-0.6612444,3.4863205,2.8709709,3.4861959,3.4862582,3.4863205,-1.2568663
pair-stage-probes-3f6ca985-ghR2,3,10,-6.3409001,9.1894327,-12.8460417,8.8795835,12.159233,12.7261222,12.7860819,12.8460417,-1.2115012,10,-4.5288286,5.6311909,-15.059453,1.137331,1.96653,12.4928452,13.7761491,15.059453,-1.0156753,10,-0.5548413,0.7783895,-1.9257783,0.0667278,0.0959957,1.7082484,1.8170134,1.9257783,-1.136974
pair-stage-probes-3f6ca985-ghR2,4,10,-6.439729,9.0367984,-12.8225852,8.7008495,12.1374504,12.7059897,12.7642874,12.8225852,-1.2015376,10,-4.7530163,5.9953355,-16.0847481,1.0777631,1.9475948,13.1632082,14.6239782,16.0847481,-0.9884808,10,-0.573479,0.8098004,-2.0130401,0.0625034,0.0921007,1.7649208,1.8889804,2.0130401,-1.1227916
pair-stage-probes-3f6ca985-ghR2,5,10,-6.6218496,8.7857534,-12.8414681,8.218729,12.1937437,12.7281589,12.7848135,12.8414681,-1.1948402,10,-4.5977621,5.7421746,-15.5705345,1.125357,1.9576026,12.5192921,14.0449133,15.5705345,-0.9560506,10,-0.5610797,0.7885734,-1.9715728,0.0661085,0.0956892,1.7125186,1.8420457,1.9715728,-1.1131837
pair-stage-probes-3f6ca985-ghR2,6,10,35.2366274,13.9679525,25.6869516,56.6079968,26.2686952,56.6028008,56.6053988,56.6079968,-1.2385266,10,-11.7408918,37.8563818,-71.5853834,15.6898967,15.5891794,69.3089386,70.447161,71.5853834,-1.2375229,10,1.3127703,2.0812612,-2.0488875,2.9338386,2.5097212,2.9336466,2.9337426,2.9338386,-1.2385466
pair-stage-probes-3f6ca985-ghR2L7,7,10,22.7459477,13.973479,13.2677829,44.1300692,13.7665502,44.0995012,44.1147852,44.1300692,-1.2383631,10,-12.7762721,32.2957648,-64.1671352,10.8654734,10.3528555,62.2111828,63.189159,64.1671352,-1.2336281,10,0.9512612,1.8809587,-2.1321959,2.3778962,2.1254506,2.3769689,2.3774325,2.3778962,-1.2279406
pair-stage-probes-495c1173-ghR,0,2,6.9469739,1.4823582,5.4646157,8.4293321,6.9469739,8.1328605,8.2810963,8.4293321,-2.0,2,-37.8696122,17.7492362,-55.6188484,-20.120376,37.8696122,52.0690011,53.8439248,55.6188484,-2.0,2,-2.3485047,0.4460444,-2.7945491,-1.9024603,2.3485047,2.7053402,2.7499446,2.7945491,-2.0
pair-stage-probes-495c1173-ghR,1,2,41.5269396,0.3471113,41.1798283,41.8740509,41.5269396,41.8046286,41.8393398,41.8740509,-2.0,2,14.8852377,23.6499413,-8.7647036,38.5351789,23.6499413,35.5581314,37.0466552,38.5351789,-2.0,2,0.5847168,0.9325086,-0.3477918,1.5172253,0.9325086,1.400282,1.4587536,1.5172253,-2.0
pair-stage-probes-495c1173-ghR,2,8,34.4635823,0.724138,32.898978,35.1852769,34.7588715,35.059945,35.122611,35.1852769,0.0201748,8,-21.6056705,25.477123,-55.7107205,30.4368014,25.3274777,50.4022752,53.0564979,55.7107205,-0.2296327,8,-0.5786134,1.2904559,-3.8203334,0.4246739,0.1711241,1.8939057,2.8571195,3.8203334,2.0513074
pair-stage-probes-495c1173-ghR,3,8,-10.935922,3.9746625,-19.6518487,-6.5187824,10.6133519,14.8507524,17.2513005,19.6518487,0.2473445,8,-3.6111924,20.932075,-43.6833489,16.827648,11.0728857,36.4124822,40.0479155,43.6833489,-0.6187741,8,-0.0837311,0.6860021,-1.1303036,0.8546752,0.6634559,0.9520969,1.0412003,1.1303036,-1.4276774
pair-stage-probes-495c1173-ghR,4,8,-10.8081589,4.1358751,-19.6866516,-5.4731738,10.9256798,14.711385,17.1990183,19.6866516,0.1349066,8,-3.979898,20.9105326,-44.113152,16.2624266,10.3445274,36.7454024,40.4292772,44.113152,-0.6056532,8,-0.1146021,0.7130533,-1.2555225,0.85671,0.6684347,1.0121391,1.1338308,1.2555225,-1.3507135
pair-stage-probes-495c1173-ghR,5,8,-11.2017804,3.9479919,-19.8660983,-6.5248605,11.0928656,14.9074616,17.3867799,19.8660983,0.3190663,8,-3.6062523,20.8083419,-44.5176176,15.7312104,11.2939934,35.6812377,40.0994277,44.5176176,-0.5211244,8,-0.0812638,0.6822443,-1.1239859,0.8854668,0.6049769,0.994367,1.0591765,1.1239859,-1.3301389
pair-stage-probes-495c1173-ghR,6,8,27.0624763,0.8240603,25.1079988,28.1698985,27.1798618,27.715025,27.9424618,28.1698985,1.3795243,8,-9.7426572,24.0379034,-52.9387444,18.5951068,15.0750462,45.3732963,49.1560204,52.9387444,-0.9133613,8,-0.502385,1.0139901,-2.6991485,0.7228379,0.7424123,1.5172064,2.1081775,2.6991485,0.1140216
pair-stage-probes-495c1173-ghRL7,7,8,14.414202,1.0071859,11.924009,15.5894811,14.6974696,15.0431993,15.3163402,15.5894811,1.9097324,8,-13.991486,25.3871753,-56.0210428,24.6694209,16.63985,50.4740613,53.2475521,56.0210428,-0.9121516,8,-0.8137657,1.1984115,-2.8826115,1.1807068,1.3036025,2.0040269,2.4433192,2.8826115,-0.8213706
pair-stage-probes-4fac772d-yawcal,0,5,50.4800768,0.7592153,49.2061259,51.0789808,51.0555618,51.0717959,51.0753884,51.0789808,-1.1700875,5,1.3555072,19.7674584,-11.963789,39.3191265,11.9239412,28.3769915,33.848059,39.3191265,-0.1647919,5,1.1133162,1.2164499,0.1521472,3.1256586,0.1996016,2.6488772,2.8872679,3.1256586,-1.2422973
pair-stage-probes-4fac772d-yawcal,1,5,70.6036571,1.2052617,68.7343319,71.5758811,71.5530957,71.5685321,71.5722066,71.5758811,-1.5054109,5,9.7685266,27.3195899,-10.7285806,59.4985844,10.7285806,43.3921416,51.445363,59.4985844,-0.6369887,5,1.5997491,1.6794039,0.3672011,4.6713345,0.4255294,3.6616904,4.1665124,4.6713345,-0.5996137
pair-stage-probes-4fac772d-yawcal,2,5,64.2801281,0.9427842,62.6503812,65.0044645,64.9852983,64.9990988,65.0017817,65.0044645,-0.9999158,5,9.6721756,12.1634723,-0.2936245,28.5700677,0.4909109,25.0504936,26.8102806,28.5700677,-1.4985668,5,0.8330843,1.5732328,0.0422157,3.9795405,0.0483616,2.4087979,3.1941692,3.9795405,0.2499696
pair-stage-probes-4fac772d-yawcal,3,5,-2.5898724,1.9290092,-6.4255787,-1.2368986,1.7286485,4.5886288,5.5071037,6.4255787,0.1957753,5,34.8521639,18.5277294,22.8955105,71.7977211,26.5836779,53.828771,62.813246,71.7977211,0.2216181,5,0.0340428,0.6988738,-0.4913079,1.4189745,0.2845968,1.0479079,1.2334412,1.4189745,0.1658115
pair-stage-probes-4fac772d-yawcal,4,5,-2.1825849,2.496177,-7.1560957,-0.6201735,1.1677581,4.7657309,5.9609133,7.1560957,0.2127688,5,34.4885255,19.0920869,23.1276138,72.6238396,25.5498117,53.9321622,63.2780009,72.6238396,0.2375309,5,0.0090943,0.7429644,-0.4699016,1.4904415,0.3494977,1.0822256,1.2863335,1.4904415,0.2203574
pair-stage-probes-4fac772d-yawcal,5,5,-2.8738366,2.0444914,-6.9111048,-1.3847884,1.8521048,5.1088513,6.009978,6.9111048,0.1248112,5,34.6627967,19.0445469,22.8324179,72.6733981,25.7677847,54.1384966,63.4059474,72.6733981,0.2301038,5,0.0207988,0.7393544,-0.4958481,1.491071,0.3151879,1.0929818,1.2920264,1.491071,0.1963574
pair-stage-probes-4fac772d-yawcal,6,5,56.6525679,0.7270732,55.3223391,57.181861,57.1634826,57.1805757,57.1812184,57.181861,-0.5971231,5,-2.4731499,20.3177035,-16.6844983,36.3994248,15.8318819,28.5134542,32.4564395,36.3994248,-0.2011732,5,0.7700565,1.278489,-0.2245582,2.9216208,0.2245582,2.3809133,2.651267,2.9216208,-1.1546914
pair-stage-probes-4fac772d-yawhA,0,2,68.2237637,0.392625,67.8311387,68.6163887,68.2237637,68.5378637,68.5771262,68.6163887,-2.0,2,71.3058614,23.1391764,48.1666851,94.4450378,71.3058614,89.8172025,92.1311202,94.4450378,-2.0,2,1.5938027,1.3847224,0.2090804,2.9785251,1.5938027,2.7015806,2.8400529,2.9785251,-2.0
pair-stage-probes-4fac772d-yawhA,1,2,80.424327,0.660032,79.7642951,81.084359,80.424327,80.9523526,81.0183558,81.084359,-2.0,2,84.7496311,17.6951877,67.0544434,102.4448187,84.7496311,98.9057812,100.6753,102.4448187,-2.0,2,2.533778,1.2472037,1.2865742,3.7809817,2.533778,3.5315409,3.6562613,3.7809817,-2.0
pair-stage-probes-4fac772d-yawhA,3,2,-74.5021251,15.0224763,-89.5246013,-59.4796488,74.5021251,86.5201061,88.0223537,89.5246013,-2.0,2,35.6341713,2.3860346,33.2481367,38.0202059,35.6341713,37.542999,37.7816024,38.0202059,-2.0,2,-0.3499739,0.1858223,-0.5357963,-0.1641516,0.3499739,0.4986318,0.517214,0.5357963,-2.0
pair-stage-probes-4fac772d-yawhA,6,2,67.1648828,0.2084946,66.9563882,67.3733774,67.1648828,67.3316785,67.352528,67.3733774,-2.0,2,63.1581455,25.5966672,37.5614783,88.7548126,63.1581455,83.6354792,86.1951459,88.7548126,-2.0,2,1.0284602,1.5767143,-0.5482541,2.6051745,1.5767143,2.3994825,2.5023285,2.6051745,-2.0
pair-stage-probes-4fac772d-yawsmoke,0,1,51.0610185,0.0,51.0610185,51.0610185,51.0610185,51.0610185,51.0610185,51.0610185,,1,-11.963789,0.0,-11.963789,-11.963789,11.963789,11.963789,11.963789,11.963789,,1,0.1554685,0.0,0.1554685,0.1554685,0.1554685,0.1554685,0.1554685,0.1554685,
pair-stage-probes-4fac772d-yawsmoke,1,1,71.5575086,0.0,71.5575086,71.5575086,71.5575086,71.5575086,71.5575086,71.5575086,,1,-9.9662251,0.0,-9.9662251,-9.9662251,9.9662251,9.9662251,9.9662251,9.9662251,,1,0.3874562,0.0,0.3874562,0.3874562,0.3874562,0.3874562,0.3874562,0.3874562,
pair-stage-probes-4fac772d-yawsmoke2,1,1,68.7343319,0.0,68.7343319,68.7343319,68.7343319,68.7343319,68.7343319,68.7343319,,1,19.2324773,0.0,19.2324773,19.2324773,19.2324773,19.2324773,19.2324773,19.2324773,,1,4.6713345,0.0,4.6713345,4.6713345,4.6713345,4.6713345,4.6713345,4.6713345,
pair-stage-probes-4fac772d-yawsmoke2,3,1,-1.7286485,0.0,-1.7286485,-1.7286485,1.7286485,1.7286485,1.7286485,1.7286485,,1,22.8955105,0.0,22.8955105,22.8955105,22.8955105,22.8955105,22.8955105,22.8955105,,1,-0.4913079,0.0,-0.4913079,-0.4913079,0.4913079,0.4913079,0.4913079,0.4913079,
pair-stage-probes-64767041-dxAllC2,0,2,8.4125933,0.0061684,8.4064249,8.4187618,8.4125933,8.4175281,8.4181449,8.4187618,-2.0,2,1.573867,0.0551398,1.5187272,1.6290068,1.573867,1.6179788,1.6234928,1.6290068,-2.0,2,0.1257044,0.0029023,0.1228022,0.1286067,0.1257044,0.1280263,0.1283165,0.1286067,-2.0
pair-stage-probes-64767041-dxAllC2,1,2,41.5867205,0.0182089,41.5685116,41.6049294,41.5867205,41.6012876,41.6031085,41.6049294,-2.0,2,4.7399802,0.0268888,4.7130914,4.766869,4.7399802,4.7614913,4.7641801,4.766869,-2.0,2,0.2529002,0.0007814,0.2521188,0.2536816,0.2529002,0.2535254,0.2536035,0.2536816,-2.0
pair-stage-probes-64767041-dxAllC2,2,2,34.9556713,0.0033244,34.9523469,34.9589957,34.9556713,34.9583308,34.9586633,34.9589957,-2.0,2,12.869508,0.2588983,12.6106097,13.1284063,12.869508,13.0766266,13.1025164,13.1284063,-2.0,2,0.0592157,0.0021001,0.0571156,0.0613159,0.0592157,0.0608959,0.0611059,0.0613159,-2.0
pair-stage-probes-64767041-dxAllC2,3,2,-4.6006057,0.0231845,-4.6237902,-4.5774211,4.6006057,4.6191533,4.6214718,4.6237902,-2.0,2,-0.6282561,0.0019513,-0.6302074,-0.6263048,0.6282561,0.6298171,0.6300123,0.6302074,-2.0,2,-0.0176089,0.0008773,-0.0184862,-0.0167316,0.0176089,0.0183107,0.0183984,0.0184862,-2.0
pair-stage-probes-64767041-dxAllC2,4,2,-4.5635924,0.0039554,-4.5675478,-4.5596369,4.5635924,4.5667567,4.5671523,4.5675478,-2.0,2,-0.5679651,0.015128,-0.5830931,-0.552837,0.5679651,0.5800675,0.5815803,0.5830931,-2.0,2,-0.0158751,0.0006194,-0.0164945,-0.0152558,0.0158751,0.0163706,0.0164326,0.0164945,-2.0
pair-stage-probes-64767041-dxAllC2,5,2,-4.6207033,0.0239994,-4.6447027,-4.5967038,4.6207033,4.6399029,4.6423028,4.6447027,-2.0,2,-0.5967933,0.0115033,-0.6082966,-0.58529,0.5967933,0.6059959,0.6071462,0.6082966,-2.0,2,-0.0190454,0.0012976,-0.020343,-0.0177479,0.0190454,0.0200835,0.0202133,0.020343,-2.0
pair-stage-probes-64767041-dxAllC2,6,2,27.1510359,0.0109847,27.1400512,27.1620206,27.1510359,27.1598237,27.1609221,27.1620206,-2.0,2,0.5369682,0.0077072,0.5292611,0.5446754,0.5369682,0.543134,0.5439047,0.5446754,-2.0,2,0.0002081,0.0037837,-0.0035757,0.0039918,0.0037837,0.0039502,0.003971,0.0039918,-2.0
pair-stage-probes-64767041-dxAllC2,7,2,27.3928719,0.0030717,27.3898003,27.3959436,27.3928719,27.3953293,27.3956364,27.3959436,-2.0,2,1.0312503,0.0651281,0.9661223,1.0963784,1.0312503,1.0833528,1.0898656,1.0963784,-2.0,2,0.0784682,0.00391,0.0745582,0.0823781,0.0784682,0.0815961,0.0819871,0.0823781,-2.0
pair-stage-probes-64767041-dxAllD,3,10,-9.5206669,5.2215579,-22.1990188,-3.9594399,8.3350959,14.2522311,18.2256249,22.1990188,0.7899035,10,-9.1506025,26.3504006,-64.1667353,30.7561667,13.7814341,41.2183958,52.6925656,64.1667353,-0.2388652,10,-0.2709956,0.4566512,-1.0600425,0.4786255,0.3649038,0.7944846,0.9272635,1.0600425,-1.0392978
pair-stage-probes-7392cb49-rsmoke2,1,1,68.6943076,0.0,68.6943076,68.6943076,68.6943076,68.6943076,68.6943076,68.6943076,,1,21.968458,0.0,21.968458,21.968458,21.968458,21.968458,21.968458,21.968458,,1,4.7960004,0.0,4.7960004,4.7960004,4.7960004,4.7960004,4.7960004,4.7960004,
pair-stage-probes-7392cb49-rsmoke2,3,1,-0.8996488,0.0,-0.8996488,-0.8996488,0.8996488,0.8996488,0.8996488,0.8996488,,1,22.7532991,0.0,22.7532991,22.7532991,22.7532991,22.7532991,22.7532991,22.7532991,,1,-0.5007528,0.0,-0.5007528,-0.5007528,0.5007528,0.5007528,0.5007528,0.5007528,
pair-stage-probes-7cecaf9b-fcal2,0,4,20.0437793,0.8411895,19.128337,21.1487345,19.9490228,20.9729586,21.0608465,21.1487345,-1.7429623,4,37.3954147,15.6820463,17.0496607,59.161581,36.6852086,54.4860787,56.8238298,59.161581,-1.3440472,4,1.8057424,1.2017893,-0.2234902,2.7814609,2.3324994,2.7295942,2.7555276,2.7814609,-0.8089734
pair-stage-probes-7cecaf9b-fcal2,1,3,40.5167507,0.8551136,39.5110575,41.6012027,40.4379918,41.3685606,41.4848816,41.6012027,-1.5,3,45.193356,24.2257176,12.0364676,69.2413153,54.3022849,66.2535092,67.7474122,69.2413153,-1.5,3,1.4709632,1.5917211,-0.4812442,3.4176486,1.4764852,3.0294159,3.2235323,3.4176486,-1.5
pair-stage-probes-7cecaf9b-fcal2,2,4,34.2005852,1.0334501,32.565722,35.1776918,34.5294634,35.1220426,35.1498672,35.1776918,-1.1483896,4,28.0488439,10.6240695,10.7864385,39.6532553,30.8778409,37.377111,38.5151831,39.6532553,-0.8963598,4,1.8050921,1.7960329,0.029568,3.9648508,1.6129748,3.7342021,3.8495264,3.9648508,-1.9099517
pair-stage-probes-7cecaf9b-fcal2,3,4,-34.7082162,5.7501963,-44.1859885,-28.8281118,32.9093822,41.0525324,42.6192605,44.1859885,-0.870319,4,13.3850178,20.2394172,0.4938466,48.4091332,2.3185457,34.7633862,41.5862597,48.4091332,-0.671461,4,0.6434319,0.8044976,0.0495134,2.0296857,0.2472642,1.4998386,1.7647621,2.0296857,-0.6920388
pair-stage-probes-7cecaf9b-fcal2,6,4,26.10737,0.9261277,25.1801158,27.2693781,25.9899931,27.1172854,27.1933318,27.2693781,-1.8536364,4,42.6207553,14.8954309,22.1657146,63.6000238,42.3586415,58.3664172,60.9832205,63.6000238,-1.1250148,4,2.1627902,1.2139855,0.2934572,3.5512646,2.4032195,3.3336279,3.4424463,3.5512646,-1.1443277
pair-stage-probes-7cecaf9b-fcal3,0,3,-34.2805336,1.2263688,-35.8289546,-32.8297397,34.1829064,35.4997449,35.6643497,35.8289546,-1.5,3,19.7244121,14.1926178,-0.1915134,31.8416654,27.5230843,30.9779492,31.4098073,31.8416654,-1.5,3,4.5101647,0.6491317,3.5935178,5.0118105,4.9251658,4.9944816,5.003146,5.0118105,-1.5
pair-stage-probes-7cecaf9b-fcal3,1,4,-2.7302655,1.6773593,-4.3592564,-0.3411817,3.110312,4.3268844,4.3430704,4.3592564,-1.5690867,4,44.054938,16.5500226,19.7596423,65.3580309,45.5510394,60.8710601,63.1145455,65.3580309,-1.1468625,4,5.2257112,1.4761824,3.3146928,7.302099,5.1430266,6.8367869,7.069443,7.302099,-1.3032214
pair-stage-probes-7cecaf9b-fcal3,2,4,-7.6307152,1.066408,-8.9222324,-5.9907348,7.8049469,8.6637197,8.7929761,8.9222324,-1.0572599,4,2.2531132,10.6554157,-15.2473765,13.5659198,9.7648784,14.7429395,14.995158,15.2473765,-0.8588384,4,3.537485,1.7965299,1.7615218,5.6985468,3.3449358,5.4673595,5.5829532,5.6985468,-1.9095873
pair-stage-probes-7cecaf9b-fcal3,3,4,10.1101812,13.1353673,-11.1536459,21.7496421,15.68871,21.2918817,21.5207619,21.7496421,-1.0411359,4,18.1750938,22.320712,3.1873222,56.7620745,6.3754893,41.8366669,49.2993707,56.7620745,-0.6765404,4,4.3694359,0.9858837,3.5585661,6.0526388,3.9332693,5.4442433,5.748441,6.0526388,-0.737219
pair-stage-probes-7cecaf9b-fcal3,6,4,-17.9371828,2.4602622,-21.0562093,-14.1811382,18.2556918,20.304151,20.6801801,21.0562093,-0.9951353,4,44.8094957,25.2485722,10.1646528,73.1291873,47.9720713,70.455034,71.7921107,73.1291873,-1.6128346,4,6.0169093,1.4260206,3.6565117,7.3124471,6.5493391,7.2030038,7.2577254,7.3124471,-0.9076813
pair-stage-probes-7cecaf9b-fcal4,0,4,57.2086188,0.8835488,55.9382288,58.1255121,57.3853671,58.0685462,58.0970292,58.1255121,-1.5190094,4,43.6413981,20.3375128,19.8828391,66.7513196,43.9657169,64.9163326,65.8338261,66.7513196,-1.8914167,4,-1.371426,1.1408664,-3.3209938,-0.503454,0.830628,2.6288707,2.9749322,3.3209938,-0.7414272
pair-stage-probes-7cecaf9b-fcal4,1,2,90.6104674,0.0290805,90.5813869,90.6395479,90.6104674,90.6337318,90.6366399,90.6395479,-2.0,2,71.8794767,10.4937976,61.3856791,82.3732743,71.8794767,80.2745148,81.3238945,82.3732743,-2.0,2,0.6303748,0.2763922,0.3539826,0.9067671,0.6303748,0.8514886,0.8791278,0.9067671,-2.0
pair-stage-probes-7cecaf9b-fcal4,2,4,83.0638913,1.3653307,81.583501,85.1090973,82.7814834,84.6145682,84.8618328,85.1090973,-1.3324279,4,23.1240761,20.2720618,-8.759493,44.1082208,28.5737884,41.8434895,42.9758551,44.1082208,-1.134955,4,-1.5233437,1.9144686,-3.8833744,0.4828888,1.7055096,3.5968012,3.7400878,3.8833744,-1.8707222
pair-stage-probes-7cecaf9b-fcal4,3,4,-72.1410247,11.8052542,-92.3799248,-62.9310671,66.6265535,84.9686221,88.6742734,92.3799248,-0.7187172,4,14.6909243,25.9102753,-5.7176901,57.7441221,8.9997784,44.1054455,50.9247838,57.7441221,-0.904963,4,-3.3325066,1.2754427,-4.4558165,-1.3299373,3.7721363,4.4460997,4.4509581,4.4558165,-1.1962805
pair-stage-probes-7cecaf9b-fcal4,6,4,75.6882162,1.5187024,73.9561884,77.2713405,75.7626679,77.2272534,77.249297,77.2713405,-1.9529098,4,30.0286572,29.5408912,-7.0620752,63.3166322,31.930036,60.6075652,61.9620987,63.3166322,-1.8044672,4,-1.7619353,1.6117357,-4.4786951,-0.2625522,1.1532469,3.5116778,3.9951865,4.4786951,-0.7826325
pair-stage-probes-a704ecc6-calB,3,5,-2.5898724,1.9290092,-6.4255787,-1.2368986,1.7286485,4.5886288,5.5071037,6.4255787,0.1957753,5,34.8521639,18.5277294,22.8955105,71.7977211,26.5836779,53.828771,62.813246,71.7977211,0.2216181,5,0.0340428,0.6988738,-0.4913079,1.4189745,0.2845968,1.0479079,1.2334412,1.4189745,0.1658115
pair-stage-probes-a704ecc6-calB,4,5,-2.1825849,2.496177,-7.1560957,-0.6201735,1.1677581,4.7657309,5.9609133,7.1560957,0.2127688,5,34.4885255,19.0920869,23.1276138,72.6238396,25.5498117,53.9321622,63.2780009,72.6238396,0.2375309,5,0.0090943,0.7429644,-0.4699016,1.4904415,0.3494977,1.0822256,1.2863335,1.4904415,0.2203574
pair-stage-probes-a704ecc6-calB,5,5,-2.8738366,2.0444914,-6.9111048,-1.3847884,1.8521048,5.1088513,6.009978,6.9111048,0.1248112,5,34.6627967,19.0445469,22.8324179,72.6733981,25.7677847,54.1384966,63.4059474,72.6733981,0.2301038,5,0.0207988,0.7393544,-0.4958481,1.491071,0.3151879,1.0929818,1.2920264,1.491071,0.1963574
pair-stage-probes-a704ecc6-calB,6,5,56.6525679,0.7270732,55.3223391,57.181861,57.1634826,57.1805757,57.1812184,57.181861,-0.5971231,5,-2.4731499,20.3177035,-16.6844983,36.3994248,15.8318819,28.5134542,32.4564395,36.3994248,-0.2011732,5,0.7700565,1.278489,-0.2245582,2.9216208,0.2245582,2.3809133,2.651267,2.9216208,-1.1546914
pair-stage-probes-a704ecc6-calB2,2,1,63.7694462,0.0,63.7694462,63.7694462,63.7694462,63.7694462,63.7694462,63.7694462,,1,28.5700677,0.0,28.5700677,28.5700677,28.5700677,28.5700677,28.5700677,28.5700677,,1,0.04262,0.0,0.04262,0.04262,0.04262,0.04262,0.04262,0.04262,
pair-stage-probes-a704ecc6-smokeC,0,1,8.4100408,0.0,8.4100408,8.4100408,8.4100408,8.4100408,8.4100408,8.4100408,,1,2.9042918,0.0,2.9042918,2.9042918,2.9042918,2.9042918,2.9042918,2.9042918,,1,0.204639,0.0,0.204639,0.204639,0.204639,0.204639,0.204639,0.204639,
pair-stage-probes-a704ecc6-smokeC,1,1,41.7082446,0.0,41.7082446,41.7082446,41.7082446,41.7082446,41.7082446,41.7082446,,1,8.2772497,0.0,8.2772497,8.2772497,8.2772497,8.2772497,8.2772497,8.2772497,,1,0.4084553,0.0,0.4084553,0.4084553,0.4084553,0.4084553,0.4084553,0.4084553,
pair-stage-probes-a704ecc6-smokeC,3,1,-15.9082035,0.0,-15.9082035,-15.9082035,15.9082035,15.9082035,15.9082035,15.9082035,,1,-2.1322373,0.0,-2.1322373,-2.1322373,2.1322373,2.1322373,2.1322373,2.1322373,,1,-0.133694,0.0,-0.133694,-0.133694,0.133694,0.133694,0.133694,0.133694,
pair-stage-probes-a704ecc6-smokeC,6,1,27.0372579,0.0,27.0372579,27.0372579,27.0372579,27.0372579,27.0372579,27.0372579,,1,0.0458734,0.0,0.0458734,0.0458734,0.0458734,0.0458734,0.0458734,0.0458734,,1,-0.1293487,0.0,-0.1293487,-0.1293487,0.1293487,0.1293487,0.1293487,0.1293487,
pair-stage-probes-a704ecc6-smokeC,7,1,27.3628323,0.0,27.3628323,27.3628323,27.3628323,27.3628323,27.3628323,27.3628323,,1,1.7057814,0.0,1.7057814,1.7057814,1.7057814,1.7057814,1.7057814,1.7057814,,1,0.0625433,0.0,0.0625433,0.0625433,0.0625433,0.0625433,0.0625433,0.0625433,
pair-stage-probes-ba834d02-gcal2,0,4,20.0458189,0.8292278,19.1498674,21.1326846,19.9503617,20.9614843,21.0470844,21.1326846,-1.7517442,4,37.1970793,15.7705079,16.7024999,58.9919422,36.5469376,54.3685573,56.6802497,58.9919422,-1.3542047,4,1.7975073,1.1865112,-0.1971376,2.7728006,2.307183,2.723587,2.7481938,2.7728006,-0.8342909
pair-stage-probes-ba834d02-gcal2,1,4,40.1995116,0.9229442,39.1846973,41.5929386,40.0102052,41.2461281,41.4195333,41.5929386,-1.2849832,4,43.3415055,20.6421038,12.471354,68.083555,46.4055566,63.9085276,65.9960413,68.083555,-1.2139126,4,2.0413288,1.6990018,-0.4584189,3.7862817,2.4187261,3.6736032,3.7299425,3.7862817,-1.4405428
pair-stage-probes-ba834d02-gcal2,2,4,34.2005852,1.0334501,32.565722,35.1776918,34.5294634,35.1220426,35.1498672,35.1776918,-1.1483896,4,28.0488439,10.6240695,10.7864385,39.6532553,30.8778409,37.377111,38.5151831,39.6532553,-0.8963598,4,1.8050921,1.7960329,0.029568,3.9648508,1.6129748,3.7342021,3.8495264,3.9648508,-1.9099517
pair-stage-probes-ba834d02-gcal2,3,4,-34.5549109,5.8203859,-44.1982471,-28.7715252,32.6249356,40.9959598,42.5971034,44.1982471,-0.8582659,4,13.4840454,20.3181763,0.5018589,48.6489704,2.392676,34.8587939,41.7538822,48.6489704,-0.6706983,4,0.651639,0.8111346,0.05017,2.0491199,0.2536329,1.5136343,1.7813771,2.0491199,-0.6926295
pair-stage-probes-ba834d02-gcal2,6,4,26.0892642,0.9572476,25.1151473,27.2917948,25.9750574,27.1333956,27.2125952,27.2917948,-1.8497196,4,42.9085531,15.0616999,21.84029,63.9473811,42.9232706,58.6102849,61.278833,63.9473811,-1.0900677,4,2.1843189,1.2531571,0.2410118,3.6247118,2.4357759,3.3849877,3.5048498,3.6247118,-1.10074
pair-stage-probes-ba834d02-gcal3,0,3,-34.2684821,1.2548483,-35.8515812,-32.782444,34.1714211,35.5155492,35.6835652,35.8515812,-1.5,3,19.5012934,14.5551887,-0.90803,32.0243414,27.3875688,31.0969869,31.5606641,32.0243414,-1.5,3,4.4956775,0.6896019,3.5211092,5.0144042,4.951519,5.0018272,5.0081157,5.0144042,-1.5
pair-stage-probes-ba834d02-gcal3,1,4,-2.6860779,1.7383705,-4.3266152,-0.1735421,3.1220772,4.3140377,4.3203264,4.3266152,-1.5242951,4,43.1709847,17.6999389,16.2817373,65.0397316,45.681235,60.5616077,62.8006697,65.0397316,-1.0798996,4,5.1832467,1.5361912,3.153737,7.3215296,5.12886,6.846514,7.0840218,7.3215296,-1.2869726
pair-stage-probes-ba834d02-gcal3,2,4,-7.6307152,1.066408,-8.9222324,-5.9907348,7.8049469,8.6637197,8.7929761,8.9222324,-1.0572599,4,2.2531132,10.6554157,-15.2473765,13.5659198,9.7648784,14.7429395,14.995158,15.2473765,-0.8588384,4,3.537485,1.7965299,1.7615218,5.6985468,3.3449358,5.4673595,5.5829532,5.6985468,-1.9095873
pair-stage-probes-ba834d02-gcal3,3,4,10.0167696,13.1705962,-11.0689204,22.2078744,15.5294661,21.5425156,21.875195,22.2078744,-1.0919028,4,17.978975,22.1414477,3.6897154,56.2228917,6.0016464,41.7289573,48.9759245,56.2228917,-0.6820908,4,4.353994,0.974813,3.6006107,6.0110571,3.9021542,5.438115,5.7245861,6.0110571,-0.7725486
pair-stage-probes-ba834d02-gcal3,6,4,-17.9252164,2.4023725,-20.9495367,-14.2491689,18.25108,20.2379857,20.5937612,20.9495367,-1.0001647,4,45.0435469,25.0395945,10.9986534,73.0604497,48.0575423,70.5152798,71.7878647,73.0604497,-1.6400692,4,6.0059042,1.3914519,3.7186671,7.2604282,6.5222607,7.1741481,7.2172881,7.2604282,-0.9513071
pair-stage-probes-ba834d02-gcal4,0,4,57.207911,0.8812941,55.9336622,58.1199355,57.3890232,58.0629969,58.0914662,58.1199355,-1.500911,4,43.7584254,20.3449647,19.8258566,66.8509864,44.1784294,65.0209141,65.9359502,66.8509864,-1.8853623,4,-1.3381653,1.1384561,-3.2888825,-0.4853134,0.7892327,2.5859552,2.9374188,3.2888825,-0.7258459
pair-stage-probes-ba834d02-gcal4,1,2,90.5274393,0.1491465,90.3782928,90.6765858,90.5274393,90.6467565,90.6616711,90.6765858,-2.0,2,78.7994791,10.3841316,68.4153475,89.1836107,78.7994791,87.1067843,88.1451975,89.1836107,-2.0,2,0.9107408,0.2966709,0.6140699,1.2074117,0.9107408,1.1480775,1.1777446,1.2074117,-2.0
pair-stage-probes-ba834d02-gcal4,2,4,83.0671339,1.3836188,81.5400054,85.1279218,82.8003041,84.6348943,84.8814081,85.1279218,-1.3408377,4,23.1387159,20.4341778,-8.5516048,44.5798159,28.2633263,42.3148104,43.4473131,44.5798159,-1.1971535,4,-1.5222341,1.9011504,-3.8749147,0.4376448,1.6726335,3.584727,3.7298209,3.8749147,-1.8695127
pair-stage-probes-cb215732-rsmoke,0,1,51.0688269,0.0,51.0688269,51.0688269,51.0688269,51.0688269,51.0688269,51.0688269,,1,-11.7352491,0.0,-11.7352491,-11.7352491,11.7352491,11.7352491,11.7352491,11.7352491,,1,0.1734676,0.0,0.1734676,0.1734676,0.1734676,0.1734676,0.1734676,0.1734676,
pair-stage-probes-cb215732-rsmoke,1,1,71.5576356,0.0,71.5576356,71.5576356,71.5576356,71.5576356,71.5576356,71.5576356,,1,-9.9465173,0.0,-9.9465173,-9.9465173,9.9465173,9.9465173,9.9465173,9.9465173,,1,0.3864258,0.0,0.3864258,0.3864258,0.3864258,0.3864258,0.3864258,0.3864258,
pair-stage-probes-cb215732-rsmoke,6,1,57.1237154,0.0,57.1237154,57.1237154,57.1237154,57.1237154,57.1237154,57.1237154,,1,-17.0984637,0.0,-17.0984637,-17.0984637,17.0984637,17.0984637,17.0984637,17.0984637,,1,-0.2598415,0.0,-0.2598415,-0.2598415,0.2598415,0.2598415,0.2598415,0.2598415,
pair-stage-probes-cc84a791-postAllL3,3,1,-4.5803649,0.0,-4.5803649,-4.5803649,4.5803649,4.5803649,4.5803649,4.5803649,,1,-0.7134826,0.0,-0.7134826,-0.7134826,0.7134826,0.7134826,0.7134826,0.7134826,,1,-0.0183923,0.0,-0.0183923,-0.0183923,0.0183923,0.0183923,0.0183923,0.0183923,
pair-stage-probes-d08818ef-cal2,0,4,50.6004218,0.8050437,49.2061259,51.0789808,51.0582901,51.0735921,51.0762865,51.0789808,-0.6669737,4,-8.1353976,6.168804,-11.963789,2.5359438,11.5568726,11.9518347,11.9578119,11.963789,-0.6735395,4,0.908219,1.2803764,0.1521472,3.1256586,0.177535,2.2478415,2.68675,3.1256586,-0.6672431
pair-stage-probes-d08818ef-cal2,3,5,-2.5898724,1.9290092,-6.4255787,-1.2368986,1.7286485,4.5886288,5.5071037,6.4255787,0.1957753,5,34.8521639,18.5277294,22.8955105,71.7977211,26.5836779,53.828771,62.813246,71.7977211,0.2216181,5,0.0340428,0.6988738,-0.4913079,1.4189745,0.2845968,1.0479079,1.2334412,1.4189745,0.1658115
pair-stage-probes-d08818ef-cal2,4,5,-2.1825849,2.496177,-7.1560957,-0.6201735,1.1677581,4.7657309,5.9609133,7.1560957,0.2127688,5,34.4885255,19.0920869,23.1276138,72.6238396,25.5498117,53.9321622,63.2780009,72.6238396,0.2375309,5,0.0090943,0.7429644,-0.4699016,1.4904415,0.3494977,1.0822256,1.2863335,1.4904415,0.2203574
pair-stage-probes-d08818ef-cal2,5,5,-2.8738366,2.0444914,-6.9111048,-1.3847884,1.8521048,5.1088513,6.009978,6.9111048,0.1248112,5,34.6627967,19.0445469,22.8324179,72.6733981,25.7677847,54.1384966,63.4059474,72.6733981,0.2301038,5,0.0207988,0.7393544,-0.4958481,1.491071,0.3151879,1.0929818,1.2920264,1.491071,0.1963574
pair-stage-probes-d08818ef-cal2,6,4,56.5202447,0.7571309,55.3223391,57.1786479,56.7899958,57.1740983,57.1763731,57.1786479,-1.1601511,4,0.8665331,21.4532965,-16.6844983,36.3994248,16.0901798,30.4849469,33.4421858,36.3994248,-0.9219854,4,1.013035,1.3221099,-0.2245582,2.9216208,0.8972051,2.5160902,2.7188555,2.9216208,-1.5285219
pair-stage-probes-d93909e5-dK1g,0,10,20.2474996,19.6748046,7.0545414,50.3571433,7.4800334,50.3148166,50.33598,50.3571433,-1.2381706,10,-15.6121577,33.6362333,-69.3731054,8.6750554,8.1073582,67.0996492,68.2363773,69.3731054,-1.2303687,10,0.7821334,1.7685625,-2.1238569,2.1392857,1.9646283,2.1253998,2.1323428,2.1392857,-1.2244703
pair-stage-probes-d93909e5-dK1g,1,10,48.9818806,14.0078345,39.3947494,70.4542715,40.0754107,70.3951527,70.4247121,70.4542715,-1.2385818,10,-9.9594,46.2263046,-83.5408201,24.2473276,24.2237548,80.3127141,81.9267671,83.5408201,-1.235665,10,1.8531705,2.3150837,-1.8343416,3.7461165,3.1081953,3.7457704,3.7459435,3.7461165,-1.2503753
pair-stage-probes-e1c99f99-dxSigB,2,1,34.9662596,0.0,34.9662596,34.9662596,34.9662596,34.9662596,34.9662596,34.9662596,,1,19.8552605,0.0,19.8552605,19.8552605,19.8552605,19.8552605,19.8552605,19.8552605,,1,0.0521918,0.0,0.0521918,0.0521918,0.0521918,0.0521918,0.0521918,0.0521918,
pair-stage-probes-e1c99f99-dxSigB,4,1,112.4311002,0.0,112.4311002,112.4311002,112.4311002,112.4311002,112.4311002,112.4311002,,1,-2.5004734,0.0,-2.5004734,-2.5004734,2.5004734,2.5004734,2.5004734,2.5004734,,1,-0.1373027,0.0,-0.1373027,-0.1373027,0.1373027,0.1373027,0.1373027,0.1373027,
pair-stage-probes-e1c99f99-dxSigB,5,1,112.3206732,0.0,112.3206732,112.3206732,112.3206732,112.3206732,112.3206732,112.3206732,,1,-2.5710473,0.0,-2.5710473,-2.5710473,2.5710473,2.5710473,2.5710473,2.5710473,,1,-0.1439741,0.0,-0.1439741,-0.1439741,0.1439741,0.1439741,0.1439741,0.1439741,
pair-stage-probes-e1c99f99-dxSigC,0,2,8.4197738,0.0017805,8.4179932,8.4215543,8.4197738,8.4211982,8.4213762,8.4215543,-2.0,2,3.2860167,0.1466616,3.1393551,3.4326784,3.2860167,3.4033461,3.4180122,3.4326784,-2.0,2,0.2216931,0.004828,0.2168651,0.2265211,0.2216931,0.2255555,0.2260383,0.2265211,-2.0
pair-stage-probes-e1c99f99-dxSigC,1,2,41.7132612,0.0045478,41.7087134,41.717809,41.7132612,41.7168994,41.7173542,41.717809,-2.0,2,8.5034751,0.071715,8.4317602,8.5751901,8.5034751,8.5608471,8.5680186,8.5751901,-2.0,2,0.4170274,0.0025757,0.4144517,0.4196031,0.4170274,0.4190879,0.4193455,0.4196031,-2.0
pair-stage-probes-e1c99f99-dxSigC,2,2,34.9588107,0.0036966,34.9551141,34.9625073,34.9588107,34.961768,34.9621377,34.9625073,-2.0,2,20.2362464,0.3256858,19.9105606,20.5619322,20.2362464,20.4967951,20.5293636,20.5619322,-2.0,2,0.0560008,0.002737,0.0532638,0.0587377,0.0560008,0.0581903,0.058464,0.0587377,-2.0
pair-stage-probes-e1c99f99-dxSigC,3,2,112.1357164,0.1471369,111.9885795,112.2828533,112.1357164,112.2534259,112.2681396,112.2828533,-2.0,2,-2.6776172,0.1564203,-2.8340375,-2.521197,2.6776172,2.8027535,2.8183955,2.8340375,-2.0,2,-0.1516991,0.0109965,-0.1626956,-0.1407026,0.1516991,0.1604963,0.1615959,0.1626956,-2.0
pair-stage-probes-e1c99f99-dxSigC,4,2,112.3150276,0.0144136,112.3006141,112.3294412,112.3150276,112.3265585,112.3279998,112.3294412,-2.0,2,-2.4458654,0.0082458,-2.4541112,-2.4376195,2.4458654,2.452462,2.4532866,2.4541112,-2.0,2,-0.1381489,0.0001081,-0.138257,-0.1380408,0.1381489,0.1382354,0.1382462,0.138257,-2.0
pair-stage-probes-e1c99f99-dxSigC,5,2,111.96833,0.1222804,111.8460495,112.0906104,111.96833,112.0661543,112.0783824,112.0906104,-2.0,2,-2.8247018,0.1314784,-2.9561803,-2.6932234,2.8247018,2.9298846,2.9430324,2.9561803,-2.0,2,-0.1646712,0.0090309,-0.1737021,-0.1556403,0.1646712,0.1718959,0.172799,0.1737021,-2.0
pair-stage-probes-e1c99f99-dxSigC,6,2,27.090387,0.0049621,27.0854249,27.0953491,27.090387,27.0943567,27.0948529,27.0953491,-2.0,2,0.0518237,0.0114159,0.0404078,0.0632396,0.0518237,0.0609564,0.062098,0.0632396,-2.0,2,-0.1610147,0.0129169,-0.1739317,-0.1480978,0.1610147,0.1713483,0.17264,0.1739317,-2.0
pair-stage-probes-e1c99f99-dxSigD,1,10,40.3371587,0.9656889,38.6979818,41.7134179,40.3865044,41.3923472,41.5528825,41.7134179,-0.9027634,10,6.5990903,43.1529522,-68.8391692,69.1242009,35.8121199,68.8676723,68.9959366,69.1242009,-1.1530174,10,0.4740471,2.6566665,-3.8184999,4.8260715,1.3177186,4.4856426,4.655857,4.8260715,-0.7028233
pair-stage-probes-e1c99f99-dxSigE,0,10,7.6771876,0.7089645,6.3786264,8.7132367,7.7233476,8.5292147,8.6212257,8.7132367,-0.9394782,10,3.9256062,26.5540501,-43.6239772,46.108142,17.531674,43.8723937,44.9902679,46.108142,-0.8492211,10,0.1138903,1.647511,-2.2328285,2.6004677,1.4236787,2.4552572,2.5278625,2.6004677,-1.2384111
pair-stage-probes-e1c99f99-dxSigma,0,1,8.405583,0.0,8.405583,8.405583,8.405583,8.405583,8.405583,8.405583,,1,2.8509539,0.0,2.8509539,2.8509539,2.8509539,2.8509539,2.8509539,2.8509539,,1,0.2014387,0.0,0.2014387,0.2014387,0.2014387,0.2014387,0.2014387,0.2014387,
pair-stage-probes-e1c99f99-dxSigma,1,1,41.7097002,0.0,41.7097002,41.7097002,41.7097002,41.7097002,41.7097002,41.7097002,,1,8.1985895,0.0,8.1985895,8.1985895,8.1985895,8.1985895,8.1985895,8.1985895,,1,0.4050766,0.0,0.4050766,0.4050766,0.4050766,0.4050766,0.4050766,0.4050766,
pair-stage-probes-e1c99f99-dxSigma,3,1,112.4096704,0.0,112.4096704,112.4096704,112.4096704,112.4096704,112.4096704,112.4096704,,1,-2.4962165,0.0,-2.4962165,-2.4962165,2.4962165,2.4962165,2.4962165,2.4962165,,1,-0.1355592,0.0,-0.1355592,-0.1355592,0.1355592,0.1355592,0.1355592,0.1355592,
pair-stage-probes-e1c99f99-dxSigma,6,1,27.0357072,0.0,27.0357072,27.0357072,27.0357072,27.0357072,27.0357072,27.0357072,,1,0.0376846,0.0,0.0376846,0.0376846,0.0376846,0.0376846,0.0376846,0.0376846,,1,-0.1317204,0.0,-0.1317204,-0.1317204,0.1317204,0.1317204,0.1317204,0.1317204,
pair-stage-probes-ece01311-fcal,0,5,50.7552041,0.4183803,50.030557,51.0849163,51.060172,51.0784806,51.0816985,51.0849163,-0.9870003,5,7.1376358,22.9044266,-11.7352491,38.7342711,11.7352491,35.7803468,37.257309,38.7342711,-1.7644274,5,1.0111957,1.0358881,0.1678958,2.6019757,0.2143803,2.3204891,2.4612324,2.6019757,-1.5367552
pair-stage-probes-ece01311-fcal,1,6,70.5695961,1.0945373,68.6943076,71.5699951,70.8999262,71.5655379,71.5677665,71.5699951,-1.1809386,6,15.8681062,27.7165564,-10.3157805,56.2537057,16.1421193,51.4651339,53.8594198,56.2537057,-1.6201037,6,1.9940737,1.8006253,0.3840068,4.7960004,1.2112538,4.3857511,4.5908757,4.7960004,-1.466913
pair-stage-probes-ece01311-fcal,2,6,64.2386648,0.8656198,62.6503812,65.0044645,64.5083234,64.9977574,65.001111,65.0044645,-0.8065025,6,11.5564062,11.8761668,-0.2936245,28.5700677,10.1310217,24.7738132,26.6719404,28.5700677,-1.7442053,6,1.2291588,1.6872837,0.0422157,3.9795405,0.0505228,3.5945359,3.7870382,3.9795405,-1.3460615
pair-stage-probes-ece01311-fcal,3,6,-7.205804,10.4719852,-30.2592049,-0.8996488,1.9564433,18.3968272,24.3280161,30.2592049,0.9710287,6,32.6969334,17.5971451,22.7532991,71.9525782,25.5840475,49.1408832,60.5467307,71.9525782,1.1664767,6,-0.076655,0.6798812,-0.5007528,1.4317731,0.4141146,0.966263,1.1990181,1.4317731,1.090091
pair-stage-probes-ece01311-fcal,4,6,-6.934387,10.4579848,-29.7945826,-0.6552872,1.4820742,18.470473,24.1325278,29.7945826,0.8682962,6,32.8674002,17.7944123,22.6601178,72.5866587,25.571136,49.181379,60.8840188,72.5866587,1.1752294,6,-0.0588915,0.6946116,-0.5070742,1.4874317,0.3462941,0.997253,1.2423423,1.4874317,1.1390242
pair-stage-probes-ece01311-fcal,5,6,-7.0021514,10.5189733,-30.1738663,-1.1232856,1.5369119,18.243269,24.2085677,30.1738663,0.9792061,6,32.4278684,17.7046581,23.1907645,71.9796672,25.0097717,48.7081572,60.3439122,71.9796672,1.1866319,6,-0.0969445,0.6859721,-0.4738137,1.4323911,0.4265529,0.9531024,1.1927467,1.4323911,1.1577276
pair-stage-probes-ece01311-fcal,6,6,56.6472767,0.6475227,55.3357313,57.1694276,56.8842211,57.1626385,57.166033,57.1694276,-0.010753,6,2.2930893,21.5106561,-17.0984637,35.7526703,16.5559135,31.4383259,33.5954981,35.7526703,-1.450129,6,1.0475266,1.3367866,-0.2598415,2.9687785,0.9007214,2.7055474,2.8371629,2.9687785,-1.6797381
pair-stage-probes-ece38792-cal,0,5,50.4800768,0.7592153,49.2061259,51.0789808,51.0555618,51.0717959,51.0753884,51.0789808,-1.1700875,5,1.3555072,19.7674584,-11.963789,39.3191265,11.9239412,28.3769915,33.848059,39.3191265,-0.1647919,5,1.1133162,1.2164499,0.1521472,3.1256586,0.1996016,2.6488772,2.8872679,3.1256586,-1.2422973
pair-stage-probes-ece38792-cal,1,5,70.5647037,1.2398041,68.7343319,71.5758811,71.5530957,71.5685321,71.5722066,71.5758811,-1.6440384,5,10.444618,28.5557791,-10.7285806,62.8790415,10.7285806,45.4204158,54.1497287,62.8790415,-0.5671849,5,1.6283045,1.6896526,0.3672011,4.6713345,0.4255294,3.7188013,4.1950679,4.6713345,-0.7196102
pair-stage-probes-ece38792-cal,2,4,64.4077986,1.0146693,62.6503812,65.0044645,64.9881743,65.0004403,65.0024524,65.0044645,-0.6667915,4,4.9477026,8.5635475,-0.2936245,19.7711324,0.3922677,13.9870659,16.8790992,19.7711324,-0.6699972,4,1.0307004,1.7025176,0.0422157,3.9795405,0.0505228,2.8014835,3.390512,3.9795405,-0.6666794
pair-stage-probes-f0716773-ghB,0,2,30.8870014,0.2660526,30.6209488,31.153054,30.8870014,31.0998435,31.1264487,31.153054,-2.0,2,-43.1247118,14.3850225,-57.5097342,-28.7396893,43.1247118,54.6327297,56.071232,57.5097342,-2.0,2,-0.0977893,0.651805,-0.7495943,0.5540157,0.651805,0.7300364,0.7398154,0.7495943,-2.0
pair-stage-probes-f0716773-ghB,2,2,62.4958146,2.454474,60.0413406,64.9502886,62.4958146,64.4593938,64.7048412,64.9502886,-2.0,2,-18.2220426,52.5750126,-70.7970552,34.35297,52.5750126,67.1526467,68.9748509,70.7970552,-2.0,2,3.3403398,3.2844025,0.0559374,6.6247423,3.3403398,5.9678618,6.2963021,6.6247423,-2.0
pair-stage-probes-f0716773-ghB,3,2,21.4747378,15.4231998,6.051538,36.8979376,21.4747378,33.8132976,35.3556176,36.8979376,-2.0,2,40.1741051,1.4129132,38.761192,41.5870183,40.1741051,41.3044357,41.445727,41.5870183,-2.0,2,0.8767965,0.1420497,0.7347468,1.0188462,0.8767965,0.9904363,1.0046413,1.0188462,-2.0
pair-stage-probes-f0716773-ghB,6,2,56.4746377,0.8710314,55.6036063,57.3456691,56.4746377,57.1714628,57.258566,57.3456691,-2.0,2,-16.8856237,25.9361512,-42.8217748,9.0505275,25.9361512,39.4446501,41.1332125,42.8217748,-2.0,2,2.2077524,1.5216284,0.6861241,3.7293808,2.2077524,3.4250551,3.577218,3.7293808,-2.0
pair-stage-probes-f0716773-ghBL7,7,2,44.5982587,0.0804066,44.5178522,44.6786653,44.5982587,44.662584,44.6706247,44.6786653,-2.0,2,-37.0526122,18.7255695,-55.7781817,-18.3270426,37.0526122,52.0330678,53.9056247,55.7781817,-2.0,2,0.8365198,1.131575,-0.2950552,1.9680948,1.131575,1.8007908,1.8844428,1.9680948,-2.0
pair-stage-probes-f0716773-ghC,2,2,64.5463806,0.478456,64.0679246,65.0248366,64.5463806,64.9291454,64.976991,65.0248366,-2.0,2,49.6059235,22.4697921,27.1361314,72.0757157,49.6059235,67.5817573,69.8287365,72.0757157,-2.0,2,1.1503742,2.0460253,-0.895651,3.1963995,2.0460253,2.9663247,3.0813621,3.1963995,-2.0
pair-stage-probes-f0716773-ghC,3,2,-68.9419129,13.3762197,-82.3181325,-55.5656932,68.9419129,79.6428886,80.9805105,82.3181325,-2.0,2,26.7173573,1.9360943,24.781263,28.6534516,26.7173573,28.2662327,28.4598422,28.6534516,-2.0,2,-0.2604285,0.1531553,-0.4135838,-0.1072732,0.2604285,0.3829527,0.3982683,0.4135838,-2.0
pair-stage-probes-f0716773-ghC,6,2,57.1150032,0.3038027,56.8112005,57.4188059,57.1150032,57.3580453,57.3884256,57.4188059,-2.0,2,58.9080197,23.5642119,35.3438078,82.4722316,58.9080197,77.7593892,80.1158104,82.4722316,-2.0,2,1.1598884,1.5494418,-0.3895535,2.7093302,1.5494418,2.4773525,2.5933414,2.7093302,-2.0
pair-stage-probes-f0716773-ghCL7,7,2,44.4049901,0.2552712,44.1497189,44.6602614,44.4049901,44.6092071,44.6347343,44.6602614,-2.0,2,60.8765233,18.1260489,42.7504744,79.0025722,60.8765233,75.3773624,77.1899673,79.0025722,-2.0,2,1.229572,1.0933713,0.1362007,2.3229433,1.229572,2.1042691,2.2136062,2.3229433,-2.0
pair-stage-probes-f0716773-ghD,0,1,6.9325772,0.0,6.9325772,6.9325772,6.9325772,6.9325772,6.9325772,6.9325772,,1,76.4843903,0.0,76.4843903,76.4843903,76.4843903,76.4843903,76.4843903,76.4843903,,1,4.1252039,0.0,4.1252039,4.1252039,4.1252039,4.1252039,4.1252039,4.1252039,
pair-stage-probes-f0716773-ghD,2,2,34.4180628,0.7896105,33.6284523,35.2076732,34.4180628,35.0497511,35.1287122,35.2076732,-2.0,2,66.2079039,10.8804689,55.327435,77.0883728,66.2079039,74.912279,76.0003259,77.0883728,-2.0,2,3.3387265,1.5764132,1.7623133,4.9151397,3.3387265,4.599857,4.7574983,4.9151397,-2.0
pair-stage-probes-f0716773-ghD,3,2,-52.0912499,9.5506556,-61.6419055,-42.5405943,52.0912499,59.7317744,60.68684,61.6419055,-2.0,2,34.896742,8.6471845,26.2495575,43.5439265,34.896742,41.8144896,42.679208,43.5439265,-2.0,2,2.8908184,0.6834483,2.20737,3.5742667,2.8908184,3.437577,3.5059219,3.5742667,-2.0
pair-stage-probes-f0716773-ghD,6,2,25.572313,0.4664177,25.1058953,26.0387307,25.572313,25.9454471,25.9920889,26.0387307,-2.0,2,81.0441391,9.044037,72.0001021,90.0881761,81.0441391,88.2793687,89.1837724,90.0881761,-2.0,2,4.1977678,0.7310603,3.4667075,4.9288281,4.1977678,4.7826161,4.8557221,4.9288281,-2.0
pair-stage-probes-f0716773-ghDL7,7,2,13.3066442,0.2526816,13.0539626,13.5593258,13.3066442,13.5087895,13.5340577,13.5593258,-2.0,2,72.9639528,7.6486129,65.3153399,80.6125657,72.9639528,79.0828431,79.8477044,80.6125657,-2.0,2,3.9377316,0.4398737,3.4978579,4.3776053,3.9377316,4.2896306,4.333618,4.3776053,-2.0
pair-stage-probes-f2186414-yawcal,0,5,50.4800768,0.7592153,49.2061259,51.0789808,51.0555618,51.0717959,51.0753884,51.0789808,-1.1700875,5,1.3555072,19.7674584,-11.963789,39.3191265,11.9239412,28.3769915,33.848059,39.3191265,-0.1647919,5,1.1133162,1.2164499,0.1521472,3.1256586,0.1996016,2.6488772,2.8872679,3.1256586,-1.2422973
pair-stage-probes-f2186414-yawcal,1,5,70.6036571,1.2052617,68.7343319,71.5758811,71.5530957,71.5685321,71.5722066,71.5758811,-1.5054109,5,9.7685266,27.3195899,-10.7285806,59.4985844,10.7285806,43.3921416,51.445363,59.4985844,-0.6369887,5,1.5997491,1.6794039,0.3672011,4.6713345,0.4255294,3.6616904,4.1665124,4.6713345,-0.5996137
pair-stage-probes-f2186414-yawcal,2,5,64.2801281,0.9427842,62.6503812,65.0044645,64.9852983,64.9990988,65.0017817,65.0044645,-0.9999158,5,9.6721756,12.1634723,-0.2936245,28.5700677,0.4909109,25.0504936,26.8102806,28.5700677,-1.4985668,5,0.8330843,1.5732328,0.0422157,3.9795405,0.0483616,2.4087979,3.1941692,3.9795405,0.2499696
pair-stage-probes-f2186414-yawcal,3,5,-2.5898724,1.9290092,-6.4255787,-1.2368986,1.7286485,4.5886288,5.5071037,6.4255787,0.1957753,5,34.8521639,18.5277294,22.8955105,71.7977211,26.5836779,53.828771,62.813246,71.7977211,0.2216181,5,0.0340428,0.6988738,-0.4913079,1.4189745,0.2845968,1.0479079,1.2334412,1.4189745,0.1658115
pair-stage-probes-f2186414-yawcal,4,5,-2.1825849,2.496177,-7.1560957,-0.6201735,1.1677581,4.7657309,5.9609133,7.1560957,0.2127688,5,34.4885255,19.0920869,23.1276138,72.6238396,25.5498117,53.9321622,63.2780009,72.6238396,0.2375309,5,0.0090943,0.7429644,-0.4699016,1.4904415,0.3494977,1.0822256,1.2863335,1.4904415,0.2203574
pair-stage-probes-f2186414-yawcal,5,5,-2.8738366,2.0444914,-6.9111048,-1.3847884,1.8521048,5.1088513,6.009978,6.9111048,0.1248112,5,34.6627967,19.0445469,22.8324179,72.6733981,25.7677847,54.1384966,63.4059474,72.6733981,0.2301038,5,0.0207988,0.7393544,-0.4958481,1.491071,0.3151879,1.0929818,1.2920264,1.491071,0.1963574
pair-stage-probes-f2186414-yawcal,6,5,56.6525679,0.7270732,55.3223391,57.181861,57.1634826,57.1805757,57.1812184,57.181861,-0.5971231,5,-2.4731499,20.3177035,-16.6844983,36.3994248,15.8318819,28.5134542,32.4564395,36.3994248,-0.2011732,5,0.7700565,1.278489,-0.2245582,2.9216208,0.2245582,2.3809133,2.651267,2.9216208,-1.1546914
pair-stage-probes-f2186414-yawsmoke,0,1,51.0610185,0.0,51.0610185,51.0610185,51.0610185,51.0610185,51.0610185,51.0610185,,1,-11.963789,0.0,-11.963789,-11.963789,11.963789,11.963789,11.963789,11.963789,,1,0.1554685,0.0,0.1554685,0.1554685,0.1554685,0.1554685,0.1554685,0.1554685,
pair-stage-probes-f2186414-yawsmoke,1,1,71.5575086,0.0,71.5575086,71.5575086,71.5575086,71.5575086,71.5575086,71.5575086,,1,-9.9662251,0.0,-9.9662251,-9.9662251,9.9662251,9.9662251,9.9662251,9.9662251,,1,0.3874562,0.0,0.3874562,0.3874562,0.3874562,0.3874562,0.3874562,0.3874562,
pair-stage-probes-f2186414-yawsmoke2,1,1,68.7343319,0.0,68.7343319,68.7343319,68.7343319,68.7343319,68.7343319,68.7343319,,1,19.2324773,0.0,19.2324773,19.2324773,19.2324773,19.2324773,19.2324773,19.2324773,,1,4.6713345,0.0,4.6713345,4.6713345,4.6713345,4.6713345,4.6713345,4.6713345,
pair-stage-probes-f2186414-yawsmoke2,3,1,-1.7286485,0.0,-1.7286485,-1.7286485,1.7286485,1.7286485,1.7286485,1.7286485,,1,22.8955105,0.0,22.8955105,22.8955105,22.8955105,22.8955105,22.8955105,22.8955105,,1,-0.4913079,0.0,-0.4913079,-0.4913079,0.4913079,0.4913079,0.4913079,0.4913079,
pair-stage-probes-f844a373-gsmoke2,3,1,-0.8996488,0.0,-0.8996488,-0.8996488,0.8996488,0.8996488,0.8996488,0.8996488,,1,22.7532991,0.0,22.7532991,22.7532991,22.7532991,22.7532991,22.7532991,22.7532991,,1,-0.5007528,0.0,-0.5007528,-0.5007528,0.5007528,0.5007528,0.5007528,0.5007528,
pair-stage-probes-f844a373-gsmokeL7,7,1,44.6207468,0.0,44.6207468,44.6207468,44.6207468,44.6207468,44.6207468,44.6207468,,1,-13.2691336,0.0,-13.2691336,-13.2691336,13.2691336,13.2691336,13.2691336,13.2691336,,1,0.0777433,0.0,0.0777433,0.0777433,0.0777433,0.0777433,0.0777433,0.0777433,
v6h1-acceptance-3afc61b0-claude-20260930,0,11,7.4442383,30.9188823,-55.8359499,57.0517194,21.8508729,55.8359499,56.4438347,57.0517194,-0.1982172,11,-20.4364927,32.5069307,-66.5713509,28.8553113,37.626563,52.9740446,59.7726978,66.5713509,-1.5141898,11,-1.1538093,2.0504466,-3.7191504,2.3882206,2.0865331,3.3224104,3.5207804,3.7191504,-1.1719999
v6h1-acceptance-3afc61b0-claude-20260930,1,4,-18.5761698,25.0678397,-49.5770119,14.7388961,24.6519731,45.0734234,47.3252176,49.5770119,-1.5718485,4,-9.0729356,33.7361972,-60.643801,32.8098755,21.9081745,52.2936233,56.4687122,60.643801,-1.0374692,4,-0.189856,1.4262028,-1.7454684,1.8657357,1.5058521,1.8296555,1.8476956,1.8657357,-1.4795159
v6h1-acceptance-3afc61b0-claude-20260930-attr,0,7,25.8428835,14.4538896,6.6837725,57.0517194,21.8508729,41.7055343,49.3786269,57.0517194,0.5598065,7,-27.0116711,35.1283642,-66.5713509,28.8553113,39.1199713,58.4129671,62.492159,66.5713509,-1.1377787,7,-1.6366281,2.1165032,-3.7191504,2.3882206,2.3882206,3.4811064,3.6001284,3.7191504,-0.7162564
v6h1-acceptance-3afc61b0-claude-20260930-attr,1,7,38.2240435,27.7509716,13.8606481,104.3364496,28.3011742,64.1614285,84.2489391,104.3364496,1.6982884,7,-41.3821801,35.1513316,-72.8859983,13.9190592,61.5617909,69.7332476,71.309623,72.8859983,-1.1704696,7,-1.3240492,0.9525145,-2.6220735,0.1063837,1.3135845,2.4152237,2.5186486,2.6220735,-1.3493769
