sample,leg,covariate,placements,pearson_r,min,max
all_40,0,start_lateral_mm,40,0.8461191,-79.0046492,53.0004295
all_40,0,start_yaw_deg,40,0.7352388,-4.151022,4.2493343
all_40,0,start_pf_yaw_error_deg,40,-0.5289464,0.0576268,0.9277834
all_40,0,dx_mm,40,-0.4584233,-53.0,40.0
all_40,0,door_start_distance_mm,40,-0.3150431,1145.9953117,1273.9876526
all_40,1,start_lateral_mm,40,0.8641452,-67.3025376,28.3515192
all_40,1,start_yaw_deg,40,0.894024,-3.6948766,2.5495422
all_40,1,start_pf_yaw_error_deg,40,-0.4619287,-0.3828849,0.5186382
all_40,1,dx_mm,40,-0.2883554,-53.0,40.0
all_40,1,door_start_distance_mm,40,0.3640604,614.7379539,702.0060026
target_ENV_30,0,start_lateral_mm,30,0.8268809,-79.0046492,53.0004295
target_ENV_30,0,start_yaw_deg,30,0.6810664,-4.151022,4.2493343
target_ENV_30,0,start_pf_yaw_error_deg,30,-0.2231124,0.1020652,0.6019742
target_ENV_30,0,dx_mm,30,-0.3835139,-53.0,40.0
target_ENV_30,0,door_start_distance_mm,30,-0.0674219,1145.9953117,1273.9876526
target_ENV_30,1,start_lateral_mm,30,0.9246088,-52.9635002,28.3515192
target_ENV_30,1,start_yaw_deg,30,0.8158286,-3.6948766,2.5495422
target_ENV_30,1,start_pf_yaw_error_deg,30,-0.1070124,-0.1675924,0.5186382
target_ENV_30,1,dx_mm,30,-0.3208802,-53.0,40.0
target_ENV_30,1,door_start_distance_mm,30,0.3497694,614.7379539,702.0060026
