model,unit,family,prior,L0_error_mm,L1_error_mm
legacy_34,C/F_hR2_04,C,hR2_04,10.6357514,-14.5508359
legacy_34,C/N01,C,hR2_03,0.3629622,-42.2483897
legacy_34,C/N02,C,hR2_01,24.6333916,4.5019411
legacy_34,C/N03,C,hR2_02,6.113116,-12.2045134
legacy_34,C/N04,C,hR2_07,14.9283511,-9.5365705
legacy_34,C/N05,C,hR2_09,-6.7248702,-7.85937
legacy_34,C/N06,C,hR2_08,22.1597284,-11.0814938
legacy_34,C/N07,C,hR2_05,-10.1824728,-20.9283969
legacy_34,C/N08,C,hR2_04,11.9911722,-25.2732761
legacy_34,C/N09,C,hR2_06,-2.1522647,-10.6273827
legacy_34,C/N10,C,hR2_10,-1.3689224,-35.1549391
legacy_34,C/N11,C,hR2_03,-4.5665462,-47.5996334
legacy_34,R/hR2_01,R,hR2_01,15.0062868,54.3219496
legacy_34,R/hR2_02,R,hR2_02,15.8069202,56.8032831
legacy_34,R/hR2_03,R,hR2_03,15.9087776,57.0672691
legacy_34,R/hR2_04,R,hR2_04,-17.0378149,0.8886595
legacy_34,R/hR2_05,R,hR2_05,-12.2725957,4.8202143
legacy_34,R/hR2_06,R,hR2_06,-14.37502,2.2609445
legacy_34,R/hR2_07,R,hR2_07,11.3434994,47.1215068
legacy_34,R/hR2_08,R,hR2_08,16.2339632,60.2632907
legacy_34,R/hR2_09,R,hR2_09,14.1611973,52.2443229
legacy_34,R/hR2_10,R,hR2_10,9.6167045,41.5553293
legacy_34,S/S01,S,hR2_04,-25.4580476,-55.0813148
legacy_34,S/S02,S,hR2_02,-0.7412768,-7.8089517
legacy_34,S/S03,S,hR2_08,-12.7440328,-43.3995361
legacy_34,S/S04,S,hR2_07,-8.3323771,-23.6526866
legacy_34,S/S05,S,hR2_03,11.0447625,7.4212913
legacy_34,S/S06,S,hR2_10,-24.3571235,-80.5100805
legacy_34,S/S07,S,hR2_05,-26.9000556,-19.9687329
legacy_34,S/S08,S,hR2_09,-23.9806264,-44.9042901
legacy_34,S/S09,S,hR2_06,-18.1991866,-41.1921855
legacy_34,S/S10,S,hR2_01,-9.2108656,-21.1103037
legacy_34,S/S11,S,hR2_04,-12.7453802,-34.3268914
legacy_34,S/S12,S,hR2_02,12.4554302,-18.4580558
updated_40,C/N01,C,hR2_03,2.2981076,-28.766416
updated_40,C/N02,C,hR2_01,23.5838901,15.9490686
updated_40,C/N03,C,hR2_02,12.0889812,6.3914389
updated_40,C/N04,C,hR2_07,22.1182472,10.6312227
updated_40,C/N05,C,hR2_09,-2.4566988,2.4742838
updated_40,C/N06,C,hR2_08,21.7053269,0.9815569
updated_40,C/N07,C,hR2_05,-9.5936578,-19.0151292
updated_40,C/N08,C,hR2_04,11.6885662,-16.1569982
updated_40,C/N09,C,hR2_06,0.2616165,-7.1216918
updated_40,C/N10,C,hR2_10,-2.3778878,-27.4192219
updated_40,C/N11,C,hR2_03,-2.4525962,-32.8007061
updated_40,R/hR2_01,R,hR2_01,16.2472321,54.1773836
updated_40,R/hR2_02,R,hR2_02,16.9971758,55.2697442
updated_40,R/hR2_03,R,hR2_03,17.0993363,56.2696964
updated_40,R/hR2_04,R,hR2_04,-10.8566763,6.8179825
updated_40,R/hR2_05,R,hR2_05,-6.238953,14.852227
updated_40,R/hR2_06,R,hR2_06,-8.346203,10.2364937
updated_40,R/hR2_07,R,hR2_07,12.6797701,46.8811661
updated_40,R/hR2_08,R,hR2_08,17.4116809,59.9705951
updated_40,R/hR2_09,R,hR2_09,15.4244533,52.0278867
updated_40,R/hR2_10,R,hR2_10,10.986075,43.9925609
updated_40,S/S01,S,hR2_04,-20.6209082,-35.4628987
updated_40,S/S02,S,hR2_02,3.2464645,7.6989027
updated_40,S/S03,S,hR2_08,-7.1727553,-18.0276508
updated_40,S/S04,S,hR2_07,-4.2083195,-9.4466297
updated_40,S/S05,S,hR2_03,15.2808463,27.5914596
updated_40,S/S06,S,hR2_10,-18.1883841,-51.3897578
updated_40,S/S07,S,hR2_05,-24.5722944,-21.8742027
updated_40,S/S08,S,hR2_09,-18.8982654,-24.9905459
updated_40,S/S09,S,hR2_06,-13.8083841,-25.5960255
updated_40,S/S10,S,hR2_01,-5.663896,-15.1405277
updated_40,S/S11,S,hR2_04,-9.2487199,-22.6598537
updated_40,S/S12,S,hR2_02,17.6585607,20.9404169
updated_40,X/X00_F_hR2_04,X,hR2_04,1.7608593,1.1352165
updated_40,X/X01,X,hR2_07,-19.5911448,-38.8847964
updated_40,X/X02,X,hR2_05,-22.4782584,-50.1025624
updated_40,X/X03,X,hR2_02,10.760324,-11.8721429
updated_40,X/X04,X,hR2_04,-18.859128,-34.2836327
updated_40,X/X05,X,hR2_09,0.9008997,-4.417127
updated_40,X/X06,X,hR2_04,-18.955748,-37.4808847
updated_40_prior,C/N01,C,hR2_03,-7.058977,-47.9966914
updated_40_prior,C/N02,C,hR2_01,14.9804888,-1.7322695
updated_40_prior,C/N03,C,hR2_02,0.6814312,-17.0528643
updated_40_prior,C/N04,C,hR2_07,11.1042695,-12.0042277
updated_40_prior,C/N05,C,hR2_09,-9.2659078,-11.5197079
updated_40_prior,C/N06,C,hR2_08,11.381847,-20.2348123
updated_40_prior,C/N07,C,hR2_05,5.1512792,11.2880275
updated_40_prior,C/N08,C,hR2_04,23.0832828,7.2609305
updated_40_prior,C/N09,C,hR2_06,14.2100902,21.5446078
updated_40_prior,C/N10,C,hR2_10,-6.9047614,-36.7226567
updated_40_prior,C/N11,C,hR2_03,-12.5600965,-53.5732034
updated_40_prior,R/hR2_01,R,hR2_01,11.7701766,47.5609304
updated_40_prior,R/hR2_02,R,hR2_02,12.3149347,48.3500559
updated_40_prior,R/hR2_03,R,hR2_03,12.4104833,49.3402366
updated_40_prior,R/hR2_04,R,hR2_04,-0.0356703,22.8098948
updated_40_prior,R/hR2_05,R,hR2_05,3.6679613,29.4932413
updated_40_prior,R/hR2_06,R,hR2_06,1.3380685,24.5484736
updated_40_prior,R/hR2_07,R,hR2_07,8.7587938,41.0865191
updated_40_prior,R/hR2_08,R,hR2_08,11.813632,51.6974727
updated_40_prior,R/hR2_09,R,hR2_09,10.7643563,45.1409243
updated_40_prior,R/hR2_10,R,hR2_10,7.8508876,39.3591985
updated_40_prior,S/S01,S,hR2_04,-8.4754525,-11.8747188
updated_40_prior,S/S02,S,hR2_02,-2.9250507,-4.2870462
updated_40_prior,S/S03,S,hR2_08,-13.1303469,-29.5981301
updated_40_prior,S/S04,S,hR2_07,-6.9835947,-14.8366035
updated_40_prior,S/S05,S,hR2_03,9.7828493,16.9135777
updated_40_prior,S/S06,S,hR2_10,-26.5584681,-67.6456359
updated_40_prior,S/S07,S,hR2_05,-13.7293139,-0.8156123
updated_40_prior,S/S08,S,hR2_09,-22.7208103,-32.4144648
updated_40_prior,S/S09,S,hR2_06,-2.7399902,-4.0996508
updated_40_prior,S/S10,S,hR2_01,-13.1112207,-29.6042777
updated_40_prior,S/S11,S,hR2_04,0.4599998,-3.8041571
updated_40_prior,S/S12,S,hR2_02,9.6481313,5.3830385
updated_40_prior,X/X00_F_hR2_04,X,hR2_04,16.2993197,32.5257082
updated_40_prior,X/X01,X,hR2_07,-21.9356058,-43.9468029
updated_40_prior,X/X02,X,hR2_05,-9.6386401,-22.3800994
updated_40_prior,X/X03,X,hR2_02,7.0503773,-19.882417
updated_40_prior,X/X04,X,hR2_04,-9.4860686,-14.0459367
updated_40_prior,X/X05,X,hR2_09,-2.2738397,-11.2718164
updated_40_prior,X/X06,X,hR2_04,-5.1958069,-7.7713209
target_ENV_30_base,C/N01,C,hR2_03,8.1123836,-8.7575799
target_ENV_30_base,C/N02,C,hR2_01,31.7447843,40.7311808
target_ENV_30_base,C/N03,C,hR2_02,14.9390531,21.6533109
target_ENV_30_base,C/N04,C,hR2_07,24.080914,24.4925753
target_ENV_30_base,C/N05,C,hR2_09,1.0959611,15.3064268
target_ENV_30_base,C/N06,C,hR2_08,29.4172903,24.9647714
target_ENV_30_base,C/N07,C,hR2_05,-3.6812727,-4.5970731
target_ENV_30_base,C/N08,C,hR2_04,19.0061322,5.3656859
target_ENV_30_base,C/N09,C,hR2_06,4.7704735,4.6307062
target_ENV_30_base,C/N10,C,hR2_10,5.4139748,-5.4205028
target_ENV_30_base,C/N11,C,hR2_03,3.3288596,-12.208938
target_ENV_30_base,S/S01,S,hR2_04,-12.4533504,-14.6662047
target_ENV_30_base,S/S02,S,hR2_02,6.9056607,24.5218011
target_ENV_30_base,S/S03,S,hR2_08,2.2909857,6.2185905
target_ENV_30_base,S/S04,S,hR2_07,2.8807271,9.7448574
target_ENV_30_base,S/S05,S,hR2_03,21.0848072,46.908178
target_ENV_30_base,S/S06,S,hR2_10,-15.7576392,-31.9536385
target_ENV_30_base,S/S07,S,hR2_05,-26.3092356,-15.8469736
target_ENV_30_base,S/S08,S,hR2_09,-9.9599587,-2.7505289
target_ENV_30_base,S/S09,S,hR2_06,-6.3661265,-6.1459128
target_ENV_30_base,S/S10,S,hR2_01,-5.857725,-2.4747732
target_ENV_30_base,S/S11,S,hR2_04,-7.5959752,-9.0227951
target_ENV_30_base,S/S12,S,hR2_02,24.4101472,44.5430377
target_ENV_30_base,X/X00_F_hR2_04,X,hR2_04,5.8578387,15.9619849
target_ENV_30_base,X/X01,X,hR2_07,-16.8688682,-29.0327881
target_ENV_30_base,X/X02,X,hR2_05,-18.146116,-34.4181808
target_ENV_30_base,X/X03,X,hR2_02,14.4640841,1.5461124
target_ENV_30_base,X/X04,X,hR2_04,-15.982089,-23.8590439
target_ENV_30_base,X/X05,X,hR2_09,4.0442579,6.963929
target_ENV_30_base,X/X06,X,hR2_04,-14.7690204,-22.3242267
target_ENV_30_prior,C/N01,C,hR2_03,0.8058031,-20.0210519
target_ENV_30_prior,C/N02,C,hR2_01,24.0034167,28.7974619
target_ENV_30_prior,C/N03,C,hR2_02,7.6382005,10.3986689
target_ENV_30_prior,C/N04,C,hR2_07,17.4442352,14.2617914
target_ENV_30_prior,C/N05,C,hR2_09,-4.0006907,7.4496743
target_ENV_30_prior,C/N06,C,hR2_08,20.7429084,11.5927628
target_ENV_30_prior,C/N07,C,hR2_05,3.9613029,7.1843527
target_ENV_30_prior,C/N08,C,hR2_04,24.4810391,13.8055382
target_ENV_30_prior,C/N09,C,hR2_06,12.4726897,16.5040709
target_ENV_30_prior,C/N10,C,hR2_10,0.2092653,-13.4438317
target_ENV_30_prior,C/N11,C,hR2_03,-4.3670698,-24.0726114
target_ENV_30_prior,S/S01,S,hR2_04,-8.1482908,-9.4117425
target_ENV_30_prior,S/S02,S,hR2_02,2.467834,19.1052924
target_ENV_30_prior,S/S03,S,hR2_08,-4.2265847,-1.7363117
target_ENV_30_prior,S/S04,S,hR2_07,-0.9893585,5.0212946
target_ENV_30_prior,S/S05,S,hR2_03,16.2099794,40.9582954
target_ENV_30_prior,S/S06,S,hR2_10,-20.8216001,-38.1343641
target_ENV_30_prior,S/S07,S,hR2_05,-19.0802612,-7.0237803
target_ENV_30_prior,S/S08,S,hR2_09,-15.1057021,-9.0310725
target_ENV_30_prior,S/S09,S,hR2_06,-2.4219846,-1.3319621
target_ENV_30_prior,S/S10,S,hR2_01,-9.5351147,-6.9631444
target_ENV_30_prior,S/S11,S,hR2_04,-2.1711572,-2.401632
target_ENV_30_prior,S/S12,S,hR2_02,17.8575931,36.5454368
target_ENV_30_prior,X/X00_F_hR2_04,X,hR2_04,16.1204446,31.9540436
target_ENV_30_prior,X/X01,X,hR2_07,-19.2589246,-32.7571757
target_ENV_30_prior,X/X02,X,hR2_05,-9.2380929,-20.5369475
target_ENV_30_prior,X/X03,X,hR2_02,10.8127231,-4.1437466
target_ENV_30_prior,X/X04,X,hR2_04,-9.4175253,-13.6295867
target_ENV_30_prior,X/X05,X,hR2_09,0.9255876,2.1041537
target_ENV_30_prior,X/X06,X,hR2_04,-5.123347,-7.2935243
target_ENV_30_extended,C/N01,C,hR2_03,0.286424,-21.5738296
target_ENV_30_extended,C/N02,C,hR2_01,24.6737502,30.4486721
target_ENV_30_extended,C/N03,C,hR2_02,5.8945802,5.6020627
target_ENV_30_extended,C/N04,C,hR2_07,14.8608585,7.3999421
target_ENV_30_extended,C/N05,C,hR2_09,-4.8375978,5.1419104
target_ENV_30_extended,C/N06,C,hR2_08,20.069551,10.0226413
target_ENV_30_extended,C/N07,C,hR2_05,2.4059081,2.988042
target_ENV_30_extended,C/N08,C,hR2_04,22.6847871,8.7891449
target_ENV_30_extended,C/N09,C,hR2_06,9.6953621,8.9016901
target_ENV_30_extended,C/N10,C,hR2_10,-2.3763596,-20.8801359
target_ENV_30_extended,C/N11,C,hR2_03,-5.153572,-26.3562001
target_ENV_30_extended,S/S01,S,hR2_04,-10.5000487,-13.0498346
target_ENV_30_extended,S/S02,S,hR2_02,0.8461509,16.1090788
target_ENV_30_extended,S/S03,S,hR2_08,-5.6192633,0.3805731
target_ENV_30_extended,S/S04,S,hR2_07,-5.7903326,-1.0219119
target_ENV_30_extended,S/S05,S,hR2_03,15.7795569,39.952261
target_ENV_30_extended,S/S06,S,hR2_10,-15.1517811,-31.3382923
target_ENV_30_extended,S/S07,S,hR2_05,-14.785106,-0.086714
target_ENV_30_extended,S/S08,S,hR2_09,-8.8176525,0.8123652
target_ENV_30_extended,S/S09,S,hR2_06,2.3319988,5.8740359
target_ENV_30_extended,S/S10,S,hR2_01,-13.0182005,-12.7102305
target_ENV_30_extended,S/S11,S,hR2_04,3.3907435,6.0010073
target_ENV_30_extended,S/S12,S,hR2_02,23.5147876,45.2804819
target_ENV_30_extended,X/X00_F_hR2_04,X,hR2_04,18.991722,33.335756
target_ENV_30_extended,X/X01,X,hR2_07,-14.3588832,-30.2195251
target_ENV_30_extended,X/X02,X,hR2_05,-7.6954924,-21.2737681
target_ENV_30_extended,X/X03,X,hR2_02,16.0237848,0.4769444
target_ENV_30_extended,X/X04,X,hR2_04,-10.7385495,-14.527846
target_ENV_30_extended,X/X05,X,hR2_09,-0.4889881,1.6692499
target_ENV_30_extended,X/X06,X,hR2_04,-3.5497173,-6.8865644
