comparison,leg,matched_cases,matched_cells,n,mean,sd,min,max,abs_p50,abs_p90,abs_p95,abs_max,excess_kurtosis
lag_S,0,24,12,24,0.1404879,0.6096114,-1.1295281,1.6700938,0.2933286,1.1269509,1.5773725,1.6700938,1.8351647
lag_S,1,24,12,24,1.056222,4.6614061,-5.8975365,18.4716868,1.3617648,5.8200624,6.9243559,18.4716868,5.7091437
lag_R,0,20,10,20,0.1991367,0.9930827,-0.5200442,1.8226355,0.5179772,1.6886337,1.8022194,1.8226355,-1.225438
lag_R,1,20,10,20,-2.0852912,2.8293836,-5.9302852,6.2746376,3.0272837,5.2289644,5.9475028,6.2746376,1.6287019
lag_X,0,11,6,11,0.5714956,0.6959573,-1.0571012,1.4942208,0.8837124,1.4934083,1.4938146,1.4942208,0.3345166
lag_X,1,11,6,11,-1.099593,4.4835729,-10.3584072,5.4945283,2.9346466,5.4945283,7.9264677,10.3584072,-0.3633974
lag_X06,0,2,1,2,0.6056875,0.0051262,0.6005613,0.6108137,0.6056875,0.6097885,0.6103011,0.6108137,-2.0
lag_X06,1,2,1,2,-0.5498802,1.475639,-2.0255192,0.9257588,1.475639,1.9155432,1.9705312,2.0255192,-2.0
gain_C,0,24,12,24,0.0,0.0,0.0,0.0,0.0,0.0,0.0,0.0,
gain_C,1,24,12,24,-3.2346312,3.230843,-12.6787348,-0.1763915,2.7120953,7.0897075,7.6732027,12.6787348,0.7153115
gain_R,0,20,10,20,0.0,0.0,0.0,0.0,0.0,0.0,0.0,0.0,
gain_R,1,20,10,20,-5.2694368,5.7883046,-17.2431577,-0.0837864,2.24574,15.5901101,16.1166572,17.2431577,-0.6295441
gain_S,0,24,12,24,0.0,0.0,0.0,0.0,0.0,0.0,0.0,0.0,
gain_S,1,24,12,24,-4.028122,3.9903567,-12.5749283,0.015275,2.8394898,10.5880509,11.2899867,12.5749283,-0.7254352
