cohort,case_id,stage,cell,seed,policy,axial_lag,lateral_lag,gain_fix,door_relax,progress,diag,attribution_override,setup,sheet_x,place_x,place_y,place_yaw_deg,dx_mm,stage_category,wall_episodes,prior_id,prior_y_error_mm,prior_yaw_error_deg,leg,axis,load,start_s,end_s,planned_mm,axial_mm,lateral_mm,end_mm,yaw_end_deg,yaw_drift_deg,start_axial_mm,start_lateral_mm,start_yaw_deg,start_pf_yaw_error_deg,door_start_distance_mm,door_end_distance_mm,unit,family,n_seeds,L0_lateral_mm,L1_lateral_mm
b-v6h-gain-69c2a99a-cB,chain@b-v6h.k1g+p2f+gain:teacher:N01:s911:pPOST:VENV,chain,N01,911.0,b-v6h,0.0,1.0,1.0,k1g,p2f,,0.0,ENV,1.0,0.993,0.053,-2.24,-7.0,STAGE_BUDGET_EXHAUSTED,0.0,hR2_03,7.64282,0.1603265,0.0,axial,loaded,6.1,24.7,550.0,-2.0235732,-17.9393529,18.0531225,-2.1244082,0.1060663,-556.9940929,3.0033676,-2.2304745,0.1218307,1206.9940929,652.0235732,C/N01,C,2,-17.932501,-49.0087915
b-v6h-gain-69c2a99a-cB,chain@b-v6h.k1g+p2f+gain:teacher:N02:s911:pPOST:VENV,chain,N02,911.0,b-v6h,0.0,1.0,1.0,k1g,p2f,,0.0,ENV,1.0,1.006,0.096,-2.69,6.0,STAGE_BUDGET_EXHAUSTED,0.0,hR2_01,6.9565217,0.1747841,0.0,axial,loaded,6.1,24.7,550.0,11.1860124,17.641796,20.8892278,-0.6821474,1.9983192,-543.9940751,46.0033037,-2.6804666,0.1136243,1193.9940751,638.8139876,C/N02,C,2,18.0187794,8.0855523
b-v6h-gain-69c2a99a-cB,chain@b-v6h.k1g+p2f+gain:teacher:N03:s913:pPOST:VENV,chain,N03,913.0,b-v6h,0.0,1.0,1.0,k1g,p2f,,0.0,ENV,1.0,0.983,-0.01,-2.75,-17.0,STAGE_BUDGET_EXHAUSTED,0.0,hR2_02,7.6446853,0.160777,0.0,axial,loaded,6.1,24.7,550.0,-11.5671317,-35.8475753,37.6675881,-0.4456551,2.2949734,-566.9874465,-60.0005025,-2.7406285,0.1199671,1216.9874465,661.5671317,C/N03,C,2,-36.5113863,-38.8197083
b-v6h-gain-69c2a99a-cB,chain@b-v6h.k1g+p2f+gain:teacher:N04:s911:pPOST:VENV,chain,N04,911.0,b-v6h,0.0,1.0,1.0,k1g,p2f,,0.0,ENV,1.0,0.963,-0.029,-2.92,-37.0,STAGE_BUDGET_EXHAUSTED,0.0,hR2_07,4.3797482,0.2130501,0.0,axial,loaded,6.1,24.7,550.0,-32.0505372,-35.7516479,48.0147609,-0.8661363,2.0449236,-586.9815316,-79.0046492,-2.9110599,0.2487731,1236.9815316,682.0505372,C/N04,C,2,-35.1333845,-42.204791
b-v6h-gain-69c2a99a-cB,chain@b-v6h.k1g+p2f+gain:teacher:N05:s911:pPOST:VENV,chain,N05,911.0,b-v6h,0.0,1.0,1.0,k1g,p2f,,0.0,ENV,1.0,0.99,0.029,0.36,-10.0,STAGE_BUDGET_EXHAUSTED,0.0,hR2_09,7.3275643,0.1628009,0.0,axial,loaded,6.1,24.7,550.0,-4.7500244,-17.0490025,17.6983394,0.3880749,0.0190549,-559.9846672,-21.0009546,0.36902,0.1625482,1209.9846672,654.7500244,C/N05,C,2,-17.0462696,-10.9528255
b-v6h-gain-69c2a99a-cB,chain@b-v6h.k1g+p2f+gain:teacher:N06:s911:pPOST:VENV,chain,N06,911.0,b-v6h,0.0,1.0,1.0,k1g,p2f,,0.0,ENV,1.0,0.963,0.087,-2.7,-37.0,STAGE_BUDGET_EXHAUSTED,0.0,hR2_08,1.5509465,0.0989421,0.0,axial,loaded,6.1,24.7,550.0,-32.2764275,12.3366072,34.5537212,-1.5144092,1.1766057,-586.9845369,36.9980794,-2.6910149,0.151527,1236.9845369,682.2764275,C/N06,C,2,12.4574022,-10.0816488
b-v6h-gain-69c2a99a-cB,chain@b-v6h.k1g+p2f+gain:teacher:N07:s911:pPOST:VENV,chain,N07,911.0,b-v6h,0.0,1.0,1.0,k1g,p2f,,0.0,ENV,1.0,0.961,0.094,2.61,-39.0,STAGE_BUDGET_EXHAUSTED,0.0,hR2_05,-2.5982391,1.0429111,0.0,axial,loaded,6.1,24.7,550.0,-33.0311607,14.7148708,36.1605448,-0.541518,-3.1608726,-588.9878006,44.000355,2.6193546,0.5290004,1238.9878006,683.0311607,C/N07,C,2,15.2343636,3.3915152
b-v6h-gain-69c2a99a-cB,chain@b-v6h.k1g+p2f+gain:teacher:N08:s911:pPOST:VENV,chain,N08,911.0,b-v6h,0.0,1.0,1.0,k1g,p2f,,0.0,ENV,1.0,0.963,0.091,-1.23,-37.0,STAGE_BUDGET_EXHAUSTED,0.0,hR2_04,-1.8289117,1.1051911,0.0,axial,loaded,6.1,24.7,550.0,-31.4158697,12.5471737,33.8288107,-1.9693866,-0.7486831,-586.9870694,40.9991212,-1.2207036,0.5977003,1236.9870694,681.4158697,C/N08,C,2,12.7044416,-17.2347906
b-v6h-gain-69c2a99a-cB,chain@b-v6h.k1g+p2f+gain:teacher:N09:s911:pPOST:VENV,chain,N09,911.0,b-v6h,0.0,1.0,1.0,k1g,p2f,,0.0,ENV,1.0,0.947,0.067,2.72,-53.0,STAGE_BUDGET_EXHAUSTED,0.0,hR2_06,-0.7670997,1.0277417,0.0,axial,loaded,6.1,24.7,550.0,-46.9750971,14.3086442,49.1059777,0.834802,-1.8944425,-603.0019991,17.0050888,2.7292445,0.5307885,1253.0019992,696.9750971,C/N09,C,2,14.8653058,6.503913
b-v6h-gain-69c2a99a-cB,chain@b-v6h.k1g+p2f+gain:teacher:N10:s911:pPOST:VENV,chain,N10,911.0,b-v6h,0.0,1.0,1.0,k1g,p2f,,0.0,ENV,1.0,0.947,0.103,-0.91,-53.0,STAGE_BUDGET_EXHAUSTED,0.0,hR2_10,9.3076437,0.266957,0.0,axial,loaded,6.1,24.7,550.0,-47.9196747,4.6848068,48.1481322,-1.8293098,-0.9286678,-602.9893744,52.9997802,-0.900642,0.3478026,1252.9893744,697.9196747,C/N10,C,2,5.3536,-22.4388901
b-v6h-gain-69c2a99a-cB,chain@b-v6h.k1g+p2f+gain:teacher:N11:s913:pPOST:VENV,chain,N11,913.0,b-v6h,0.0,1.0,1.0,k1g,p2f,,0.0,ENV,1.0,0.989,0.048,-2.78,-11.0,STAGE_BUDGET_EXHAUSTED,0.0,hR2_03,7.64282,0.1603265,0.0,axial,loaded,6.1,24.7,550.0,-6.1347363,-27.8506831,28.5183369,-2.6374686,0.1335441,-560.984545,-2.0019373,-2.7710128,0.1220614,1210.984545,656.1347363,C/N11,C,2,-27.8752202,-57.9434778
b-v6h-gain-5bfd95f0-tR,chain@b-v6h.k1g+p2f+gain+alag:teacher:hR2_01:s913:pPOST:VhR2,chain,hR2_01,913.0,b-v6h,1.0,1.0,1.0,k1g,p2f,,0.0,hR2,1.0,0.9998709,0.0493289,-0.0170326,-0.1291176,STAGE_BUDGET_EXHAUSTED,0.0,hR2_01,6.9565217,0.1747841,0.0,axial,loaded,6.1,24.4,550.0,-11.1360315,6.8311117,13.0642751,1.9535744,1.9674971,-550.1470515,-1.3216854,-0.0139227,0.192851,1200.1470515,661.1360315,R/hR2_01,R,2,6.7607347,32.7932255
b-v6h-gain-5bfd95f0-tR,chain@b-v6h.k1g+p2f+gain+alag:teacher:hR2_02:s913:pPOST:VhR2,chain,hR2_02,913.0,b-v6h,1.0,1.0,1.0,k1g,p2f,,0.0,hR2,1.0,0.9998864,0.0493178,-0.0181797,-0.1136337,STAGE_BUDGET_EXHAUSTED,0.0,hR2_02,7.6446853,0.160777,0.0,axial,loaded,6.1,24.4,550.0,-11.1585296,7.6090447,13.5059374,2.0098001,2.0261107,-550.1264334,-1.3239081,-0.0163106,0.1894328,1200.1264334,661.1585296,R/hR2_02,R,2,7.5010514,33.8746442
b-v6h-gain-5bfd95f0-tR,chain@b-v6h.k1g+p2f+gain+alag:teacher:hR2_03:s911:pPOST:VhR2,chain,hR2_03,911.0,b-v6h,1.0,1.0,1.0,k1g,p2f,,0.0,hR2,1.0,0.9998864,0.0493178,-0.0181797,-0.1136337,STAGE_BUDGET_EXHAUSTED,0.0,hR2_03,7.64282,0.1603265,0.0,axial,loaded,6.1,24.4,550.0,-11.128025,7.5961496,13.4734713,2.0141284,2.030439,-550.1264334,-1.3239081,-0.0163106,0.1862529,1200.1264334,661.128025,R/hR2_03,R,2,7.6032119,34.8745964
b-v6h-gain-5bfd95f0-tR,chain@b-v6h.k1g+p2f+gain+alag:teacher:hR2_04:s911:pPOST:VhR2,chain,hR2_04,911.0,b-v6h,1.0,1.0,1.0,k1g,p2f,,0.0,hR2,0.9,0.9298392,-0.0204454,-3.9014938,29.8391641,STAGE_BUDGET_EXHAUSTED,0.0,hR2_04,-1.8289117,1.1051911,0.0,axial,loaded,6.1,26.4,650.0,21.8384481,-67.3478645,70.8000894,-2.1347541,1.7128074,-620.1070524,-70.5163715,-3.8475615,0.9369078,1270.1070524,628.1615519,R/hR2_04,R,2,-66.9596077,-61.2804662
b-v6h-gain-5bfd95f0-tR,chain@b-v6h.k1g+p2f+gain+alag:teacher:hR2_05:s911:pPOST:VhR2,chain,hR2_05,911.0,b-v6h,1.0,1.0,1.0,k1g,p2f,,0.0,hR2,0.9,0.9298392,-0.0204454,-3.9014938,29.8391641,STAGE_BUDGET_EXHAUSTED,0.0,hR2_05,-2.5982391,1.0429111,0.0,axial,loaded,6.1,26.4,650.0,21.9525673,-62.5562912,66.2963407,-1.8060101,2.0415514,-620.1070524,-70.5163715,-3.8475615,0.8700723,1270.1070524,628.0474327,R/hR2_05,R,2,-62.3418844,-53.2462217
b-v6h-gain-5bfd95f0-tR,chain@b-v6h.k1g+p2f+gain+alag:teacher:hR2_06:s911:pPOST:VhR2,chain,hR2_06,911.0,b-v6h,1.0,1.0,1.0,k1g,p2f,,0.0,hR2,0.9,0.9298392,-0.0204454,-3.9014938,29.8391641,STAGE_BUDGET_EXHAUSTED,0.0,hR2_06,-0.7670997,1.0277417,0.0,axial,loaded,6.1,26.4,650.0,21.9053689,-64.9871727,68.5797186,-1.8007367,2.0468248,-620.1070524,-70.5163715,-3.8475615,0.8580402,1270.1070524,628.0946311,R/hR2_06,R,2,-64.4491344,-57.861955
b-v6h-gain-5bfd95f0-tR,chain@b-v6h.k1g+p2f+gain+alag:teacher:hR2_07:s911:pPOST:VhR2,chain,hR2_07,911.0,b-v6h,1.0,1.0,1.0,k1g,p2f,,0.0,hR2,1.0,0.9999693,0.049602,-0.0051876,-0.0306685,STAGE_BUDGET_EXHAUSTED,0.0,hR2_07,4.3797482,0.2130501,0.0,axial,loaded,6.1,24.4,550.0,-10.7230622,3.1551838,11.1776226,1.6543227,1.6623842,-549.7434962,-0.7921627,-0.0080615,0.2434152,1199.7434962,660.7230622,R/hR2_07,R,2,3.361762,25.6576129
b-v6h-gain-5bfd95f0-tR,chain@b-v6h.k1g+p2f+gain+alag:teacher:hR2_08:s911:pPOST:VhR2,chain,hR2_08,911.0,b-v6h,1.0,1.0,1.0,k1g,p2f,,0.0,hR2,1.0,1.000238,0.0496072,0.0034585,0.2380098,STAGE_BUDGET_EXHAUSTED,0.0,hR2_08,1.5509465,0.0989421,0.0,axial,loaded,6.1,24.4,550.0,-10.6992574,8.0636705,13.397645,2.0667334,2.0669731,-549.4629138,-0.7671888,-0.0002397,0.0673098,1199.4629138,660.6992574,R/hR2_08,R,2,8.1319306,38.8058659
b-v6h-gain-5bfd95f0-tR,chain@b-v6h.k1g+p2f+gain+alag:teacher:hR2_09:s911:pPOST:VhR2,chain,hR2_09,911.0,b-v6h,1.0,1.0,1.0,k1g,p2f,,0.0,hR2,1.0,0.9999894,0.0495928,0.0013093,-0.0106455,STAGE_BUDGET_EXHAUSTED,0.0,hR2_09,7.3275643,0.1628009,0.0,axial,loaded,6.1,24.4,550.0,-10.7379626,6.0877047,12.3435809,1.822113,1.819483,-550.0312794,-0.8561394,0.00263,0.1437163,1200.0312794,660.7379626,R/hR2_09,R,2,6.1294791,30.8445966
b-v6h-gain-5bfd95f0-tR,chain@b-v6h.k1g+p2f+gain+alag:teacher:hR2_10:s911:pPOST:VhR2,chain,hR2_10,911.0,b-v6h,1.0,1.0,1.0,k1g,p2f,,0.0,hR2,1.0,0.9999444,0.049645,0.0141181,-0.0555514,STAGE_BUDGET_EXHAUSTED,0.0,hR2_10,9.3076437,0.266957,0.0,axial,loaded,6.1,24.4,550.0,-10.4151382,1.8235867,10.5735789,1.4876372,1.4758794,-550.2755834,-0.711106,0.0117578,0.2175478,1200.2755834,660.4151382,R/hR2_10,R,2,1.7671733,22.9097858
b-v6h-gain-5bfd95f0-tS,chain@b-v6h.k1g+p2f+gain+alag:teacher:S01:s911:pPOST:VENVS,chain,S01,911.0,b-v6h,1.0,1.0,1.0,k1g,p2f,,0.0,ENVS,1.0,0.954,0.101,2.37,-46.0,STAGE_BUDGET_EXHAUSTED,0.0,hR2_04,-1.8289117,1.1051911,0.0,axial,loaded,6.1,24.4,550.0,-55.8359499,8.6994305,56.5095867,-1.3081769,-3.6876933,-596.0026492,51.0027066,2.3795164,0.5971751,1246.0026492,705.8359499,S/S01,S,2,9.3317793,-10.7647406
b-v6h-gain-5bfd95f0-tS,chain@b-v6h.k1g+p2f+gain+alag:teacher:S02:s913:pPOST:VENVS,chain,S02,913.0,b-v6h,1.0,1.0,1.0,k1g,p2f,,0.0,ENVS,1.0,0.969,0.044,0.35,-31.0,STAGE_BUDGET_EXHAUSTED,0.0,hR2_02,7.6446853,0.160777,0.0,axial,loaded,6.1,24.4,550.0,-40.8752979,-2.6687071,40.9623239,0.3750133,0.0160117,-580.9844586,-6.0010449,0.3590016,0.1226924,1230.9844586,690.8752979,S/S02,S,2,-2.6776804,2.5931444
b-v6h-gain-5bfd95f0-tS,chain@b-v6h.k1g+p2f+gain+alag:teacher:S03:s911:pPOST:VENVS,chain,S03,911.0,b-v6h,1.0,1.0,1.0,k1g,p2f,,0.0,ENVS,1.0,1.016,0.094,3.75,16.0,STAGE_BUDGET_EXHAUSTED,0.0,hR2_08,1.5509465,0.0989421,0.0,axial,loaded,6.1,24.4,550.0,6.6837725,24.4933077,25.3888743,0.5619164,-3.1973281,-534.0020903,44.005052,3.7592445,0.1503507,1184.0020903,643.3162275,S/S03,S,2,25.173877,15.0598271
b-v6h-gain-5bfd95f0-tS,chain@b-v6h.k1g+p2f+gain+alag:teacher:S04:s911:pPOST:VENVS,chain,S04,911.0,b-v6h,1.0,1.0,1.0,k1g,p2f,,0.0,ENVS,1.1,1.054,0.094,1.66,-46.0,STAGE_BUDGET_EXHAUSTED,0.0,hR2_07,4.3797482,0.2130501,0.0,axial,loaded,6.1,22.5,450.0,-52.8343565,18.8633067,56.1007448,-0.5657902,-2.2356239,-495.9953117,44.0015576,1.6698338,0.2416157,1145.9953117,702.8343565,S/S04,S,2,19.4091241,8.1726267
b-v6h-gain-5bfd95f0-tS,chain@b-v6h.k1g+p2f+gain+alag:teacher:S05:s913:pPOST:VENVS,chain,S05,913.0,b-v6h,1.0,1.0,1.0,k1g,p2f,,0.0,ENVS,1.0,0.973,0.065,1.52,-27.0,STAGE_BUDGET_EXHAUSTED,0.0,hR2_03,7.64282,0.1603265,0.0,axial,loaded,6.1,24.4,550.0,-36.6225711,24.8848285,44.2771657,1.2957617,-0.2335168,-576.987614,14.9996988,1.5292784,0.116983,1226.987614,686.6225711,S/S05,S,2,24.3528533,36.6173863
b-v6h-gain-5bfd95f0-tS,chain@b-v6h.k1g+p2f+gain+alag:teacher:S06:s913:pPOST:VENVS,chain,S06,913.0,b-v6h,1.0,1.0,1.0,k1g,p2f,,0.0,ENVS,1.0,1.02,-0.009,1.08,20.0,STAGE_BUDGET_EXHAUSTED,0.0,hR2_10,9.3076437,0.266957,0.0,axial,loaded,6.1,24.4,550.0,9.7934947,-46.2642552,47.2894686,-1.4709235,-2.5605205,-529.9978711,-58.9931669,1.089597,0.3588029,1179.9978711,640.2065053,S/S06,S,2,-46.5779721,-64.9041396
b-v6h-gain-5bfd95f0-tS,chain@b-v6h.k1g+p2f+gain+alag:teacher:S07:s911:pPOST:VENVS,chain,S07,911.0,b-v6h,1.0,1.0,1.0,k1g,p2f,,0.0,ENVS,0.9,0.932,0.037,-4.16,32.0,STAGE_BUDGET_EXHAUSTED,0.0,hR2_05,-2.5982391,1.0429111,0.0,axial,loaded,6.1,26.4,650.0,23.3265272,-52.9740446,57.882435,-3.7191504,0.4318716,-617.9848186,-13.0023715,-4.151022,0.5246534,1267.9848186,626.6734728,S/S07,S,2,-52.7029353,-62.1829018
b-v6h-gain-5bfd95f0-tS,chain@b-v6h.k1g+p2f+gain+alag:teacher:S08:s911:pPOST:VENVS,chain,S08,911.0,b-v6h,1.0,1.0,1.0,k1g,p2f,,0.0,ENVS,1.0,1.018,0.103,2.98,18.0,STAGE_BUDGET_EXHAUSTED,0.0,hR2_09,7.3275643,0.1628009,0.0,axial,loaded,6.1,24.4,550.0,8.1433679,13.6461318,15.8912352,-0.5956123,-3.5849682,-531.9878052,53.0004295,2.9893559,0.1655596,1181.9878052,641.8566321,S/S08,S,2,14.564983,4.7434455
b-v6h-gain-5bfd95f0-tS,chain@b-v6h.k1g+p2f+gain+alag:teacher:S09:s911:pPOST:VENVS,chain,S09,911.0,b-v6h,1.0,1.0,1.0,k1g,p2f,,0.0,ENVS,1.0,1.007,0.099,1.8,7.0,STAGE_BUDGET_EXHAUSTED,0.0,hR2_06,-0.7670997,1.0277417,0.0,axial,loaded,6.1,24.4,550.0,-2.6862491,12.3299037,12.6191306,-1.1591733,-2.9687829,-542.9949395,49.0036598,1.8096096,0.5169612,1192.9949395,652.6862491,S/S09,S,2,12.8008082,-5.6376581
b-v6h-gain-5bfd95f0-tS,chain@b-v6h.k1g+p2f+gain+alag:teacher:S10:s911:pPOST:VENVS,chain,S10,911.0,b-v6h,1.0,1.0,1.0,k1g,p2f,,0.0,ENVS,1.0,0.97,0.003,-1.64,-30.0,STAGE_BUDGET_EXHAUSTED,0.0,hR2_01,6.9565217,0.1747841,0.0,axial,loaded,6.1,24.4,550.0,-39.8464612,-40.0563666,56.5000263,-0.6686006,0.9619051,-580.0025635,-46.9970241,-1.6305057,0.1159254,1230.0025635,689.8464612,S/S10,S,2,-39.6371152,-45.6586913
b-v6h-gain-5bfd95f0-tS,chain@b-v6h.k1g+p2f+gain+alag:teacher:S11:s911:pPOST:VENVS,chain,S11,911.0,b-v6h,1.0,1.0,1.0,k1g,p2f,,0.0,ENVS,1.0,1.034,0.033,-1.04,34.0,STAGE_BUDGET_EXHAUSTED,0.0,hR2_04,-1.8289117,1.1051911,0.0,axial,loaded,6.1,24.4,550.0,23.6637689,-26.2762199,35.361189,-1.0379715,-0.0073436,-515.9874344,-17.0001273,-1.0306279,0.6100673,1165.9874344,626.3362311,S/S11,S,2,-26.2738421,-40.9196063
b-v6h-gain-5bfd95f0-tS,chain@b-v6h.k1g+p2f+gain+alag:teacher:S12:s911:pPOST:VENVS,chain,S12,911.0,b-v6h,1.0,1.0,1.0,k1g,p2f,,0.0,ENVS,0.9,0.929,0.042,3.14,29.0,STAGE_BUDGET_EXHAUSTED,0.0,hR2_02,7.6446853,0.160777,0.0,axial,loaded,6.1,26.4,650.0,20.7018634,22.3807772,30.4871503,2.5506052,-0.5986393,-621.0020364,-7.994926,3.1492445,0.0975818,1271.0020364,629.2981366,S/S12,S,2,22.4244489,35.9624393
b-v6h-gain-f5d83fdb-tX1,chain@b-v6h.k1g+p2f+gain+alag:teacher:X00_F_hR2_04:s911:pPOST:VENVS,chain,X00_F_hR2_04,911.0,b-v6h,1.0,1.0,1.0,k1g,p2f,,0.0,ENVS,0.9,0.9298,-0.0204,-3.901,29.8,STAGE_BUDGET_EXHAUSTED,0.0,hR2_04,-1.8289117,1.1051911,0.0,axial,loaded,6.1,26.4,650.0,21.8271064,-46.1383869,51.0408985,-1.9563803,1.9356084,-620.1846039,-70.4021762,-3.8919887,0.5982558,1270.1846039,628.1728936,X/X00_F_hR2_04,X,2,-45.5522812,-44.6570302
b-v6h-gain-f5d83fdb-tX1,chain@b-v6h.k1g+p2f+gain+alag:teacher:X01:s913:pPOST:VENVS,chain,X01,913.0,b-v6h,1.0,1.0,1.0,k1g,p2f,,0.0,ENVS,0.9,0.94,0.05,-3.51,40.0,STAGE_BUDGET_EXHAUSTED,0.0,hR2_07,4.3797482,0.2130501,0.0,axial,loaded,6.1,26.4,650.0,31.4724268,-37.6072426,49.0389472,-3.3243014,0.1763426,-609.9878308,-0.0009455,-3.500644,0.2442388,1259.9878308,618.5275732,X/X01,X,2,-37.6169028,-69.6489015
b-v6h-gain-f5d83fdb-tX1,chain@b-v6h.k1g+p2f+gain+alag:teacher:X02:s911:pPOST:VENVS,chain,X02,911.0,b-v6h,1.0,1.0,1.0,k1g,p2f,,0.0,ENVS,0.9,0.934,-0.004,-0.3,34.0,STAGE_BUDGET_EXHAUSTED,0.0,hR2_05,-2.5982391,1.0429111,0.0,axial,loaded,6.1,26.4,650.0,26.3124146,-49.2613264,55.8482,-2.0378201,-1.7470991,-615.9876277,-54.000703,-0.290721,0.5379056,1265.9876277,623.6875854,X/X02,X,2,-49.0392645,-67.092061
b-v6h-gain-f5d83fdb-tX1,chain@b-v6h.k1g+p2f+gain+alag:teacher:X03:s911:pPOST:VENVS,chain,X03,911.0,b-v6h,1.0,1.0,1.0,k1g,p2f,,0.0,ENVS,0.9,0.926,0.062,4.24,26.0,STAGE_BUDGET_EXHAUSTED,0.0,hR2_02,7.6446853,0.160777,0.0,axial,loaded,6.1,26.4,650.0,18.7334648,27.5827123,33.3428962,2.3216271,-1.9277072,-623.9876526,12.0006169,4.2493343,0.1197728,1273.9876526,631.2665352,X/X03,X,2,28.2190118,15.3122425
b-v6h-gain-f5d83fdb-tX1,chain@b-v6h.k1g+p2f+gain+alag:teacher:X04:s911:pPOST:VENVS,chain,X04,911.0,b-v6h,1.0,1.0,1.0,k1g,p2f,,0.0,ENVS,1.0,0.972,0.096,3.4,-28.0,STAGE_BUDGET_EXHAUSTED,0.0,hR2_04,-1.8289117,1.1051911,0.0,axial,loaded,6.1,24.4,550.0,-37.5937428,8.026633,38.4410762,-0.8153248,-4.2246037,-577.9876106,46.0001022,3.4092788,0.6124943,1227.9876106,687.5937428,X/X04,X,2,8.6609819,-7.2578884
b-v6h-gain-f5d83fdb-tX1,chain@b-v6h.k1g+p2f+gain+alag:teacher:X05:s911:pPOST:VENVS,chain,X05,911.0,b-v6h,1.0,1.0,1.0,k1g,p2f,,0.0,ENVS,1.0,0.966,0.051,-0.72,-34.0,STAGE_BUDGET_EXHAUSTED,0.0,hR2_09,7.3275643,0.1628009,0.0,axial,loaded,6.1,24.4,550.0,-43.9008176,-5.6757877,44.2661988,-0.6539,0.0571034,-583.9845212,0.9986866,-0.7110033,0.138957,1233.9845212,693.9008176,X/X05,X,2,-5.658446,-14.8955665
b-v6h-gain-5bfd95f0-tX1b,chain@b-v6h.k1g+p2f+gain+alag:teacher:X06:s913:pPOST:VENVS,chain,X06,913.0,b-v6h,1.0,1.0,1.0,k1g,p2f,,0.0,ENVS,1.0,1.019,-0.003,-1.09,19.0,STAGE_BUDGET_EXHAUSTED,0.0,hR2_04,-1.8289117,1.1051911,0.0,axial,loaded,6.1,24.4,550.0,8.7467259,-48.0931213,48.8820368,-2.2202531,-1.1395823,-530.9899493,-53.0006957,-1.0806708,0.5750097,1180.9899493,641.2532741,X/X06,X,2,-48.2579887,-59.9918144
