name,x,y,yaw_deg,prior,sheet,pass_probability,L0_axial_min_mm,L1_axial_min_mm,L1_axial_max_mm
C01,1.015,-0.029,-2.0,hR2_09,coarse,0.9939208,4.7033343,5.5465435,10.6695435
C02,0.962,0.09,-4.34,hR2_02,coarse,0.9899884,-48.2966657,-47.4534565,-42.3304565
C03,1.043,0.087,-1.42,hR2_10,coarse,0.9979634,32.7033343,33.5465435,38.6695435
C04,1.056,0.097,-0.97,hR2_04,coarse,0.995966,-51.6327512,-50.789542,-45.6665421
C05,0.935,0.028,-3.53,hR2_01,coarse,0.99879,27.1632225,28.0064317,33.1294317
C06,0.988,0.088,-2.3,hR2_06,coarse,0.9957749,-22.2966657,-21.4534565,-16.3304565
C07,0.931,0.088,2.17,hR2_04,coarse,0.998,23.1632225,24.0064317,29.1294317
C08,0.981,0.102,0.15,hR2_09,coarse,0.9979483,-29.2966657,-28.4534565,-23.3304565
C09,0.967,0.037,2.17,hR2_06,coarse,0.9979819,-43.2966657,-42.4534565,-37.3304565
C10,0.973,0.026,0.24,hR2_02,coarse,0.9988424,-37.2966657,-36.4534565,-31.3304565
C11,0.922,0.002,4.48,hR2_06,coarse,0.9988569,14.1632225,15.0064317,20.1294317
C12,0.952,-0.027,-3.83,hR2_04,coarse,0.6112149,-58.2966657,-57.4534565,-52.3304565
C13,1.051,0.017,1.86,hR2_09,coarse,0.9972383,-56.6327512,-55.789542,-50.6665421
C14,1.059,0.049,-4.46,hR2_05,coarse,0.908289,-48.6327512,-47.789542,-42.6665421
C15,1.016,0.005,3.69,hR2_02,coarse,0.9969603,5.7033343,6.5465435,11.6695435
C16,0.964,-0.014,-0.8,hR2_10,coarse,0.9946565,-46.2966657,-45.4534565,-40.3304565
C17,1.03,0.034,1.1,hR2_07,coarse,0.9994638,19.7033343,20.5465435,25.6695435
C18,1.04,0.087,-0.33,hR2_09,coarse,0.9980801,29.7033343,30.5465435,35.6695435
C19,1.015,0.037,-0.58,hR2_05,coarse,0.9979194,4.7033343,5.5465435,10.6695435
C20,1.002,0.098,-0.88,hR2_01,coarse,0.9979973,-8.2966657,-7.4534565,-2.3304565
C21,1.016,-0.007,3.57,hR2_01,coarse,0.9968706,5.7033343,6.5465435,11.6695435
C22,0.955,0.067,1.83,hR2_02,coarse,0.9994561,-55.2966657,-54.4534565,-49.3304565
C23,1.057,0.022,-4.33,hR2_07,coarse,0.9629504,-50.6327512,-49.789542,-44.6665421
C24,0.976,0.004,-2.95,hR2_02,coarse,0.995762,-34.2966657,-33.4534565,-28.3304565
C25,1.069,0.076,0.68,hR2_06,coarse,0.9979715,-38.6327512,-37.789542,-32.6665421
C26,0.987,0.101,3.78,hR2_06,coarse,0.998,-23.2966657,-22.4534565,-17.3304565
C27,0.947,0.06,-3.36,hR2_02,coarse,0.9980945,39.1632225,40.0064317,45.1294317
C28,0.961,0.061,2.93,hR2_09,coarse,0.9994008,-49.2966657,-48.4534565,-43.3304565
C29,1.07,-0.028,4.24,hR2_10,coarse,0.9956228,-37.6327512,-36.789542,-31.6665421
C30,1.053,0.034,-1.65,hR2_07,coarse,0.9997855,-54.6327512,-53.789542,-48.6665421
C31,0.938,0.072,-3.47,hR2_07,coarse,0.9970532,30.1632225,31.0064317,36.1294317
C32,0.98,0.048,-0.42,hR2_06,coarse,0.9979112,-30.2966657,-29.4534565,-24.3304565
C33,0.98,0.058,-1.53,hR2_09,coarse,0.9999919,-30.2966657,-29.4534565,-24.3304565
C34,1.029,0.072,-3.82,hR2_06,coarse,0.9851562,18.7033343,19.5465435,24.6695435
C35,1.035,0.062,0.43,hR2_03,coarse,0.999698,24.7033343,25.5465435,30.6695435
C36,1.041,0.098,2.37,hR2_06,coarse,0.998,30.7033343,31.5465435,36.6695435
C37,1.062,0.027,-2.35,hR2_01,coarse,0.9995649,-45.6327512,-44.789542,-39.6665421
C38,0.941,-0.015,1.1,hR2_09,coarse,0.9970449,33.1632225,34.0064317,39.1294317
C39,1.006,0.086,0.84,hR2_10,coarse,0.9980396,-4.2966657,-3.4534565,1.6695435
C40,1.068,0.014,-1.15,hR2_03,coarse,0.99853,-39.6327512,-38.789542,-33.6665421
C41,0.958,0.018,-4.45,hR2_05,coarse,0.8175414,-52.2966657,-51.4534565,-46.3304565
C42,0.927,0.065,3.64,hR2_05,coarse,0.998,19.1632225,20.0064317,25.1294317
C43,0.983,0.026,-1.51,hR2_05,coarse,0.996144,-27.2966657,-26.4534565,-21.3304565
C44,0.952,0.042,4.13,hR2_09,coarse,0.9978169,-58.2966657,-57.4534565,-52.3304565
C45,0.931,0.086,-0.97,hR2_09,coarse,0.998074,23.1632225,24.0064317,29.1294317
C46,1.015,-0.006,-2.13,hR2_10,coarse,0.9974809,4.7033343,5.5465435,10.6695435
C47,1.047,0.068,-2.18,hR2_05,coarse,0.9940312,36.7033343,37.5465435,42.6695435
C48,0.992,0.056,-3.48,hR2_05,coarse,0.9877077,-18.2966657,-17.4534565,-12.3304565
C49,0.992,-0.002,-1.8,hR2_01,coarse,0.9977064,-18.2966657,-17.4534565,-12.3304565
C50,0.942,0.061,-1.28,hR2_06,coarse,0.9972014,34.1632225,35.0064317,40.1294317
C51,0.972,0.028,1.96,hR2_08,coarse,0.9977618,-38.2966657,-37.4534565,-32.3304565
C52,0.991,-0.011,1.54,hR2_10,coarse,0.9972866,-19.2966657,-18.4534565,-13.3304565
C53,1.012,0.09,-1.77,hR2_07,coarse,0.9979625,1.7033343,2.5465435,7.6695435
C54,1.003,-0.025,-0.02,hR2_09,coarse,0.9970812,-7.2966657,-6.4534565,-1.3304565
C55,1.008,0.01,-3.6,hR2_01,coarse,0.9977931,-2.2966657,-1.4534565,3.6695435
C56,0.97,0.086,0.06,hR2_06,coarse,0.9978247,-40.2966657,-39.4534565,-34.3304565
C57,1.033,-0.002,0.34,hR2_03,coarse,0.997409,22.7033343,23.5465435,28.6695435
C58,1.053,-0.004,2.86,hR2_02,coarse,0.9965717,-54.6327512,-53.789542,-48.6665421
C59,0.941,0.045,0.53,hR2_04,coarse,0.9979492,33.1632225,34.0064317,39.1294317
C60,1.058,0.026,0.89,hR2_06,coarse,0.9976771,-49.6327512,-48.789542,-43.6665421
