stage,load,axis,leg,axial_lag,lateral_lag,gain_fix,axial_mm_n,axial_mm_mean,axial_mm_sd,axial_mm_min,axial_mm_max,axial_mm_abs_p50,axial_mm_abs_p90,axial_mm_abs_p95,axial_mm_abs_max,axial_mm_excess_kurtosis,lateral_mm_n,lateral_mm_mean,lateral_mm_sd,lateral_mm_min,lateral_mm_max,lateral_mm_abs_p50,lateral_mm_abs_p90,lateral_mm_abs_p95,lateral_mm_abs_max,lateral_mm_excess_kurtosis,yaw_end_deg_n,yaw_end_deg_mean,yaw_end_deg_sd,yaw_end_deg_min,yaw_end_deg_max,yaw_end_deg_abs_p50,yaw_end_deg_abs_p90,yaw_end_deg_abs_p95,yaw_end_deg_abs_max,yaw_end_deg_excess_kurtosis
carry,loaded,axial,0.0,0.0,0.0,0.0,16,7.9530631,0.6640832,6.3786264,8.7132367,8.3212306,8.465161,8.559885,8.7132367,-0.0975334,16,3.324739,21.0134163,-43.6239772,46.108142,6.2851495,41.7674833,44.2450184,46.108142,0.4357915,16,0.1342379,1.3030625,-2.2328285,2.6004677,0.2839935,2.3359756,2.479459,2.6004677,-0.1972937
carry,loaded,axial,0.0,0.0,1.0,0.0,132,24.7121595,24.6857078,-35.8515812,68.6163887,19.3369686,51.0789808,56.8408674,68.6163887,-0.6846344,132,-0.8960246,34.035788,-69.3731054,94.4450378,11.9239412,66.8374706,69.3731054,94.4450378,0.35415,132,0.8121409,1.8436915,-3.3209938,5.0144042,1.8918725,2.9601275,3.4110458,5.0144042,-0.5291383
carry,loaded,axial,1.0,0.0,0.0,0.0,16,40.8298734,0.9944368,38.6979818,41.717809,41.3518794,41.711559,41.7145156,41.717809,-0.3416804,16,6.5821666,34.134247,-68.8391692,69.1242009,15.8677519,65.4975934,68.9104271,69.1242009,-0.05143,16,0.4208727,2.1019851,-3.8184999,4.8260715,0.4170274,4.1331585,4.5423807,4.8260715,0.6779417
carry,loaded,axial,1.0,0.0,1.0,0.0,152,-2.9607317,194.1037807,-733.8243649,90.6765858,41.6118556,78.9454537,728.4453223,733.8243649,10.0267679,152,3.8918253,87.9786991,-271.4431724,270.2633409,24.2473276,144.0438589,241.875016,271.4431724,2.5646096,152,1.0967357,2.6011815,-6.8166881,7.3215296,1.8343416,4.6646345,5.3045538,7.3215296,0.0785821
carry,loaded,axial,2.0,0.0,0.0,0.0,6,34.9594887,0.0046596,34.9523469,34.9662596,34.9603521,34.9643835,34.9653215,34.9662596,-1.1696546,6,16.4380908,3.6826305,12.5617756,20.5619322,16.4918334,20.2362464,20.3990893,20.5619322,-1.9748047,6,0.0564363,0.003105,0.0521918,0.0613159,0.0565544,0.0600268,0.0606714,0.0613159,-1.1690202
carry,loaded,axial,2.0,0.0,1.0,0.0,73,47.3082334,25.599893,-8.9222324,85.1279218,62.6503812,78.2643023,82.6539337,85.1279218,-0.1405208,73,7.078288,30.3305253,-70.7970552,77.0883728,19.7711324,55.6340634,60.3975147,77.0883728,0.5747303,73,1.1797881,2.2865963,-3.8833744,6.6247423,0.895651,3.9795405,4.9279226,6.6247423,-0.2418637
carry,loaded,axial,6.0,0.0,0.0,0.0,6,27.1002903,0.0410293,27.0357072,27.1620206,27.090387,27.1510359,27.1565282,27.1620206,-0.9678748,6,0.2851533,0.2386199,0.0376846,0.5446754,0.2794455,0.5369682,0.5408218,0.5446754,-1.9814209,6,-0.075462,0.0768086,-0.1739317,0.0039918,0.0678561,0.1610147,0.1674732,0.1739317,-1.8898492
carry,loaded,axial,6.0,0.0,1.0,0.0,77,39.1539014,25.060312,-21.0562093,77.2713405,55.3223391,57.2473842,68.6899396,77.2713405,0.2392688,77,10.9039591,37.9534807,-71.5853834,90.0881761,17.0984637,71.5853834,73.0741972,90.0881761,-0.1430711,77,1.3897556,2.4102388,-4.4786951,7.3124471,1.98063,4.0291066,6.310361,7.3124471,0.1188578
carry,loaded,axial,7.0,0.0,0.0,0.0,3,27.3895007,0.005387,27.3827583,27.3959436,27.3898003,27.3947149,27.3953293,27.3959436,-1.5,3,0.9939819,0.0748709,0.9194449,1.0963784,0.9661223,1.0703272,1.0833528,1.0963784,-1.5,3,0.0768344,0.0039409,0.0735668,0.0823781,0.0745582,0.0808141,0.0815961,0.0823781,-1.5
carry,loaded,axial,7.0,0.0,1.0,0.0,26,23.8221715,13.9470086,11.924009,44.6786653,14.6974696,44.5692995,44.6503827,44.6786653,-1.3795813,26,-2.2185475,39.766744,-64.1671352,80.6125657,15.7980881,64.7412376,75.5807642,80.6125657,-0.2958031,26,0.5827084,1.8930181,-2.8826115,4.3776053,1.7873541,2.6302539,3.3440463,4.3776053,-1.0033771
carry,loaded,lateral,3.0,0.0,0.0,0.0,17,13.1242643,46.0945302,-22.1990188,112.4096704,7.1912041,112.106289,112.3082167,112.4096704,0.8234638,17,-6.002409,20.5665443,-64.1667353,30.7561667,2.521197,33.9211321,43.7682113,64.1667353,1.9587707,17,-0.1894656,0.3658494,-1.0600425,0.4786255,0.1407026,0.7105533,0.8239911,1.0600425,0.2330709
carry,loaded,lateral,3.0,0.0,1.0,0.0,81,-13.7236987,25.0436444,-92.3799248,36.8979376,10.4196285,55.5656932,65.5775245,92.3799248,1.5682425,81,18.0025068,23.4450271,-43.6833489,71.9525782,22.8955105,48.6489704,71.7977211,71.9525782,0.3207906,81,0.259448,1.8177498,-4.4558165,6.0526388,0.4913079,3.6006107,4.1012502,6.0526388,2.1689075
carry,loaded,lateral,4.0,0.0,0.0,0.0,6,53.891319,58.4624134,-4.5860565,112.4311002,58.4433353,112.3802707,112.4056854,112.4311002,-1.9999981,6,-1.5405977,0.9250106,-2.5004734,-0.552837,1.5765358,2.4772923,2.4888828,2.5004734,-1.9872376,6,-0.0777169,0.0601755,-0.138257,-0.0152558,0.0791268,0.1381489,0.138203,0.138257,-1.9966834
carry,loaded,lateral,4.0,0.0,1.0,0.0,48,-5.167601,7.3718315,-29.7945826,8.7008495,6.8604523,12.7318998,12.8225852,29.7945826,1.0213005,48,16.0375253,25.7627175,-44.113152,72.6238396,23.1276138,52.655204,72.6238396,72.6238396,0.5946099,48,-0.2276965,0.8366073,-2.0130401,1.4904415,0.3494977,1.5398693,1.9165493,2.0130401,0.6858419
carry,loaded,lateral,5.0,0.0,0.0,0.0,6,53.7362987,58.3496421,-4.6447027,112.3206732,58.2453761,112.2056418,112.2631575,112.3206732,-1.9999776,6,-1.6840779,1.0626469,-2.9561803,-0.58529,1.6307387,2.8247018,2.8904411,2.9561803,-1.9482717,6,-0.0886458,0.0696708,-0.1737021,-0.0177479,0.0822209,0.1646712,0.1691866,0.1737021,-1.9354691
carry,loaded,lateral,5.0,0.0,1.0,0.0,48,-5.5978237,7.1403032,-30.1738663,8.218729,6.2337807,12.8000725,12.8414681,30.1738663,1.4029863,48,16.1723904,25.6293706,-44.5176176,72.6733981,23.0115912,52.7562325,72.6733981,72.6733981,0.6107023,48,-0.2176153,0.8224496,-1.9715728,1.491071,0.3253074,1.5279974,1.8708295,1.9715728,0.7023624
chain,loaded,axial,0.0,0.0,1.0,0.0,179,6.4563562,28.1421929,-65.2438806,48.9309615,4.9433538,47.5188125,47.8814451,65.2438806,-0.0943882,179,-11.5699806,30.8329059,-69.1705,26.019221,8.7202348,66.6609613,68.3146596,69.1705,-0.7828596,179,0.2177283,1.7915065,-3.7185637,2.5507694,1.881833,2.1260664,2.1299034,3.7185637,-1.607887
chain,loaded,axial,0.0,0.0,1.0,1.0,134,-7.6940242,33.3759562,-65.2438806,57.0517194,31.4158697,51.0208656,65.2311177,65.2438806,-0.7868759,134,-10.6333614,26.856443,-69.1705,29.9124125,17.9256491,46.9145563,54.2827978,69.1705,-1.1516506,134,-0.8122147,1.499896,-3.7185637,2.5507694,1.6235989,2.4884608,2.640467,3.7185637,-0.4597472
chain,loaded,axial,0.0,1.0,1.0,1.0,74,-1.2582209,26.3842102,-55.8359499,31.4747442,21.8271064,40.8933908,52.8267626,55.8359499,-0.8108034,74,-13.7668495,32.1135396,-67.3478645,28.8553113,24.6890681,59.3814477,65.5416351,67.3478645,-1.4840221,74,-0.4207211,1.8968036,-3.7191504,2.5506052,1.8241889,3.0908689,3.4517463,3.7191504,-1.2067055
chain,loaded,axial,1.0,0.0,1.0,0.0,123,53.6664734,28.3043969,-17.8992694,96.4414994,51.3912741,94.5080758,94.608903,96.4414994,-0.3267337,123,1.8968414,36.2992193,-63.5995297,42.6191578,38.1011326,49.0830226,51.7788768,63.5995297,-1.54218,123,0.4917642,1.3729626,-1.8757839,2.2027251,1.5223819,2.0731812,2.1791819,2.2027251,-1.5344344
chain,loaded,axial,1.0,0.0,1.0,1.0,93,46.5800416,34.0385259,-17.9662484,104.4107124,50.9167117,94.7651967,97.2770405,104.4107124,-1.0041787,93,-16.2220921,34.9059259,-68.5269714,42.5353714,35.5569538,61.4695991,66.7919089,68.5269714,-1.3018254,93,-0.5291536,1.2580674,-2.2773239,2.1919521,1.202704,1.9975118,2.1577541,2.2773239,-0.4407874
chain,loaded,axial,1.0,1.0,1.0,1.0,68,3.1996076,26.5461692,-49.5770119,37.697855,27.9843477,37.4825275,46.0309465,49.5770119,-0.9647626,68,-13.4395882,39.0695248,-72.8859983,42.3511207,34.544645,64.6873883,66.1615988,72.8859983,-1.5517538,68,-0.2620296,1.3700594,-2.6220735,2.1329014,1.2701874,1.9422949,2.1139914,2.6220735,-1.1161488
