zone-team-a2	.pytest_cache	36
zone-team-a2	experiments/2026-09-25-zone-team-a2/__pycache__	20
zone-team-a2	harness/__pycache__	1056
zone-team-a2	scripts/__pycache__	564
zone-team-a2	sim/__pycache__	864
zone-team-a2	tests/__pycache__	744
kiro-ko-pilot-fix	.pytest_cache	24
kiro-ko-pilot-fix	harness/__pycache__	408
kiro-ko-pilot-fix	scripts/__pycache__	220
kiro-ko-pilot-fix	sim/__pycache__	44
kiro-ko-pilot-fix	tests/__pycache__	128
kiro-m2-pair-s2c-frozen	harness/__pycache__	628
kiro-m2-pair-s2c-frozen	scripts/__pycache__	188
kiro-m2-pair-s2c-frozen	sim/__pycache__	808
kiro-study-scenarios	.pytest_cache	36
kiro-study-scenarios	harness/__pycache__	888
kiro-study-scenarios	scripts/__pycache__	172
kiro-study-scenarios	sim/__pycache__	796
kiro-study-scenarios	tests/__pycache__	592
zone-m2-pair-s1-frozen	harness/__pycache__	612
zone-m2-pair-s1-frozen	scripts/__pycache__	188
zone-m2-pair-s1-frozen	sim/__pycache__	808
zone-m2-pair-s2-frozen	harness/__pycache__	620
zone-m2-pair-s2-frozen	scripts/__pycache__	188
zone-m2-pair-s2-frozen	sim/__pycache__	808
zone-m2-pair-s2b-frozen	harness/__pycache__	620
zone-m2-pair-s2b-frozen	scripts/__pycache__	188
zone-m2-pair-s2b-frozen	sim/__pycache__	808
zone-m2-pair-s3-frozen	harness/__pycache__	612
zone-m2-pair-s3-frozen	scripts/__pycache__	188
zone-m2-pair-s3-frozen	sim/__pycache__	808
