leg	view	sha256
0	r1_carry	dd5af2814131adb5c01c99640daca815da724a5f0c25226b5cd389aec637f7e8
0	r2_carry	94ac91aab764ba0032de4447b2a1c46461a0362d55ba8baf9da378fa89259139
0	r3_behind_1p8	d43d26f090c068e7638f8ac90da6852242a24db1b60277973ec579de92906d4e
0	r3_ahead_1p8	2ac1f2e263d20e7ed5e0c48aa2d0f6874caaa9d70296754d45b4b638d99bb911
0	r3_flank_left_1p6	b3afa61431d7101ab0a44600b0473b4758593573c0b0b3cef452e23d1fd1a74e
0	r3_flank_right_1p6	09ba8f45f8573feb90c649b7049d64607ecdd0c8c95930da210cb0fb032d7b9f
0	r3_flank_right_1p0	bcc197fd5d5dce7b7c1fccaafb9b0688af0d7d56315a1060faaab1eb87314c8b
0	r3_diag_rear_right_1p5	3463cc85e7ec365212e94bfcb436e52dc16f8d195067bf885c27cbfa2a36456c
1	r1_carry	e896360de4984e4a8426edc1fe5ca40ab4c879294e15f35e04ee63090b38e76d
1	r2_carry	bd1a62ec1930ddeb30714698f23c411e7b4daf1a885833a13c5e3ee3decc5976
1	r3_behind_1p8	4c2bc7e1774f255e9be3628452d0b4c7098b32f8a62c2f8bdd4f1c18dbf5613a
1	r3_ahead_1p8	28f084d4861c8ee4e149efea4c6adc65e1f58cbd61313ba4bf931165697ddff0
1	r3_flank_left_1p6	88b5ae378dee0bfbfbfd48227886e1cb56ee9856393afd43740a0ea04df8771e
1	r3_flank_right_1p6	dc9477fc6962d9b2bb88ac019abf400139702190a17d297cb9321baf905bd9b9
1	r3_flank_right_1p0	31d5d5e4483e255384332f74af20470cfdb11af6b20eb2aa541ba3f380999f63
1	r3_diag_rear_right_1p5	752a6bdf1ee2b6295fa699e57477e49cd5c84fde2c2539039472b1bf02895f2f
2	r1_carry	361b6c92d2ac4d3ec6f80bef8235994ce05ae8d316db5a93f74515281874df5a
2	r2_carry	d2993f53ee0e6168e22e639bb8fa96b07a360f87c3a72e8b4822558072b6234f
2	r3_behind_1p8	689a5952626678877e3368adb1e118288911f1149c811b10bc04723c873d2603
2	r3_ahead_1p8	e10b1d8ffa6e6dfdc7aa4c6b9126f8d96c836dbf189fd562d551ddd83b24b068
2	r3_flank_left_1p6	d529d575c05665124cc9618dedd30c11638bb616d0c7ac8e512ca73fa50b88a1
2	r3_flank_right_1p6	f6627c2148389bcecb180bbee5aa2deaf6ab90bc156ee059e730197808389474
2	r3_flank_right_1p0	44d293516537af16e9089681c40cd229af2297991e5a074e9f3d5cb98322d11f
2	r3_diag_rear_right_1p5	f217dc45c48345d8621b094636ccf6ced3ffe938950fa228238b9f7db9f8914d
3	r1_carry	a6f5f6c92c19dd7084859e966ec42df6af3b0c47927130ca46d30f35e9b3394d
3	r2_carry	6f055e851dbf7b4c89728c413d38fc47e0c8a5489df400b17e3c4f01f6543d7c
3	r3_behind_1p8	8616f2dd1b7aef4e00d64fb2169f41d6fa58ba779a3005e639d6a6594a770e5a
3	r3_ahead_1p8	da812923a2fcbde52a4554d6d82f993e977a054fba159e6ccb909c3cea25f798
3	r3_flank_left_1p6	2f7ceb20450981054d1b916b58faf8030bbc2f0bec6271618ad4abbc3b112734
3	r3_flank_right_1p6	0b1ab18dc8462520742a5ba0722a4cc8e0d0e736fcb34d9940323cb4aa8b6ee3
3	r3_flank_right_1p0	e227b0c3610de8d9779df6d828929c6ddc60175811e519b62541cefb1f9ee1d8
3	r3_diag_rear_right_1p5	45ca37d6891f179994a75135111628dc24369dbbd3e930feef22b1bcabf8adb3
4	r1_carry	2d77319da0362b1980a3ead329e41d3dddcb250c619ca9b55a857b871f6cdfd2
4	r2_carry	ad0176867d542093627b321ac382d2e2f92ffe7bd1528c2f3ae195d74a99a503
4	r3_behind_1p8	0296583fb435c57c00d613c4773e6ccb3f309f673def6d15262c17269a9adffa
4	r3_ahead_1p8	66756ca629cb74e266bf5405bda928625856aa8ec2ee51e12d13655dd71caeb3
4	r3_flank_left_1p6	4ad296b546b5c66488e9964f0b92d48a9757e1f6167cc3cb57c84e23e2e9e898
4	r3_flank_right_1p6	55589120b20dfdd74e9509e6225e9ce83440f75b7b210daf94827250e7896959
4	r3_flank_right_1p0	f82d51a82a503a8e8418f0fce4a185784fb4f9a9c92c4a129a3fe865b47bc111
4	r3_diag_rear_right_1p5	b53f8d7004e9fe2f382986c105badb9f18cf5bacc870ecf3815a9d015de4b7c7
5	r1_carry	6fcf133418b62e5e869b7ba322bf59bd6e098667b7dfbabb989e8c44c4edc889
5	r2_carry	5e7b0ce5edc3a335da7e9bb6a8df3fad5e5b35a80c36ed9dbe21eaf2b18c8a43
5	r3_behind_1p8	99212fa08ab7136a099eb6d6e2589db2d32d2e20e3ae0991dc894b36499e5921
5	r3_ahead_1p8	53eac4b48ac4557cff7abce4cd4e63864519a56125da9e8e111b67f4a8e4b779
5	r3_flank_left_1p6	6df314d8b14920174e372fc11b75eadb8ff0527b8a17c900b1c09120dca4adbd
5	r3_flank_right_1p6	ad7a3611f50cc3b8f88a52c17a4f628087f90f9aae0f3c467fd86ccd57db343a
5	r3_flank_right_1p0	ae60c317e1fbb5c531263818f9f2b2634eaf92abbf684211745a36a672105f1f
5	r3_diag_rear_right_1p5	43eeb02daacf56e2780c47cea1212b8348474704fcd5d5a682b0d1ba1f8e7ea4
6	r1_carry	7a1dbc1109c12cb3b9764de4c2dee609727813c374fad6fa6b6c1217e238d588
6	r2_carry	bed7e5037d1ba04bcada773b5f18553fdad28c60e80cff9db914bd67bc77815d
6	r3_behind_1p8	b2229fc4b79974c2a5c71a1739ff16d2672f0a8b01ba93df98176942a12b1874
6	r3_ahead_1p8	26f14cbabb6a6fed8e8edcf7a677aa95da5717e842cd32b7812e5e16bae627fb
6	r3_flank_left_1p6	6f95542d71f8ad65c7c8cc330a6c2cfb869ce7ba5aa2563c1f884c1e9a8e3165
6	r3_flank_right_1p6	5bf4e646a36ee41e929301c94c5843f868718ae3c1c4dd61591b85e0db087131
6	r3_flank_right_1p0	8ef1e769b9ccd979f1f5a82534b746cf963354bf2d1652ff5b05bea29def7a96
6	r3_diag_rear_right_1p5	ad143a3b55c9953b9ebb747dd804bf63cec2e18e7212a1cde1c29d8a0f18aaaa
