path,files_before,before_bytes,before_allocated_bytes,round2_delete_allocated_bytes,delete_files,delete_bytes,delete_allocated_bytes,after_allocated_bytes
.DS_Store,1,86020,90112,0,0,0,0,90112
2026-09-26-held-can,43,7976520,8085504,16384,0,0,0,8085504
2026-09-26-zone-own-perception,2963,40940705,47919104,3448832,0,0,0,47919104
2026-09-26-zone-own-perception-v2,5402,79608108,91160576,9084928,0,0,0,91160576
2026-09-26-zone-own-perception-v3,3290,47046528,54865920,2580480,0,0,0,54865920
2026-09-26-zone-own-perception-v3-1,1799,83553093,88014848,1536000,0,0,0,88014848
2026-09-30-cap-t10a-corridor,407,1515107,2846720,0,0,0,0,2846720
2026-09-30-t09a-d1-fixes,30,315177,385024,0,0,0,0,385024
2026-09-30-t09a-two-door-route,9,36697,61440,0,0,0,0,61440
2026-09-30-two-door-reroute,0,0,0,0,0,0,0,0
a2-perception-rescore,4,5348626,5353472,0,0,0,0,5353472
a2-perception-rescore.log,1,263,4096,0,0,0,0,4096
a3-b-independent-755dca3.json,1,5949,8192,0,0,0,0,8192
a3-b-independent-755dca3.py,1,11198,12288,0,0,0,0,12288
a3-b-independent-de69eb3.json,1,5949,8192,0,0,0,0,8192
a3-b-independent-de69eb3.py,1,11199,12288,0,0,0,0,12288
ab_baseline_a.jsonl,1,52626,53248,0,0,0,0,53248
ab_baseline_a.log,1,1096,4096,0,0,0,0,4096
ab_baseline_b.jsonl,1,55349,57344,0,0,0,0,57344
ab_baseline_b.log,1,1121,4096,0,0,0,0,4096
ab_final_a.jsonl,1,32814,36864,0,0,0,0,36864
ab_final_a.log,1,694,4096,0,0,0,0,4096
ab_final_b.jsonl,1,31502,32768,0,0,0,0,32768
ab_final_b.log,1,697,4096,0,0,0,0,4096
ab_variant_a.jsonl,1,45700,49152,0,0,0,0,49152
ab_variant_a.jsonl.summary.json,1,604,4096,0,0,0,0,4096
ab_variant_a.log,1,1527,4096,0,0,0,0,4096
ab_variant_b.jsonl,1,50188,53248,0,0,0,0,53248
ab_variant_b.jsonl.summary.json,1,547,4096,0,0,0,0,4096
ab_variant_b.log,1,1466,4096,0,0,0,0,4096
act-action-training-20260924,11264,2762411345,2790907904,27123712,0,0,0,2790907904
act-map-ci-20260920-v1.log,1,1255,4096,0,0,0,0,4096
act-map-ci-20260920-v2.log,1,1247,4096,0,0,0,0,4096
act-map-preview-20260920-v1,65,2247736,2396160,0,0,0,0,2396160
act-map-preview-20260920-v1.log,1,3201,4096,0,0,0,0,4096
act-map-preview-20260920-v2,65,2250826,2396160,81920,0,0,0,2396160
act-map-preview-20260920-v2.log,1,2739,4096,0,0,0,0,4096
act-map-protocol-pr-body.md,1,2175,4096,0,0,0,0,4096
act-map-protocol-pr-ci-final.json,1,2661,4096,0,0,0,0,4096
agent-locks,3,121434,131072,0,0,0,0,131072
agent_benchmark_2026-08-27.json,1,8043,8192,0,0,0,0,8192
agent_benchmark_video,1,52148,53248,0,0,0,0,53248
archive,18,2441867,2478080,0,0,0,0,2478080
b-v6h-gain-07ac319f-smoke,7400,133987600,146235392,0,0,0,0,146235392
b-v6h-gain-07ac319f-smoke.driver.log,1,716,4096,0,0,0,0,4096
b-v6h-gain-07ac319f-smoke.stdout.log,1,4963,8192,0,0,0,0,8192
b-v6h-gain-5bfd95f0-tR,29285,538401484,588726272,0,0,0,0,588726272
b-v6h-gain-5bfd95f0-tR.driver.log,1,706,4096,0,0,0,0,4096
b-v6h-gain-5bfd95f0-tR.stdout.log,1,6910,8192,0,0,0,0,8192
b-v6h-gain-5bfd95f0-tS,34885,631420819,688943104,0,0,0,0,688943104
b-v6h-gain-5bfd95f0-tS.driver.log,1,698,4096,0,0,0,0,4096
b-v6h-gain-5bfd95f0-tS.stdout.log,1,7374,8192,0,0,0,0,8192
b-v6h-gain-5bfd95f0-tX0,20207,364095532,396955648,0,0,0,0,396955648
b-v6h-gain-5bfd95f0-tX0.driver.log,1,1420,4096,0,0,0,0,4096
b-v6h-gain-5bfd95f0-tX0.stdout.log,1,6408,8192,0,0,0,0,8192
b-v6h-gain-5bfd95f0-tX1b,2903,52593265,57372672,0,0,0,0,57372672
b-v6h-gain-5bfd95f0-tX1b.driver.log,1,712,4096,0,0,0,0,4096
b-v6h-gain-5bfd95f0-tX1b.stdout.log,1,4620,8192,0,0,0,0,8192
b-v6h-gain-64abed88-rA,29897,548846834,600264704,0,0,0,0,600264704
b-v6h-gain-64abed88-rA.driver.log,1,706,4096,0,0,0,0,4096
b-v6h-gain-64abed88-rA.stdout.log,1,6831,8192,0,0,0,0,8192
b-v6h-gain-64abed88-rB,29897,549146983,600625152,0,0,0,0,600625152
b-v6h-gain-64abed88-rB.driver.log,1,704,4096,0,0,0,0,4096
b-v6h-gain-64abed88-rB.stdout.log,1,6933,8192,0,0,0,0,8192
b-v6h-gain-69c2a99a-cA,35501,642132046,700641280,0,0,0,0,700641280
b-v6h-gain-69c2a99a-cA.driver.log,1,706,4096,0,0,0,0,4096
b-v6h-gain-69c2a99a-cA.stdout.log,1,7117,8192,0,0,0,0,8192
b-v6h-gain-69c2a99a-cB,35501,642386924,701030400,0,0,0,0,701030400
b-v6h-gain-69c2a99a-cB.driver.log,1,707,4096,0,0,0,0,4096
b-v6h-gain-69c2a99a-cB.stdout.log,1,7239,8192,0,0,0,0,8192
b-v6h-gain-69c2a99a-cC,35224,637116496,695078912,0,0,0,0,695078912
b-v6h-gain-69c2a99a-cC.driver.log,1,710,4096,0,0,0,0,4096
b-v6h-gain-69c2a99a-cC.stdout.log,1,7289,8192,0,0,0,0,8192
b-v6h-gain-69c2a99a-cD,30154,543690755,591302656,0,0,0,0,591302656
b-v6h-gain-69c2a99a-cD.driver.log,1,703,4096,0,0,0,0,4096
b-v6h-gain-69c2a99a-cD.stdout.log,1,7700,8192,0,0,0,0,8192
b-v6h-gain-69c2a99a-cF,24420,435852871,472293376,0,0,0,0,472293376
b-v6h-gain-69c2a99a-cF.driver.log,1,704,4096,0,0,0,0,4096
b-v6h-gain-69c2a99a-cF.stdout.log,1,7167,8192,0,0,0,0,8192
b-v6h-gain-axial-derived,1,106169,106496,0,0,0,0,106496
b-v6h-gain-b95d2016-sA,35609,643794701,702414848,0,0,0,0,702414848
b-v6h-gain-b95d2016-sA.driver.log,1,704,4096,0,0,0,0,4096
b-v6h-gain-b95d2016-sA.stdout.log,1,7251,8192,0,0,0,0,8192
b-v6h-gain-b95d2016-sB,35609,644030829,702791680,0,0,0,0,702791680
b-v6h-gain-b95d2016-sB.driver.log,1,698,4096,0,0,0,0,4096
b-v6h-gain-b95d2016-sB.stdout.log,1,7373,8192,0,0,0,0,8192
b-v6h-gain-f5d83fdb-tS,685,10155363,10911744,0,0,0,0,10911744
b-v6h-gain-f5d83fdb-tS.driver.log,1,357,4096,0,0,0,0,4096
b-v6h-gain-f5d83fdb-tS.stdout.log,1,0,0,0,0,0,0,0
b-v6h-gain-f5d83fdb-tX1,19863,350000227,382152704,0,0,0,0,382152704
b-v6h-gain-f5d83fdb-tX1.driver.log,1,712,4096,0,0,0,0,4096
b-v6h-gain-f5d83fdb-tX1.stdout.log,1,6407,8192,0,0,0,0,8192
b-v6h-gain-run_all.log,1,0,0,0,0,0,0,0
b-v6h-gain-run_all2.log,1,288,4096,0,0,0,0,4096
b-v6h-gain-run_all3.log,1,0,0,0,0,0,0,0
b-v6h-gain-tbviews-0930,218,1523088,2281472,0,0,0,0,2281472
b-v6h-gain-tbviews-0930-axial,78,608198,901120,0,0,0,0,901120
beam-initial-pose-contract,47,307987,438272,0,0,0,0,438272
beam-regrasp-20260925,17968,1216778673,1254658048,867315712,0,0,0,1254658048
camera-budget-integration-20260907,16,1141259,1187840,0,0,0,0,1187840
camera-feedback-fixed-review-20260907,8,19962049,19976192,0,0,0,0,19976192
cap-t03-redgreen,43,3366873,3481600,0,0,0,0,3481600
cap-t12-r3-delay,13,143254,180224,0,0,0,0,180224
carry-relocalization-b1-20260929,1060,41198221,43425792,3846144,0,0,0,43425792
carry-relocalization-design-20260929,57,1218102,1355776,0,0,0,0,1355776
carry-x-bias-20260930,2,26534670,26537984,0,0,0,0,26537984
coordination-20260923-01a0cd7b,1,4079,4096,0,0,0,0,4096
creep125_check_301.jsonl,1,5087,8192,0,0,0,0,8192
creep125_check_301.jsonl.summary.json,1,568,4096,0,0,0,0,4096
creep125_check_309.jsonl,1,5025,8192,0,0,0,0,8192
creep125_check_309.jsonl.summary.json,1,536,4096,0,0,0,0,4096
creep125_check_323.jsonl,1,5068,8192,0,0,0,0,8192
creep125_check_323.jsonl.summary.json,1,568,4096,0,0,0,0,4096
creep_0.105_300.jsonl,1,3731,4096,0,0,0,0,4096
creep_0.105_300.jsonl.summary.json,1,436,4096,0,0,0,0,4096
creep_0.105_307.jsonl,1,3732,4096,0,0,0,0,4096
creep_0.105_307.jsonl.summary.json,1,440,4096,0,0,0,0,4096
creep_0.105_308.jsonl,1,3739,4096,0,0,0,0,4096
creep_0.105_308.jsonl.summary.json,1,440,4096,0,0,0,0,4096
creep_0.105_309.jsonl,1,5024,8192,0,0,0,0,8192
creep_0.105_309.jsonl.summary.json,1,522,4096,0,0,0,0,4096
creep_0.115_300.jsonl,1,3735,4096,0,0,0,0,4096
creep_0.115_300.jsonl.summary.json,1,441,4096,0,0,0,0,4096
creep_0.115_307.jsonl,1,3732,4096,0,0,0,0,4096
creep_0.115_307.jsonl.summary.json,1,438,4096,0,0,0,0,4096
creep_0.115_308.jsonl,1,3739,4096,0,0,0,0,4096
creep_0.115_308.jsonl.summary.json,1,440,4096,0,0,0,0,4096
creep_0.115_309.jsonl,1,5026,8192,0,0,0,0,8192
creep_0.115_309.jsonl.summary.json,1,538,4096,0,0,0,0,4096
creep_0.125_300.jsonl,1,3733,4096,0,0,0,0,4096
creep_0.125_300.jsonl.summary.json,1,438,4096,0,0,0,0,4096
creep_0.125_307.jsonl,1,3732,4096,0,0,0,0,4096
creep_0.125_307.jsonl.summary.json,1,438,4096,0,0,0,0,4096
creep_0.125_308.jsonl,1,3739,4096,0,0,0,0,4096
creep_0.125_308.jsonl.summary.json,1,440,4096,0,0,0,0,4096
creep_0.125_309.jsonl,1,5027,8192,0,0,0,0,8192
creep_0.125_309.jsonl.summary.json,1,528,4096,0,0,0,0,4096
creep_0.135_300.jsonl,1,3734,4096,0,0,0,0,4096
creep_0.135_300.jsonl.summary.json,1,441,4096,0,0,0,0,4096
creep_0.135_307.jsonl,1,3731,4096,0,0,0,0,4096
creep_0.135_307.jsonl.summary.json,1,438,4096,0,0,0,0,4096
creep_0.135_308.jsonl,1,3739,4096,0,0,0,0,4096
creep_0.135_308.jsonl.summary.json,1,439,4096,0,0,0,0,4096
creep_0.135_309.jsonl,1,4372,8192,0,0,0,0,8192
creep_0.135_309.jsonl.summary.json,1,496,4096,0,0,0,0,4096
creep_sweep_0.105.txt,1,249,4096,0,0,0,0,4096
creep_sweep_0.115.txt,1,249,4096,0,0,0,0,4096
creep_sweep_0.125.txt,1,248,4096,0,0,0,0,4096
creep_sweep_0.135.txt,1,0,0,0,0,0,0,0
disk-apply-20260926,216,342456606,342999040,0,0,0,0,342999040
disk-cleanup-20260927,53,160622257,160780288,0,0,0,0,160780288
dispatch-action-act-20260924,16443,1171837488,1207705600,822530048,0,0,0,1207705600
door-passage-lit-review-20260929.md,1,25386,28672,0,0,0,0,28672
door-relax-envelope-4194d34c-posAdv2L,2901,47702928,50802688,0,0,0,0,50802688
door-relax-envelope-4194d34c-posAdv2L.driver.log,1,736,4096,0,0,0,0,4096
door-relax-envelope-4194d34c-posAdv2L.stdout.log,1,1518,4096,0,0,0,0,4096
door-relax-envelope-4194d34c-posAdv2R,2901,47541803,50806784,0,0,0,0,50806784
door-relax-envelope-4194d34c-posAdv2R.driver.log,1,738,4096,0,0,0,0,4096
door-relax-envelope-4194d34c-posAdv2R.stdout.log,1,1518,4096,0,0,0,0,4096
door-relax-envelope-4194d34c-posAdvM,2177,36106025,38563840,0,0,0,0,38563840
door-relax-envelope-4194d34c-posAdvM.driver.log,1,734,4096,0,0,0,0,4096
door-relax-envelope-4194d34c-posAdvM.stdout.log,1,1419,4096,0,0,0,0,4096
door-relax-envelope-44ef9eda-chBase,138,2556671,2752512,0,0,0,0,2752512
door-relax-envelope-44ef9eda-chBase.driver.log,1,370,4096,0,0,0,0,4096
door-relax-envelope-44ef9eda-chBase.stdout.log,1,0,0,0,0,0,0,0
door-relax-envelope-77fde5f6-chK1gP2,29897,548750610,600223744,0,0,0,0,600223744
door-relax-envelope-77fde5f6-chK1gP2.driver.log,1,726,4096,0,0,0,0,4096
door-relax-envelope-77fde5f6-chK1gP2.stdout.log,1,6809,8192,0,0,0,0,8192
door-relax-envelope-ac87cec8-posCtl,2177,36455346,39002112,0,0,0,0,39002112
door-relax-envelope-ac87cec8-posCtl.driver.log,1,2164,4096,0,0,0,0,4096
door-relax-envelope-ac87cec8-posCtl.stdout.log,1,1284,4096,0,0,0,0,4096
door-relax-envelope-ac87cec8-smokeBase,1823,34094593,37257216,0,0,0,0,37257216
door-relax-envelope-ac87cec8-smokeBase.driver.log,1,738,4096,0,0,0,0,4096
door-relax-envelope-ac87cec8-smokeBase.stdout.log,1,4816,8192,0,0,0,0,8192
door-relax-envelope-ac87cec8-smokeChain,2548,47739615,52326400,0,0,0,0,52326400
door-relax-envelope-ac87cec8-smokeChain.driver.log,1,742,4096,0,0,0,0,4096
door-relax-envelope-ac87cec8-smokeChain.stdout.log,1,4603,8192,0,0,0,0,8192
door-relax-envelope-c955e513-posAdv,2177,35978487,38522880,0,0,0,0,38522880
door-relax-envelope-c955e513-posAdv.driver.log,1,727,4096,0,0,0,0,4096
door-relax-envelope-c955e513-posAdv.stdout.log,1,1323,4096,0,0,0,0,4096
door-relax-envelope-c955e513-posBase,409,8647128,9228288,0,0,0,0,9228288
door-relax-envelope-c955e513-posBase.driver.log,1,738,4096,0,0,0,0,4096
door-relax-envelope-c955e513-posBase.stdout.log,1,1427,4096,0,0,0,0,4096
door-relax-envelope-c955e513-posK1g,409,8653283,9232384,0,0,0,0,9232384
door-relax-envelope-c955e513-posK1g.driver.log,1,728,4096,0,0,0,0,4096
door-relax-envelope-c955e513-posK1g.stdout.log,1,1443,4096,0,0,0,0,4096
door-relax-envelope-fdd35cee-biasHBase,3603,60071013,64286720,0,0,0,0,64286720
door-relax-envelope-fdd35cee-biasHBase.driver.log,1,736,4096,0,0,0,0,4096
door-relax-envelope-fdd35cee-biasHBase.stdout.log,1,1683,4096,0,0,0,0,4096
door-relax-envelope-fdd35cee-biasHK1g,4308,71206955,76251136,0,0,0,0,76251136
door-relax-envelope-fdd35cee-biasHK1g.driver.log,1,742,4096,0,0,0,0,4096
door-relax-envelope-fdd35cee-biasHK1g.stdout.log,1,1661,4096,0,0,0,0,4096
door-relax-envelope-fdd35cee-biasYBase,6682,119096952,127377408,0,0,0,0,127377408
door-relax-envelope-fdd35cee-biasYBase.driver.log,1,730,4096,0,0,0,0,4096
door-relax-envelope-fdd35cee-biasYBase.stdout.log,1,4121,8192,0,0,0,0,8192
door-relax-envelope-fdd35cee-biasYK1g,9282,160310866,171438080,0,0,0,0,171438080
door-relax-envelope-fdd35cee-biasYK1g.driver.log,1,736,4096,0,0,0,0,4096
door-relax-envelope-fdd35cee-biasYK1g.stdout.log,1,4295,8192,0,0,0,0,8192
door-relax-envelope-fdd35cee-chBase,8385,151946686,164384768,0,0,0,0,164384768
door-relax-envelope-fdd35cee-chBase.driver.log,1,733,4096,0,0,0,0,4096
door-relax-envelope-fdd35cee-chBase.stdout.log,1,5676,8192,0,0,0,0,8192
door-relax-envelope-fdd35cee-chK0g,12693,233110259,254066688,0,0,0,0,254066688
door-relax-envelope-fdd35cee-chK0g.driver.log,1,727,4096,0,0,0,0,4096
door-relax-envelope-fdd35cee-chK0g.stdout.log,1,5529,8192,0,0,0,0,8192
door-relax-envelope-fdd35cee-chK0gP1,14951,274473590,300208128,0,0,0,0,300208128
door-relax-envelope-fdd35cee-chK0gP1.driver.log,1,732,4096,0,0,0,0,4096
door-relax-envelope-fdd35cee-chK0gP1.stdout.log,1,5651,8192,0,0,0,0,8192
door-relax-envelope-fdd35cee-chK1P1,14925,273938725,299597824,0,0,0,0,299597824
door-relax-envelope-fdd35cee-chK1P1.driver.log,1,22683,24576,0,0,0,0,24576
door-relax-envelope-fdd35cee-chK1P1.stdout.log,1,5801,8192,0,0,0,0,8192
door-relax-envelope-fdd35cee-chK1g,25380,466004690,507940864,0,0,0,0,507940864
door-relax-envelope-fdd35cee-chK1g.driver.log,1,718,4096,0,0,0,0,4096
door-relax-envelope-fdd35cee-chK1g.stdout.log,1,6667,8192,0,0,0,0,8192
door-relax-envelope-fdd35cee-chK1gP1,29897,548746775,600223744,0,0,0,0,600223744
door-relax-envelope-fdd35cee-chK1gP1.driver.log,1,728,4096,0,0,0,0,4096
door-relax-envelope-fdd35cee-chK1gP1.stdout.log,1,6809,8192,0,0,0,0,8192
door-relax-envelope-fdd35cee-envBaseL0,6518,111350457,118607872,0,0,0,0,118607872
door-relax-envelope-fdd35cee-envBaseL0.driver.log,1,740,4096,0,0,0,0,4096
door-relax-envelope-fdd35cee-envBaseL0.stdout.log,1,2246,4096,0,0,0,0,4096
door-relax-envelope-fdd35cee-envBaseL1,9540,171526890,183185408,0,0,0,0,183185408
door-relax-envelope-fdd35cee-envBaseL1.driver.log,1,731,4096,0,0,0,0,4096
door-relax-envelope-fdd35cee-envBaseL1.stdout.log,1,5072,8192,0,0,0,0,8192
door-relax-envelope-fdd35cee-envK1gL0,6715,114601837,122093568,0,0,0,0,122093568
door-relax-envelope-fdd35cee-envK1gL0.driver.log,1,736,4096,0,0,0,0,4096
door-relax-envelope-fdd35cee-envK1gL0.stdout.log,1,2180,4096,0,0,0,0,4096
door-relax-envelope-fdd35cee-envK1gL1,15377,265018997,283213824,0,0,0,0,283213824
door-relax-envelope-fdd35cee-envK1gL1.driver.log,1,727,4096,0,0,0,0,4096
door-relax-envelope-fdd35cee-envK1gL1.stdout.log,1,4900,8192,0,0,0,0,8192
door-relax-envelope-tbviews-0930,302,1007941,1634304,0,0,0,0,1634304
door-ultrasonic-sweep-20260929,10,1255694,1282048,0,0,0,0,1282048
door-ultrasonic-sweep-20260929-final,15,1815248,1855488,0,0,0,0,1855488
door-ultrasonic-sweep-dev1,7,1198311,1212416,0,0,0,0,1212416
drive-evidence-20260907,3,19623199,19632128,0,0,0,0,19632128
dynamic-coordination-20260925,4212,319252611,327294976,203911168,0,0,0,327294976
dynamic-team-recovery-20260925,35615,2423982134,2497138688,1651449856,0,0,0,2497138688
e2e-p01-env,179,313715,905216,0,0,0,0,905216
e2e-p01-env-tests-fixes-01.log,1,1091,4096,0,0,0,0,4096
e2e-p01-env-tests-fixes-02.log,1,714,4096,0,0,0,0,4096
e2e-p01-env-tests-fixes-03.log,1,737,4096,0,0,0,0,4096
e2e-p02-b1-fix-20260930,18,399875,438272,0,0,0,0,438272
e2e-p02-mixed,7,170793,184320,0,0,0,0,184320
e2e-p03-provider-contract-20260930-194957,6,195273,208896,0,0,0,0,208896
e2e-p03-review-fixes-20260930,11,213305,241664,0,0,0,0,241664
e2e-p05-dialogue,17216,446404406,491593728,0,0,0,0,491593728
e2e-p07-manifest,33,736860,802816,0,0,0,0,802816
experiment-archives-20260907,8,2905905369,2905923584,0,0,0,0,2905923584
final_experiment,4,746180,757760,0,0,0,0,757760
fine-gain-schedule-20260924,5353,410225775,421711872,294891520,0,0,0,421711872
fine-gain-schedule-20260924-sync,5761,388251567,400945152,282734592,0,0,0,400945152
fine-gain-schedule-20260924-sync-v3,3432,236796690,244236288,173748224,0,0,0,244236288
fix257-hidden-events-probe-20260928-152803,262,3813468,4485120,3219456,0,0,0,4485120
followup-docs-20260929,4,20057,32768,0,0,0,0,32768
grasp-recovery-pilot-20260910-v1,1,11725,12288,0,0,0,0,12288
grasp-recovery-retention-20260910-v1,1,60068,61440,0,0,0,0,61440
grasp-recovery-validation-20260910-v1,481,24585216,25575424,0,0,0,0,25575424
grasp-recovery-validation-20260910-v2,3601,170528286,178188288,106496,0,0,0,178188288
grasp-student-cohort-20260910-v1,697,30602198,32157696,0,0,0,0,32157696
grasp-student-comparison-20260910-v1.json,1,677,4096,0,0,0,0,4096
grasp-student-comparison-20260910-v1.mp4,1,237420,237568,0,0,0,0,237568
grip-probe-audit.json,1,201749,204800,0,0,0,0,204800
heading-comparison-preview.jpg,1,149309,151552,0,0,0,0,151552
heading-comparison-v1,1811,93493025,97107968,147456,0,0,0,97107968
heading-comparison-v1-audit.txt,1,22395,24576,0,0,0,0,24576
heading-delivery-verification.json,1,1206,4096,0,0,0,0,4096
heading-development-v1,1,1009,4096,0,0,0,0,4096
heading-development-v2,1,441,4096,0,0,0,0,4096
heading-development-v3,1,441,4096,0,0,0,0,4096
heading-development-v3-audit.txt,1,1957,4096,0,0,0,0,4096
heading-development-v3-contact.jpg,1,389260,393216,0,0,0,0,393216
heading-first-failure.jpg,1,54761,57344,0,0,0,0,57344
heading-pr-body.md,1,2147,4096,0,0,0,0,4096
heading-r1-comparison.png,1,123304,126976,0,0,0,0,126976
heading-r1-final-contact.jpg,1,413624,413696,0,0,0,0,413696
heading-second-failure.jpg,1,56915,57344,0,0,0,0,57344
heading-turn-crops.jpg,1,88934,90112,0,0,0,0,90112
heldout_a.jsonl,1,100377,102400,0,0,0,0,102400
heldout_a.jsonl.summary.json,1,550,4096,0,0,0,0,4096
heldout_a.log,1,2264,4096,0,0,0,0,4096
heldout_b.jsonl,1,100384,102400,0,0,0,0,102400
heldout_b.jsonl.summary.json,1,553,4096,0,0,0,0,4096
heldout_b.log,1,2266,4096,0,0,0,0,4096
housekeeping-0930,65,556304,692224,0,0,0,0,692224
hover_check_301.jsonl,1,5033,8192,0,0,0,0,8192
hover_check_301.jsonl.summary.json,1,526,4096,0,0,0,0,4096
hover_check_309.jsonl,1,5014,8192,0,0,0,0,8192
hover_check_309.jsonl.summary.json,1,538,4096,0,0,0,0,4096
hover_final_a.jsonl,1,50198,53248,0,0,0,0,53248
hover_final_a.jsonl.summary.json,1,549,4096,0,0,0,0,4096
hover_final_a.log,1,1474,4096,0,0,0,0,4096
hover_final_b.jsonl,1,50231,53248,0,0,0,0,53248
hover_final_b.jsonl.summary.json,1,584,4096,0,0,0,0,4096
hover_final_b.log,1,1507,4096,0,0,0,0,4096
interim-report-20260930-codex.md,1,21488,24576,0,0,0,0,24576
jev-direct-motion-20260921-final-v1,2360,140766648,145903616,258048,0,0,0,145903616
jev-direct-motion-20260921-final-v2,2622,155963493,161652736,438272,0,0,0,161652736
jev-direct-motion-20260921-offline-tests-v2.log,1,1238,4096,0,0,0,0,4096
jev-direct-motion-20260921-offline-tests.log,1,1230,4096,0,0,0,0,4096
jev-semantic-motion-audit.log,1,12590,16384,0,0,0,0,16384
jev-semantic-motion-final-tests.log,1,2588,4096,0,0,0,0,4096
jev-semantic-motion-offline-tests.log,1,1248,4096,0,0,0,0,4096
jev-semantic-motion-render.log,1,89,4096,0,0,0,0,4096
jev-semantic-motion-review-20260921,4,377328,385024,0,0,0,0,385024
jev-semantic-motion-video-check.log,1,31,4096,0,0,0,0,4096
jev-skills-dev-v6,9150,654074428,674156544,172032,0,0,0,674156544
jev-skills-holdout-v1,27575,1947799785,2006654976,4960256,0,0,0,2006654976
jev-skills-holdout-v2,4819,336747890,347017216,200704,0,0,0,347017216
jev-skills-review-20260921,488,8004086,9056256,8192,0,0,0,9056256
known-map-delivery-20260913-v1.json,1,2641,4096,0,0,0,0,4096
known-map-development-v1,1,388,4096,0,0,0,0,4096
known-map-development-v2,1,388,4096,0,0,0,0,4096
known-map-development-v3,1,960,4096,0,0,0,0,4096
known-map-development-v4,1,960,4096,0,0,0,0,4096
known-map-development-v5,1,960,4096,0,0,0,0,4096
known-map-development-v6,1,960,4096,0,0,0,0,4096
known-map-heldout-v1,2212,113312955,117186560,86016,0,0,0,117186560
known-map-pr-body.md,1,2111,4096,0,0,0,0,4096
lit-review-coop-transport-20260928.md,1,45222,49152,0,0,0,0,49152
lit-review-nl-dialogue-eval-20260928.md,1,42778,45056,0,0,0,0,45056
lit-review-tagfree-localization-20260928.md,1,48430,49152,0,0,0,0,49152
m1-owncam-20260926,34306,570627386,640040960,288456704,0,0,0,640040960
mac-runtime-check-20260907,7,163804,180224,0,0,0,0,180224
map-goto-20260925,19504,1252077748,1291354112,947736576,0,0,0,1291354112
markerless-blocks-20260909,12154,299763622,327483392,186310656,0,0,0,327483392
markerless-improvement-20260909,26026,638109420,697585664,386936832,0,0,0,697585664
markerless-probe-20260926,67,15494772,15671296,57344,0,0,0,15671296
masterpi-visual-v3,26,4111053,4165632,0,0,0,0,4165632
masterpi_4dof_physics_demo.mp4,1,38456,40960,0,0,0,0,40960
masterpi_connection_and_control_setup.md,1,9203,12288,0,0,0,0,12288
masterpi_dashboard_arm_concept.png,1,1437933,1441792,0,0,0,0,1441792
masterpi_dashboard_concept.png,1,1445077,1445888,0,0,0,0,1445888
masterpi_dashboard_resume_state.md,1,4704,8192,0,0,0,0,8192
masterpi_geometry_review,44,1884212,1978368,61440,0,0,0,1978368
masterpi_physics_approach.jpg,1,21930,24576,0,0,0,0,24576
masterpi_physics_carry.jpg,1,21932,24576,0,0,0,0,24576
masterpi_physics_initial.jpg,1,24835,28672,0,0,0,0,28672
masterpi_physics_pick.jpg,1,21717,24576,0,0,0,0,24576
masterpi_physics_track.jpg,1,21925,24576,0,0,0,0,24576
masterpi_ugrp2_act_led_diag.md,1,1925,4096,0,0,0,0,4096
masterpi_v2_approach.jpg,1,27198,28672,0,0,0,0,28672
masterpi_v2_carry.jpg,1,27246,28672,0,0,0,0,28672
masterpi_v2_initial.jpg,1,30220,32768,0,0,0,0,32768
masterpi_v2_pick.jpg,1,26784,28672,0,0,0,0,28672
masterpi_v2_track.jpg,1,27198,28672,0,0,0,0,28672
merge-all-prs-20260920,5,2090,20480,0,0,0,0,20480
model-release-20260927-vision-loc,28,50422713,50503680,49152,0,0,0,50503680
motion_gain_table.json,1,1053,4096,0,0,0,0,4096
multi-object-offline-regressions.txt,1,1311,4096,0,0,0,0,4096
multi-object-pr72-ci-watch.txt,1,32976,36864,0,0,0,0,36864
multi-object-protocol-final-checks.json,1,3843,4096,0,0,0,0,4096
multi-object-protocol-pr-body.md,1,1592,4096,0,0,0,0,4096
multi-object-rgb-final-regressions-v2.txt,1,1319,4096,0,0,0,0,4096
multi-object-rgb-final-regressions.txt,1,1327,4096,0,0,0,0,4096
multi-object-rgb-pr-body.md,1,2518,4096,0,0,0,0,4096
multi-object-rgb-pr74-ci-watch.txt,1,32199,32768,0,0,0,0,32768
multi-object-rgb-pr74-remote-verification.json,1,5053,8192,0,0,0,0,8192
multi-object-rgb-static-audit-v1.json,1,40619,40960,0,0,0,0,40960
multi-object-rgb-v1-console.txt,1,2118,4096,0,0,0,0,4096
multi-object-rgb-v1-regressions.txt,1,1319,4096,0,0,0,0,4096
multi-object-rgb-v2-console.txt,1,4937,8192,0,0,0,0,8192
multi-object-rgb-v3-console.txt,1,3851,4096,0,0,0,0,4096
multi-object-rgb-v3-motion-review.json,1,630,4096,0,0,0,0,4096
multi-object-scenes-offline-regressions.txt,1,1311,4096,0,0,0,0,4096
multi-object-scenes-pr-body.md,1,1909,4096,0,0,0,0,4096
multi-object-scenes-pr73-ci-watch.txt,1,29851,32768,0,0,0,0,32768
multi-object-scenes-pr73-remote-verification.json,1,12239,12288,0,0,0,0,12288
multi-object-scenes-v4-offline-regressions.txt,1,1311,4096,0,0,0,0,4096
multi-object-track-sweep-console.txt,1,301,4096,0,0,0,0,4096
navigation-seed-validation-20260908,1,929,4096,0,0,0,0,4096
navigation-trials-20260908,4564,118358997,127553536,81297408,0,0,0,127553536
noslip-audit,211,24555051,25120768,131072,0,0,0,25120768
owncam-loc-20260925,8937,199225004,219348992,130793472,0,0,0,219348992
owncam-loop-20260925,13882,289959386,316461056,230756352,0,0,0,316461056
owncam-loop-v2-20260926,6927,141690874,154656768,113360896,0,0,0,154656768
owncam-memory-20260926,24856,399137885,451022848,79687680,0,0,0,451022848
p04-chain-contract-20260930,21,38807145,38854656,0,0,0,0,38854656
p08-stall-contract-20260930-check1,1,224,4096,0,0,0,0,4096
p08-stall-contract-20260930-check10,2,3479,8192,0,0,0,0,8192
p08-stall-contract-20260930-check11,13,28259,57344,0,0,0,0,57344
p08-stall-contract-20260930-check2,1,2762,4096,0,0,0,0,4096
p08-stall-contract-20260930-check3,1,2762,4096,0,0,0,0,4096
p08-stall-contract-20260930-check4,1,2762,4096,0,0,0,0,4096
p08-stall-contract-20260930-check5,1,2762,4096,0,0,0,0,4096
p08-stall-contract-20260930-check6,2,3468,8192,0,0,0,0,8192
p08-stall-contract-20260930-check7,11,31356,49152,0,0,0,0,49152
p08-stall-contract-20260930-check8,2,3494,8192,0,0,0,0,8192
p08-stall-contract-20260930-check9,2,3500,8192,0,0,0,0,8192
p09-ci-36707631477-final.json,1,16007,16384,0,0,0,0,16384
p09-ci-36707656445-final.json,1,12137,12288,0,0,0,0,12288
p09-review-fixes-20260930,33,484296,561152,0,0,0,0,561152
p09-static-capabilities-20260930-01,3,566953,573440,0,0,0,0,573440
p09-static-capabilities-20260930-01.log,1,430,4096,0,0,0,0,4096
p09-static-capabilities-20260930-02,0,0,0,0,0,0,0,0
p09-static-capabilities-20260930-02.log,1,1061,4096,0,0,0,0,4096
p09-static-capabilities-20260930-03,4,590144,598016,0,0,0,0,598016
p09-static-capabilities-20260930-03.log,1,430,4096,0,0,0,0,4096
package-heading-evidence.py,1,2874,4096,0,0,0,0,4096
pair-stage-probes-052e3eba-v6d-align-combined,4,51062,61440,0,0,0,0,61440
pair-stage-probes-052e3eba-v6d-bound-e2e,4788,99474290,105504768,48201728,0,0,0,105504768
pair-stage-probes-052e3eba-v6d-diag-ex12-b-v6c-omp1,82,1886209,1982464,823296,0,0,0,1982464
pair-stage-probes-052e3eba-v6d-diag-ex12-b-v6c-omp2,82,1886210,1982464,827392,0,0,0,1982464
pair-stage-probes-052e3eba-v6d-diag-ex12-b-v6d-omp1,82,1887195,1982464,823296,0,0,0,1982464
pair-stage-probes-052e3eba-v6d-diag-ex12-b-v6d-omp2,82,1887204,1982464,827392,0,0,0,1982464
pair-stage-probes-052e3eba-v6d-hue-mask-check.json,1,882070,884736,0,0,0,0,884736
pair-stage-probes-052e3eba-v6d-venv-align-0,12403,264189836,281759744,191090688,0,0,0,281759744
pair-stage-probes-052e3eba-v6d-venv-align-1,11268,240476552,256245760,171249664,0,0,0,256245760
pair-stage-probes-052e3eba-v6d-venv-align-combined,4,49725,61440,0,0,0,0,61440
pair-stage-probes-052e3eba-v6d-venv-bound-e2e,4925,102311526,108433408,64389120,0,0,0,108433408
pair-stage-probes-099f4466-smoke,463,9396523,9846784,5398528,0,0,0,9846784
pair-stage-probes-099f4466-smoke-driver.log,1,824,4096,0,0,0,0,4096
pair-stage-probes-099f4466-smoke.stdout.log,1,1340,4096,0,0,0,0,4096
pair-stage-probes-0a96718b-diag8-driver.log,1,972,4096,0,0,0,0,4096
pair-stage-probes-0a96718b-dxTinyS,896,15880982,17301504,9842688,0,0,0,17301504
pair-stage-probes-0a96718b-dxTinyS.stdout.log,1,1325,4096,0,0,0,0,4096
pair-stage-probes-19c8f0b2-ghG,2145,45701535,49315840,22798336,0,0,0,49315840
pair-stage-probes-19c8f0b2-ghG.stdout.log,1,1674,4096,0,0,0,0,4096
pair-stage-probes-19c8f0b2-hg-driver.log,1,792,4096,0,0,0,0,4096
pair-stage-probes-1b776a34-d2-driver.log,1,1099,4096,0,0,0,0,4096
pair-stage-probes-1b776a34-dAdv,13020,229054852,245608448,0,0,0,0,245608448
pair-stage-probes-1b776a34-dAdv.stdout.log,1,2932,4096,0,0,0,0,4096
pair-stage-probes-1b776a34-dBase,10891,191854764,205291520,0,0,0,0,205291520
pair-stage-probes-1b776a34-dBase.stdout.log,1,3035,4096,0,0,0,0,4096
pair-stage-probes-1b776a34-dK0,13001,228666468,245215232,0,0,0,0,245215232
pair-stage-probes-1b776a34-dK0.stdout.log,1,3025,4096,0,0,0,0,4096
pair-stage-probes-1b776a34-dK0g,13020,229052664,245608448,0,0,0,0,245608448
pair-stage-probes-1b776a34-dK0g.stdout.log,1,2933,4096,0,0,0,0,4096
pair-stage-probes-1b776a34-dK1,13001,228668331,245219328,0,0,0,0,245219328
pair-stage-probes-1b776a34-dK1.stdout.log,1,3007,4096,0,0,0,0,4096
pair-stage-probes-1b776a34-ddoor-driver.log,1,1226,4096,0,0,0,0,4096
pair-stage-probes-1b776a34-dsmoke-driver.log,1,855,4096,0,0,0,0,4096
pair-stage-probes-1b776a34-dsmokeK0,3904,70061752,75747328,0,0,0,0,75747328
pair-stage-probes-1b776a34-dsmokeK0.stdout.log,1,1545,4096,0,0,0,0,4096
pair-stage-probes-1b776a34-nBase,6471,113184157,121659392,0,0,0,0,121659392
pair-stage-probes-1b776a34-nBase.stdout.log,1,1964,4096,0,0,0,0,4096
pair-stage-probes-1b776a34-nK0g,6471,113220756,121688064,0,0,0,0,121688064
pair-stage-probes-1b776a34-nK0g.stdout.log,1,2000,4096,0,0,0,0,4096
pair-stage-probes-1f70b1a6-v6c-bound-e2e,5221,108381387,114802688,51347456,0,0,0,114802688
pair-stage-probes-1f70b1a6-v6c-bound-e2e.stdout.log,1,2968,4096,0,0,0,0,4096
pair-stage-probes-1f70b1a6-v6c-bound-grid,3980,83008321,88084480,39628800,0,0,0,88084480
pair-stage-probes-1f70b1a6-v6c-bound-grid.stdout.log,1,3047,4096,0,0,0,0,4096
pair-stage-probes-1f70b1a6-v6c-driver.log,1,1100,4096,0,0,0,0,4096
pair-stage-probes-2aa03454-grid1,29746,607006474,652570624,436637696,0,0,0,652570624
pair-stage-probes-2aa03454-grid1-managed,2,6299758,6307840,0,0,0,0,6307840
pair-stage-probes-2aa03454-grid1.analysis.json,1,5501,8192,0,0,0,0,8192
pair-stage-probes-3061a66e-diag5-driver.log,1,978,4096,0,0,0,0,4096
pair-stage-probes-3061a66e-dxAllC,5182,79334092,87711744,52981760,0,0,0,87711744
pair-stage-probes-3061a66e-dxAllC.stdout.log,1,2043,4096,0,0,0,0,4096
pair-stage-probes-3f6ca985-ghR2,43221,752899462,807882752,498262016,0,0,0,807882752
pair-stage-probes-3f6ca985-ghR2.stdout.log,1,7934,8192,0,0,0,0,8192
pair-stage-probes-3f6ca985-ghR2L7,5895,102433815,110608384,67530752,0,0,0,110608384
pair-stage-probes-3f6ca985-ghR2L7.stdout.log,1,1778,4096,0,0,0,0,4096
pair-stage-probes-3f6ca985-hr2-driver.log,1,928,4096,0,0,0,0,4096
pair-stage-probes-4237b182-s45,447,8171247,8601600,6197248,0,0,0,8601600
pair-stage-probes-4237b182-s45-managed,2,396269,401408,0,0,0,0,401408
pair-stage-probes-4714263a-v6d-final-align-subset,5555,118139883,125882368,99266560,0,0,0,125882368
pair-stage-probes-4714263a-v6d-final-align-subset.stdout.log,1,1380,4096,0,0,0,0,4096
pair-stage-probes-4714263a-v6d-final-bound-e2e,4925,102315345,108437504,64389120,0,0,0,108437504
pair-stage-probes-4714263a-v6d-final-bound-e2e.stdout.log,1,2954,4096,0,0,0,0,4096
pair-stage-probes-495c1173-ghR,36411,638987417,687845376,427044864,0,0,0,687845376
pair-stage-probes-495c1173-ghR.stdout.log,1,7872,8192,0,0,0,0,8192
pair-stage-probes-495c1173-ghRL7,4783,83623043,90869760,55570432,0,0,0,90869760
pair-stage-probes-495c1173-ghRL7.stdout.log,1,1830,4096,0,0,0,0,4096
pair-stage-probes-495c1173-ghr-driver.log,1,928,4096,0,0,0,0,4096
pair-stage-probes-4fac772d-yawcal,26044,401288025,442642432,272752640,0,0,0,442642432
pair-stage-probes-4fac772d-yawcal-driver-driver.log,1,829,4096,0,0,0,0,4096
pair-stage-probes-4fac772d-yawcal.stdout.log,1,5117,8192,0,0,0,0,8192
pair-stage-probes-4fac772d-yawhA,6608,102521608,112549888,67629056,0,0,0,112549888
pair-stage-probes-4fac772d-yawhA-driver-driver.log,1,829,4096,0,0,0,0,4096
pair-stage-probes-4fac772d-yawhA.stdout.log,1,2231,4096,0,0,0,0,4096
pair-stage-probes-4fac772d-yawsmoke,1345,21655889,23085056,17571840,0,0,0,23085056
pair-stage-probes-4fac772d-yawsmoke-driver-driver.log,1,984,4096,0,0,0,0,4096
pair-stage-probes-4fac772d-yawsmoke.stdout.log,1,1043,4096,0,0,0,0,4096
pair-stage-probes-4fac772d-yawsmoke2,1360,21365415,23224320,17752064,0,0,0,23224320
pair-stage-probes-4fac772d-yawsmoke2.stdout.log,1,1055,4096,0,0,0,0,4096
pair-stage-probes-6184c119-smoke,583,12710747,13541376,5283840,0,0,0,13541376
pair-stage-probes-6184c119-smoke-managed,2,431358,434176,0,0,0,0,434176
pair-stage-probes-64767041-diag6-driver.log,1,1044,4096,0,0,0,0,4096
pair-stage-probes-64767041-diag6b-driver.log,1,328,4096,0,0,0,0,4096
pair-stage-probes-64767041-diag7-driver.log,1,1074,4096,0,0,0,0,4096
pair-stage-probes-64767041-dxAllC2,10359,158458830,175206400,105959424,0,0,0,175206400
pair-stage-probes-64767041-dxAllC2.stdout.log,1,2933,4096,0,0,0,0,4096
pair-stage-probes-64767041-dxAllD,6563,100412928,111210496,66383872,0,0,0,111210496
pair-stage-probes-64767041-dxAllD.stdout.log,1,2739,4096,0,0,0,0,4096
pair-stage-probes-64767041-dxAllS,3676,63568553,69967872,37842944,0,0,0,69967872
pair-stage-probes-64767041-dxAllS.stdout.log,1,3412,4096,0,0,0,0,4096
pair-stage-probes-7392cb49-rsmoke2,1360,23061618,24485888,18702336,0,0,0,24485888
pair-stage-probes-7392cb49-rsmoke2-driver.log,1,817,4096,0,0,0,0,4096
pair-stage-probes-7392cb49-rsmoke2.stdout.log,1,1051,4096,0,0,0,0,4096
pair-stage-probes-78332709-bound,4594,93026938,98713600,42938368,0,0,0,98713600
pair-stage-probes-78332709-bound-managed,2,160421,163840,0,0,0,0,163840
pair-stage-probes-78332709-bound2,2182,46437809,49119232,20422656,0,0,0,49119232
pair-stage-probes-78332709-bound2-managed,2,774029,778240,0,0,0,0,778240
pair-stage-probes-78332709-diagC,24996,548200143,585588736,385261568,0,0,0,585588736
pair-stage-probes-78332709-diagC-managed,2,6043970,6045696,0,0,0,0,6045696
pair-stage-probes-78332709-v5hctl,11631,245861347,264003584,178892800,0,0,0,264003584
pair-stage-probes-78332709-v5hctl-managed,2,2699493,2703360,0,0,0,0,2703360
pair-stage-probes-7cecaf9b-fcal2,13244,221787251,236732416,145268736,0,0,0,236732416
pair-stage-probes-7cecaf9b-fcal2.stdout.log,1,3030,4096,0,0,0,0,4096
pair-stage-probes-7cecaf9b-fcal3,13019,217871784,232550400,143069184,0,0,0,232550400
pair-stage-probes-7cecaf9b-fcal3.stdout.log,1,3030,4096,0,0,0,0,4096
pair-stage-probes-7cecaf9b-fcal4,11783,198741578,212119552,128585728,0,0,0,212119552
pair-stage-probes-7cecaf9b-fcal4.stdout.log,1,3162,4096,0,0,0,0,4096
pair-stage-probes-7cecaf9b-fdriver2-driver.log,1,1067,4096,0,0,0,0,4096
pair-stage-probes-7ded27cc-diag1-driver.log,1,784,4096,0,0,0,0,4096
pair-stage-probes-7ded27cc-diag2-driver.log,1,1166,4096,0,0,0,0,4096
pair-stage-probes-7ded27cc-dxGate,4917,80765218,84791296,48852992,0,0,0,84791296
pair-stage-probes-7ded27cc-dxGate.stdout.log,1,1513,4096,0,0,0,0,4096
pair-stage-probes-7ded27cc-dxGateB,737,12243090,12984320,7213056,0,0,0,12984320
pair-stage-probes-7ded27cc-dxGateB.stdout.log,1,1185,4096,0,0,0,0,4096
pair-stage-probes-7ded27cc-dxGateC,3741,57683972,64864256,36925440,0,0,0,64864256
pair-stage-probes-7ded27cc-dxGateC.stdout.log,1,2121,4096,0,0,0,0,4096
pair-stage-probes-7ded27cc-dxImg,1316,22958240,25210880,13750272,0,0,0,25210880
pair-stage-probes-7ded27cc-dxImg.stdout.log,1,1549,4096,0,0,0,0,4096
pair-stage-probes-836ea32d-smoke2-carry-L3,342,5960331,6529024,3911680,0,0,0,6529024
pair-stage-probes-836ea32d-smoke2-carry-L3.stdout.log,1,1019,4096,0,0,0,0,4096
pair-stage-probes-836ea32d-smoke2-driver.log,1,1035,4096,0,0,0,0,4096
pair-stage-probes-836ea32d-smoke2-setdown-end,97,1689403,1875968,733184,0,0,0,1875968
pair-stage-probes-836ea32d-smoke2-setdown-end.stdout.log,1,984,4096,0,0,0,0,4096
pair-stage-probes-8985db82-smoke,134,3180309,3383296,1110016,0,0,0,3383296
pair-stage-probes-8985db82-smoke-managed,2,336154,339968,0,0,0,0,339968
pair-stage-probes-8ec4b7f8-alignv6,6023,144736658,155947008,64475136,0,0,0,155947008
pair-stage-probes-8ec4b7f8-alignv6-managed,2,1574215,1576960,0,0,0,0,1576960
pair-stage-probes-9622bc43-v6d-pilot,7630,162024053,172924928,115372032,0,0,0,172924928
pair-stage-probes-a704ecc6-calB,15870,241702950,270716928,162242560,0,0,0,270716928
pair-stage-probes-a704ecc6-calB-driver.log,1,945,4096,0,0,0,0,4096
pair-stage-probes-a704ecc6-calB.stdout.log,1,3567,4096,0,0,0,0,4096
pair-stage-probes-a704ecc6-calB2,701,10572743,11665408,7303168,0,0,0,11665408
pair-stage-probes-a704ecc6-calB2.stdout.log,1,908,4096,0,0,0,0,4096
pair-stage-probes-a704ecc6-smoke-driver.log,1,1089,4096,0,0,0,0,4096
pair-stage-probes-a704ecc6-smokeC,3209,49384035,54501376,32772096,0,0,0,54501376
pair-stage-probes-a704ecc6-smokeC.stdout.log,1,1451,4096,0,0,0,0,4096
pair-stage-probes-a704ecc6-smokeSD,902,16051997,17453056,12431360,0,0,0,17453056
pair-stage-probes-a704ecc6-smokeSD.stdout.log,1,1089,4096,0,0,0,0,4096
pair-stage-probes-a704ecc6-smokeSP,603,12803013,13438976,9682944,0,0,0,13438976
pair-stage-probes-a704ecc6-smokeSP.stdout.log,1,932,4096,0,0,0,0,4096
pair-stage-probes-b16f7987-yawhA,200,3287102,3411968,2113536,0,0,0,3411968
pair-stage-probes-b16f7987-yawhA-driver.log,1,753,4096,0,0,0,0,4096
pair-stage-probes-b16f7987-yawhA.stdout.log,1,0,0,0,0,0,0,0
pair-stage-probes-b5234b7a-v6c-align,22298,480134173,512393216,340410368,0,0,0,512393216
pair-stage-probes-b5234b7a-v6c-align.stdout.log,1,3356,4096,0,0,0,0,4096
pair-stage-probes-b5234b7a-v6c-bound-grid.stdout.log,1,0,0,0,0,0,0,0
pair-stage-probes-b5234b7a-v6c-driver.log,1,1053,4096,0,0,0,0,4096
pair-stage-probes-b534a9b5-v6c-bound-e2e,8419,176085131,186503168,97255424,0,0,0,186503168
pair-stage-probes-b534a9b5-v6c-bound-e2e.stdout.log,1,5606,8192,0,0,0,0,8192
pair-stage-probes-b534a9b5-v6c-bound-grid,3980,83008333,88084480,51240960,0,0,0,88084480
pair-stage-probes-b534a9b5-v6c-bound-grid.stdout.log,1,3049,4096,0,0,0,0,4096
pair-stage-probes-b534a9b5-v6c-driver.log,1,1226,4096,0,0,0,0,4096
pair-stage-probes-b534a9b5-v6c-grasp-grid,7002,145843769,154775552,71524352,0,0,0,154775552
pair-stage-probes-b534a9b5-v6c-grasp-grid.stdout.log,1,3985,4096,0,0,0,0,4096
pair-stage-probes-b604499d-base1-driver.log,1,1255,4096,0,0,0,0,4096
pair-stage-probes-b604499d-carryL0,2329,43548222,45199360,20299776,0,0,0,45199360
pair-stage-probes-b604499d-carryL0.stdout.log,1,2706,4096,0,0,0,0,4096
pair-stage-probes-b604499d-carryL1367,3584,61997247,67915776,30052352,0,0,0,67915776
pair-stage-probes-b604499d-carryL1367.stdout.log,1,3786,4096,0,0,0,0,4096
pair-stage-probes-b604499d-sdEnd,11204,161022508,181813248,105709568,0,0,0,181813248
pair-stage-probes-b604499d-sdEnd.stdout.log,1,2909,4096,0,0,0,0,4096
pair-stage-probes-b604499d-sdPickup,902,18881595,19836928,12926976,0,0,0,19836928
pair-stage-probes-b604499d-sdPickup.stdout.log,1,940,4096,0,0,0,0,4096
pair-stage-probes-ba834d02-gcal-driver-driver.log,1,1247,4096,0,0,0,0,4096
pair-stage-probes-ba834d02-gcal2,13249,206238502,224829440,136601600,0,0,0,224829440
pair-stage-probes-ba834d02-gcal2.stdout.log,1,2911,4096,0,0,0,0,4096
pair-stage-probes-ba834d02-gcal3,13019,202605916,221147136,134311936,0,0,0,221147136
pair-stage-probes-ba834d02-gcal3.stdout.log,1,3043,4096,0,0,0,0,4096
pair-stage-probes-ba834d02-gcal4,7126,110348380,119169024,72699904,0,0,0,119169024
pair-stage-probes-ba834d02-gcal4.stdout.log,1,1189,4096,0,0,0,0,4096
pair-stage-probes-cb215732-rsmoke,1989,33428367,35811328,27357184,0,0,0,35811328
pair-stage-probes-cb215732-rsmoke-driver.log,1,945,4096,0,0,0,0,4096
pair-stage-probes-cb215732-rsmoke.stdout.log,1,1189,4096,0,0,0,0,4096
pair-stage-probes-cb215732-rsmoke2.stdout.log,1,2025,4096,0,0,0,0,4096
pair-stage-probes-cc84a791-diag9-driver.log,1,1133,4096,0,0,0,0,4096
pair-stage-probes-cc84a791-postAllL3,641,9820825,10919936,8294400,0,0,0,10919936
pair-stage-probes-cc84a791-postAllL3.stdout.log,1,922,4096,0,0,0,0,4096
pair-stage-probes-cc84a791-postBaseL0,164,3174489,3301376,1851392,0,0,0,3301376
pair-stage-probes-cc84a791-postBaseL0.stdout.log,1,999,4096,0,0,0,0,4096
pair-stage-probes-d08818ef-cal2,25499,393183958,433627136,265015296,0,0,0,433627136
pair-stage-probes-d08818ef-cal2-driver.log,1,807,4096,0,0,0,0,4096
pair-stage-probes-d08818ef-cal2.stdout.log,1,5342,8192,0,0,0,0,8192
pair-stage-probes-d08818ef-place-driver.log,1,942,4096,0,0,0,0,4096
pair-stage-probes-d08818ef-placeD,4090,71888926,78491648,43634688,0,0,0,78491648
pair-stage-probes-d08818ef-placeD.stdout.log,1,2729,4096,0,0,0,0,4096
pair-stage-probes-d08818ef-placeP,902,19106175,20058112,12132352,0,0,0,20058112
pair-stage-probes-d08818ef-placeP.stdout.log,1,1018,4096,0,0,0,0,4096
pair-stage-probes-d93909e5-d3-driver.log,1,835,4096,0,0,0,0,4096
pair-stage-probes-d93909e5-dK1g,13020,229054321,245608448,0,0,0,0,245608448
pair-stage-probes-d93909e5-dK1g.stdout.log,1,2954,4096,0,0,0,0,4096
pair-stage-probes-df5bb798-v6d-align-a,6620,141279408,150790144,100995072,0,0,0,150790144
pair-stage-probes-df5bb798-v6d-align-b,5731,122028163,130199552,87097344,0,0,0,130199552
pair-stage-probes-e1c99f99-diag3-driver.log,1,922,4096,0,0,0,0,4096
pair-stage-probes-e1c99f99-diag4-driver.log,1,1214,4096,0,0,0,0,4096
pair-stage-probes-e1c99f99-diag4b-driver.log,1,326,4096,0,0,0,0,4096
pair-stage-probes-e1c99f99-dxSigB,2089,31663856,35209216,21426176,0,0,0,35209216
pair-stage-probes-e1c99f99-dxSigB.stdout.log,1,1438,4096,0,0,0,0,4096
pair-stage-probes-e1c99f99-dxSigC,10359,158663063,175329280,106045440,0,0,0,175329280
pair-stage-probes-e1c99f99-dxSigC.stdout.log,1,3385,4096,0,0,0,0,4096
pair-stage-probes-e1c99f99-dxSigD,7443,117664368,126099456,76181504,0,0,0,126099456
pair-stage-probes-e1c99f99-dxSigD.stdout.log,1,2803,4096,0,0,0,0,4096
pair-stage-probes-e1c99f99-dxSigE,5813,95965724,100052992,58679296,0,0,0,100052992
pair-stage-probes-e1c99f99-dxSigE.stdout.log,1,2756,4096,0,0,0,0,4096
pair-stage-probes-e1c99f99-dxSigma,3094,47876024,52674560,31543296,0,0,0,52674560
pair-stage-probes-e1c99f99-dxSigma.stdout.log,1,1829,4096,0,0,0,0,4096
pair-stage-probes-ec30e57d-v6d-pilot2,3846,82016616,87388160,58626048,0,0,0,87388160
pair-stage-probes-ece01311-fcal,27438,459529387,491388928,301191168,0,0,0,491388928
pair-stage-probes-ece01311-fcal.stdout.log,1,5164,8192,0,0,0,0,8192
pair-stage-probes-ece01311-fcal2.stdout.log,1,2025,4096,0,0,0,0,4096
pair-stage-probes-ece01311-fcal3.stdout.log,1,2025,4096,0,0,0,0,4096
pair-stage-probes-ece01311-fcal4.stdout.log,1,2025,4096,0,0,0,0,4096
pair-stage-probes-ece01311-fdriver-driver.log,1,1357,4096,0,0,0,0,4096
pair-stage-probes-ece38792-cal,9651,149896340,161390592,99024896,0,0,0,161390592
pair-stage-probes-ece38792-cal-driver.log,1,739,4096,0,0,0,0,4096
pair-stage-probes-ece38792-cal.stdout.log,1,1291,4096,0,0,0,0,4096
pair-stage-probes-f0716773-ghB,6345,106216896,113676288,69402624,0,0,0,113676288
pair-stage-probes-f0716773-ghB.stdout.log,1,2071,4096,0,0,0,0,4096
pair-stage-probes-f0716773-ghBL7,1183,19838235,21401600,12800000,0,0,0,21401600
pair-stage-probes-f0716773-ghBL7.stdout.log,1,1005,4096,0,0,0,0,4096
pair-stage-probes-f0716773-ghC,6416,107580788,115019776,70164480,0,0,0,115019776
pair-stage-probes-f0716773-ghC.stdout.log,1,2209,4096,0,0,0,0,4096
pair-stage-probes-f0716773-ghCL7,1183,19902899,21417984,12771328,0,0,0,21417984
pair-stage-probes-f0716773-ghCL7.stdout.log,1,1005,4096,0,0,0,0,4096
pair-stage-probes-f0716773-ghD,6454,108111071,115580928,70778880,0,0,0,115580928
pair-stage-probes-f0716773-ghD.stdout.log,1,2088,4096,0,0,0,0,4096
pair-stage-probes-f0716773-ghDL7,1183,19912992,21491712,12820480,0,0,0,21491712
pair-stage-probes-f0716773-ghDL7.stdout.log,1,1005,4096,0,0,0,0,4096
pair-stage-probes-f0716773-gho-driver.log,1,1446,4096,0,0,0,0,4096
pair-stage-probes-f2186414-yawcal,26050,401333251,442646528,273416192,0,0,0,442646528
pair-stage-probes-f2186414-yawcal-driver.log,1,819,4096,0,0,0,0,4096
pair-stage-probes-f2186414-yawcal-load.log,1,1760,4096,0,0,0,0,4096
pair-stage-probes-f2186414-yawcal.stdout.log,1,5131,8192,0,0,0,0,8192
pair-stage-probes-f2186414-yawhA-load.log,1,42,4096,0,0,0,0,4096
pair-stage-probes-f2186414-yawsmoke,1345,21653956,23080960,17580032,0,0,0,23080960
pair-stage-probes-f2186414-yawsmoke-driver.log,1,975,4096,0,0,0,0,4096
pair-stage-probes-f2186414-yawsmoke.stdout.log,1,1050,4096,0,0,0,0,4096
pair-stage-probes-f2186414-yawsmoke2,1360,21363607,23220224,17760256,0,0,0,23220224
pair-stage-probes-f2186414-yawsmoke2.stdout.log,1,1055,4096,0,0,0,0,4096
pair-stage-probes-f844a373-gsmoke,1315,22220887,23724032,14499840,0,0,0,23724032
pair-stage-probes-f844a373-gsmoke-driver.log,1,1086,4096,0,0,0,0,4096
pair-stage-probes-f844a373-gsmoke.stdout.log,1,1255,4096,0,0,0,0,4096
pair-stage-probes-f844a373-gsmoke2,1315,22334397,23703552,14495744,0,0,0,23703552
pair-stage-probes-f844a373-gsmoke2.stdout.log,1,1168,4096,0,0,0,0,4096
pair-stage-probes-f844a373-gsmokeL7,594,9994117,10825728,6410240,0,0,0,10825728
pair-stage-probes-f844a373-gsmokeL7.stdout.log,1,912,4096,0,0,0,0,4096
pair-stage-probes-smoke-precommit-20260928,1647,30857534,33148928,21123072,0,0,0,33148928
pair-stage-probes-tbviews-0928,84,161218,344064,0,0,0,0,344064
pair-stage-probes-tbviews-0929-v6,257,569446,1060864,323584,0,0,0,1060864
pair-stage-probes-tbviews-0929-v6c,136,345449,561152,0,0,0,0,561152
pair-stage-probes-tbviews-0929-v6c-carry,225,631184,933888,0,0,0,0,933888
pair-stage-probes-tbviews-0929-v6d,52,142839,212992,0,0,0,0,212992
pair-stage-probes-tbviews-0929-v6e,107,311761,442368,0,0,0,0,442368
pair-stage-probes-tbviews-0929-v6e-yaw,42,132621,172032,0,0,0,0,172032
pair-stage-probes-tbviews-0929-v6e-yaw2,53,166691,217088,0,0,0,0,217088
pair-stage-probes-tbviews-0929-v6g,157,491625,651264,0,0,0,0,651264
pair-stage-probes-tbviews-0929-v6g-hr,83,243918,339968,0,0,0,0,339968
pair-stage-probes-tbviews-0929-v6g-hr2,94,291777,385024,0,0,0,0,385024
pair-sync-comparison-v1,1,105799,106496,0,0,0,0,106496
pair-sync-delivery,1,5542,8192,0,0,0,0,8192
pair-sync-final-independent-review-v1,34,936943,1007616,548864,0,0,0,1007616
physics_skill_stress_oracle_5.jsonl,1,23549,24576,0,0,0,0,24576
physics_skill_stress_oracle_5.jsonl.summary.json,1,495,4096,0,0,0,0,4096
physics_skill_stress_oracle_5_v2.jsonl,1,24514,24576,0,0,0,0,24576
physics_skill_stress_oracle_5_v2.jsonl.summary.json,1,597,4096,0,0,0,0,4096
pixel-grasp-20260910-r1-v12,1205,80328900,82042880,0,0,0,0,82042880
plan-guidance-20260925,45571,3057701400,3144409088,2141794304,0,0,0,3144409088
plan-guidance-20260925.driver.log,1,4570,8192,0,0,0,0,8192
post-run-replay-20260924,5062,338112812,349601792,242556928,0,0,0,349601792
pr-merge-20260927-144402,2,92090,94208,0,0,0,0,94208
pr-merge-20260927-230137,1,25852,28672,0,0,0,0,28672
pr24-merge-20260910.json,1,678,4096,0,0,0,0,4096
pr300-hook-fix,7,71933,90112,0,0,0,0,90112
prod_smoke_309.jsonl,1,5014,8192,0,0,0,0,8192
prod_smoke_309.jsonl.summary.json,1,540,4096,0,0,0,0,4096
prod_smoke_439.jsonl,1,5008,8192,0,0,0,0,8192
prod_smoke_439.jsonl.summary.json,1,536,4096,0,0,0,0,4096
proxy-log-exclusive-window-review,17,36937,81920,4096,0,0,0,81920
ray_check_300.jsonl,1,5018,8192,0,0,0,0,8192
ray_check_300.jsonl.summary.json,1,536,4096,0,0,0,0,4096
ray_check_301.jsonl,1,5025,8192,0,0,0,0,8192
ray_check_301.jsonl.summary.json,1,537,4096,0,0,0,0,4096
ray_check_307.jsonl,1,5010,8192,0,0,0,0,8192
ray_check_307.jsonl.summary.json,1,534,4096,0,0,0,0,4096
ray_check_308.jsonl,1,5017,8192,0,0,0,0,8192
ray_check_308.jsonl.summary.json,1,538,4096,0,0,0,0,4096
ray_check_309.jsonl,1,8305,12288,0,0,0,0,12288
ray_check_309.jsonl.summary.json,1,592,4096,0,0,0,0,4096
ray_check_323.jsonl,1,5014,8192,0,0,0,0,8192
ray_check_323.jsonl.summary.json,1,538,4096,0,0,0,0,4096
ray_check_327.jsonl,1,5031,8192,0,0,0,0,8192
ray_check_327.jsonl.summary.json,1,536,4096,0,0,0,0,4096
real_traces,1,712,4096,0,0,0,0,4096
realistic_raw_13025.json,1,217303,221184,0,0,0,0,221184
realistic_success_13025.json,1,44896,45056,0,0,0,0,45056
recovery_300.jsonl,1,7661,8192,0,0,0,0,8192
recovery_300.jsonl.summary.json,1,553,4096,0,0,0,0,4096
recovery_307.jsonl,1,7646,8192,0,0,0,0,8192
recovery_307.jsonl.summary.json,1,564,4096,0,0,0,0,4096
recovery_308.jsonl,1,7678,8192,0,0,0,0,8192
recovery_308.jsonl.summary.json,1,564,4096,0,0,0,0,4096
recovery_309.jsonl,1,5040,8192,0,0,0,0,8192
recovery_309.jsonl.summary.json,1,494,4096,0,0,0,0,4096
recovery_309_v2.jsonl,1,8336,12288,0,0,0,0,12288
recovery_309_v2.jsonl.summary.json,1,584,4096,0,0,0,0,4096
reference-review-20260916.md,1,5167,8192,0,0,0,0,8192
relocalization-audit-20260929,3,4260637,4268032,0,0,0,0,4268032
render-profile-ab-20260929,24390,461507728,502038528,352546816,0,0,0,502038528
repository-audit-20260920,16,4120782,4157440,0,0,0,0,4157440
retired-offload-20260923,93,28202890,28471296,0,0,0,0,28471296
retired-worktrees,0,0,0,0,0,0,0,0
retired-worktrees/.DS_Store,1,14340,16384,0,0,0,0,16384
retired-worktrees/act-double-speed-generalization,1382,489838002,493219840,4591616,0,0,0,493219840
retired-worktrees/act-feasibility-training,678,536568419,538099712,13893632,0,0,0,538099712
retired-worktrees/act-recovery-generalization,2324,1493078449,1499283456,1802240,0,0,0,1499283456
retired-worktrees/claude-carry-relocalization-b1,2,1083,8192,0,0,0,0,8192
retired-worktrees/claude-carry-relocalization-design,2,892,8192,0,0,0,0,8192
retired-worktrees/claude-carry-x-bias,2,893,8192,0,0,0,0,8192
retired-worktrees/claude-chainfix-0930,2,802,8192,0,0,0,0,8192
retired-worktrees/claude-dev-frame-capture,2,896,8192,0,0,0,0,8192
retired-worktrees/claude-disk-cleanup-0927,2,899,8192,0,0,0,0,8192
retired-worktrees/claude-docs-0930,2,763,8192,0,0,0,0,8192
retired-worktrees/claude-door-guard-relax,2,1073,8192,0,0,0,0,8192
retired-worktrees/claude-door-ultrasonic-sweep,2,920,8192,0,0,0,0,8192
retired-worktrees/claude-eval-survey,2,813,8192,0,0,0,0,8192
retired-worktrees/claude-l1-axial-offset,2,806,8192,0,0,0,0,8192
retired-worktrees/claude-merge-229,11,2305330,2338816,0,0,0,0,2338816
retired-worktrees/claude-merge-235,11,2283424,2306048,0,0,0,0,2306048
retired-worktrees/claude-pair-chain-probe,2,950,8192,0,0,0,0,8192
retired-worktrees/claude-pair-passage-map,2,950,8192,0,0,0,0,8192
retired-worktrees/claude-prereg-main,2,813,8192,0,0,0,0,8192
retired-worktrees/claude-probe-videos,2,893,8192,0,0,0,0,8192
retired-worktrees/claude-referee,27,1117474,1163264,380928,0,0,0,1163264
retired-worktrees/claude-relocalization-audit,2,1252,8192,0,0,0,0,8192
retired-worktrees/claude-render-profile,2,1015,8192,0,0,0,0,8192
retired-worktrees/claude-s2r-protocol,2,809,8192,0,0,0,0,8192
retired-worktrees/claude-seg-lightfloor,2,1134,8192,0,0,0,0,8192
retired-worktrees/claude-stage-probes,11,4639,45056,0,0,0,0,45056
retired-worktrees/claude-stall-research-0930,2,791,8192,0,0,0,0,8192
retired-worktrees/claude-status-refresh,2,803,8192,0,0,0,0,8192
retired-worktrees/claude-ultrasonic,2,1028,8192,0,0,0,0,8192
retired-worktrees/claude-ultrasonic-input,2,1017,8192,0,0,0,0,8192
retired-worktrees/claude-v6-dev,9,3795,36864,0,0,0,0,36864
retired-worktrees/claude-v6-historical,2,937,8192,0,0,0,0,8192
retired-worktrees/claude-v6c-carry,2,948,8192,0,0,0,0,8192
retired-worktrees/claude-v6c-fixtest,2,1067,8192,0,0,0,0,8192
retired-worktrees/claude-v6g-dev,2,1241,8192,0,0,0,0,8192
retired-worktrees/claude-v7-side,2,800,8192,0,0,0,0,8192
retired-worktrees/claude-vis6-replay,2,1088,8192,0,0,0,0,8192
retired-worktrees/claude-zone-hard-routes,3,1914208,1921024,0,0,0,0,1921024
retired-worktrees/claude-zone-m2-pair,2,993,8192,0,0,0,0,8192
retired-worktrees/claude-zone-m2-pair-s1-frozen,2,771,8192,0,0,0,0,8192
retired-worktrees/claude-zone-m2-pair-s2-frozen,2,771,8192,0,0,0,0,8192
retired-worktrees/claude-zone-m2-pair-s2b-frozen,2,773,8192,0,0,0,0,8192
retired-worktrees/claude-zone-m2-pair-s3-frozen,2,771,8192,0,0,0,0,8192
retired-worktrees/claude-zone-owncam-skill-v7-frozen,2,861,8192,0,0,0,0,8192
retired-worktrees/claude-zone-owncam-skill-v8-frozen,2,861,8192,0,0,0,0,8192
retired-worktrees/claude-zone-owncam-skill-v9-frozen,2,861,8192,0,0,0,0,8192
retired-worktrees/claude-zone-team-a2,2,983407,991232,0,0,0,0,991232
retired-worktrees/claude0927-claude-todo-dr-sim2real,2,798,8192,0,0,0,0,8192
retired-worktrees/claude0927-kiro-disk-rules,3,1908,12288,0,0,0,0,12288
retired-worktrees/claude0927-kiro-eval-topcam,3,42064,49152,0,0,0,0,49152
retired-worktrees/claude0927-kiro-m2-pair,2,1011,8192,0,0,0,0,8192
retired-worktrees/claude0927-kiro-memory-literature,2,793,8192,0,0,0,0,8192
retired-worktrees/claude0927-kiro-pilot-records,2,858,8192,0,0,0,0,8192
retired-worktrees/claude0927-kiro-references-0926,2,787,8192,0,0,0,0,8192
retired-worktrees/claude0927-kiro-vision-loc-v3,3,1779,12288,0,0,0,0,12288
retired-worktrees/claude0927-kiro-vision-loc-v3src,2,849,8192,0,0,0,0,8192
retired-worktrees/claude0927-zone-m1-owncam,13,988798,1011712,8192,0,0,0,1011712
retired-worktrees/codex-followup-docs,2,893,8192,0,0,0,0,8192
retired-worktrees/codex-memory-v3,3,1639,12288,0,0,0,0,12288
retired-worktrees/codex-pair-executor,7,3259,28672,0,0,0,0,28672
retired-worktrees/codex-probe,2,758,8192,0,0,0,0,8192
retired-worktrees/codex-sim-speed-fix,9506,4887964,38703104,5189632,0,0,0,38703104
retired-worktrees/codex-v6h-classify,2,803,8192,0,0,0,0,8192
retired-worktrees/codex-v6h-prereg-upd,2,789,8192,0,0,0,0,8192
retired-worktrees/kiro-final-map,2,874,8192,0,0,0,0,8192
retired-worktrees/kiro-ko-pilot-fix,2,878,8192,0,0,0,0,8192
retired-worktrees/kiro-m2-pair-s2c-frozen,2,764,8192,0,0,0,0,8192
retired-worktrees/kiro-map-v3,3,1912,12288,0,0,0,0,12288
retired-worktrees/kiro-own-executor,3,1745,12288,0,0,0,0,12288
retired-worktrees/kiro-own-perception,2,3670493,3674112,0,0,0,0,3674112
retired-worktrees/kiro-owncam-memory,7,1076449,1093632,0,0,0,0,1093632
retired-worktrees/kiro-records-0926b,2,895,8192,0,0,0,0,8192
retired-worktrees/kiro-report-draft,2,892,8192,0,0,0,0,8192
retired-worktrees/kiro-sim-speed,2,986,8192,0,0,0,0,8192
retired-worktrees/kiro-study-core,5538,121098373,133877760,10022912,0,0,0,133877760
retired-worktrees/kiro-study-integration,195,7016561,7471104,5206016,0,0,0,7471104
retired-worktrees/kiro-study-scenarios,2,1838,8192,0,0,0,0,8192
retired-worktrees/kiro-tb-loop,2,906,8192,0,0,0,0,8192
retired-worktrees/kiro-tb-perc,2,21350,24576,0,0,0,0,24576
retired-worktrees/kiro-teacher-fix,2,363430,368640,0,0,0,0,368640
retired-worktrees/kiro-vision-loc,2,1109,8192,0,0,0,0,8192
retired-worktrees/kiro-vision-worker,2,1243,8192,0,0,0,0,8192
retired-worktrees/reference-act-baseline,83,112074077,112275456,126976,0,0,0,112275456
retired-worktrees/retirements.jsonl,1,121421,122880,0,0,0,0,122880
review-246-final-20260928.md,1,14839,16384,0,0,0,0,16384
review-248-20260928.md,1,20077,20480,0,0,0,0,20480
review-250-20260928.md,1,19973,20480,0,0,0,0,20480
review-253-20260928.md,1,23641,24576,0,0,0,0,24576
review-256-257-20260928.md,1,22673,24576,0,0,0,0,24576
review-261-20260928.md,1,8363,12288,0,0,0,0,12288
review-299-astra-c86d9ba,698,8458239,10027008,0,0,0,0,10027008
review-299b-astra-8a1631b9,40408,421942895,517144576,0,0,0,0,517144576
review-301-astra-2ff92e9f-20260930,4,49346,53248,0,0,0,0,53248
review-301b-astra-e25d7509-20260930,13,118008,155648,0,0,0,0,155648
review-e2e-b-20260930,3288,83614480,92270592,0,0,0,0,92270592
review-e2e-batch-a-20260930-76c6a8fe,67,1083909,1290240,0,0,0,0,1290240
review-e2e-batch-c-20260930,20,402523,462848,0,0,0,0,462848
review-e2e-batch-d-20260930,30,113764,200704,0,0,0,0,200704
review-e2e-batch-e-20260930,20,230977,278528,0,0,0,0,278528
review-e2e-batch-f,59,6722383,6868992,0,0,0,0,6868992
review-fixes-1-20260930,49,406996,532480,0,0,0,0,532480
review292b-delta-3c4fe30e,18,351848,393216,0,0,0,0,393216
rgb-approach-student-pilot-20260910-v1,1,7575,8192,0,0,0,0,8192
rgb-approach-student-pilot-20260910-v2,1,7579,8192,0,0,0,0,8192
rgb-approach-validation-20260910-v1,6695,329736274,346251264,229376,0,0,0,346251264
rgb-common-physical-recovery-20260923,2,803131,806912,0,0,0,0,806912
rgb-contract-fix-20260923,1,197,4096,0,0,0,0,4096
rl,42,15130521,15228928,0,0,0,0,15228928
seal-301-fix-20260930,7,100659,110592,0,0,0,0,110592
seg-lightfloor-20260929,48083,569131366,678367232,0,0,0,0,678367232
servo_profiles.json,1,752,4096,0,0,0,0,4096
short-transport-archive-readback-20260913-v1,5991,316373002,330022912,45678592,0,0,0,330022912
short-transport-delay-20260913-v1,1,35736,36864,0,0,0,0,36864
short-transport-delivery-20260913-v1.json,1,1956,4096,0,0,0,0,4096
short-transport-design-review-20260913.md,1,8090,8192,0,0,0,0,8192
short-transport-fixed-20260913-v1,2,38076,40960,0,0,0,0,40960
short-transport-varied-20260913-v1,5549,312614696,326201344,0,0,0,0,326201344
sim-slots,9,0,0,0,0,0,0,0
sim-speed-20260926,11731,198823888,222908416,199237632,0,0,0,222908416
sim_traces,7,1468,28672,8192,0,0,0,28672
sim_v4,1,179771,180224,0,0,0,0,180224
sim_v5,1,100308,102400,0,0,0,0,102400
sim_videos,2,1881706,1884160,0,0,0,0,1884160
simulation-realtime-20260923,54978,3844016109,3964268544,3659788288,0,0,0,3964268544
simulation-runs,668,65594174,67014656,11436032,0,0,0,67014656
stall-detection-research,2,35570246,35573760,0,0,0,0,35573760
status-0930-evening-sources,44,1008860,1089536,0,0,0,0,1089536
status-video,15046,915500812,948170752,610238464,13794,569695537,609755136,338415616
storage-cleanup-20260922,29,66940482,67010560,0,0,0,0,67010560
t07-r3-roles,312,6607163,7372800,0,0,0,0,7372800
t09b-baseline-01.log,1,1281,4096,0,0,0,0,4096
t09b-baseline-02.log,1,2023,4096,0,0,0,0,4096
t09b-checks-03.log,1,37,4096,0,0,0,0,4096
t13a-identity-offline-20260930,2,32294,36864,0,0,0,0,36864
tb-owncam-loop-20260926,23,218747,290816,0,0,0,0,290816
tb-perception-noslip-20260926,92,1694543,1867776,0,0,0,0,1867776
tb-teacher-fix-20260926,31,4852522,4931584,172032,0,0,0,4931584
tensorboard,6547,168825493,182534144,0,0,0,0,182534144
tensorboard-archive,817,277973833,280145920,0,0,0,0,280145920
tensorboard-monitor,1,415,4096,0,0,0,0,4096
tensorboard-view.json,1,320875,323584,0,0,0,0,323584
test_videos,1,270348,274432,0,0,0,0,274432
topdown_prototype_20260929.py,1,3007,4096,0,0,0,0,4096
ugrp2-pi4-eeprom-recovery-20260822.txt,1,396,4096,0,0,0,0,4096
ugrp3-diag-20260822.log,1,75130,77824,0,0,0,0,77824
ugrp3-initramfs-recovery-20260822.log,1,2594,4096,0,0,0,0,4096
ugrp3-official-minimal-write-20260822.txt,1,728,4096,0,0,0,0,4096
ugrp3-official-reflash-20260822-evening.txt,1,553,4096,0,0,0,0,4096
ugrp3-pi3b-incident-handoff-20260822.md,1,26653,28672,0,0,0,0,28672
ugrp3-rootfs-probe-20260822.log,1,74390,77824,0,0,0,0,77824
ugrp3-wifi-recovery-20260822.log,1,3406,4096,0,0,0,0,4096
ugrp3-wifi-recovery-sdio25-20260822.log,1,3323,4096,0,0,0,0,4096
v6h-classifier-redesign-20260930,75,5093477,5255168,0,0,0,0,5255168
v6h-fixcls-review299-20260930,1374,16361797,19456000,0,0,0,0,19456000
v6h-register-delta-fixes-20260930,10,93374,114688,0,0,0,0,114688
v6h-register-unit-20260930,9,306593,331776,0,0,0,0,331776
v6h1-acceptance-2c863fda-20260930,86,1004330,1216512,0,0,0,0,1216512
v6h1-acceptance-3afc61b0-claude-20260930,10662,187907675,203714560,0,0,0,0,203714560
v6h1-acceptance-3afc61b0-claude-20260930-attr,10484,188137972,205590528,0,0,0,0,205590528
v6h1-acceptance-3c4fe30e-claude-20260930,16295,292922595,320294912,0,0,0,0,320294912
v6h1-confirm-4c6b439f-20260930,3,232370,237568,0,0,0,0,237568
varied-start-cohort-partitions-20260910-v1,6,19326,32768,0,0,0,0,32768
varied-start-development-20260910-v1,1,20500,24576,0,0,0,0,24576
varied-start-development-20260910-v2,1,20494,24576,0,0,0,0,24576
varied-start-development-20260910-v3-0,1,11845,12288,0,0,0,0,12288
varied-start-development-20260910-v3-1,1,11839,12288,0,0,0,0,12288
varied-start-development-20260910-v3-summary.json,1,17560,20480,0,0,0,0,20480
varied-start-evidence-stage-20260910-v1,18,86690993,86728704,0,0,0,0,86728704
varied-start-final-record-20260910.md,1,6682,8192,0,0,0,0,8192
varied-start-heldout-20260910-v1-0,8328,468811104,489525248,114688,0,0,0,489525248
varied-start-heldout-20260910-v1-1,8200,459475068,479801344,122880,0,0,0,479801344
varied-start-heldout-20260910-v1-summary.json,1,129043,131072,0,0,0,0,131072
varied-start-model-v2-v3-comparison.json,1,2817,4096,0,0,0,0,4096
varied-start-retention-20260910-v1-0,2931,150198790,157646848,0,0,0,0,157646848
varied-start-retention-20260910-v1-1,2955,151840456,159289344,0,0,0,0,159289344
videos-20260929,0,0,0,0,0,0,0,0
vis6-recipe1-20260929,888,377793265,380682240,0,0,0,0,380682240
vision-loc-20260926,125919,1252356587,1527013376,630784,0,0,0,1527013376
vision-worker-closed-loop-20260927,7023,100271832,111214592,82890752,0,0,0,111214592
visual-servo-20260909-r1-final,95,4977551,5103616,0,0,0,0,5103616
visual-servo-20260909-r3-final,95,5315008,5509120,0,0,0,0,5509120
warehouse_research,2622,77263849,82493440,46493696,0,0,0,82493440
worktree-cleanup-20260922,30,132606838,132677632,0,0,0,0,132677632
zone-communication-20260925,4157,662872497,672497664,667648,0,0,0,672497664
zone-dispatch-20260925,1927,313662824,318582784,331776,0,0,0,318582784
zone-env-v3-20260926,22407,590484688,638021632,473313280,0,0,0,638021632
zone-eval-topcam-20260926,49,6214762,6344704,0,0,0,0,6344704
zone-hard-routes-20260925,8100,1388414800,1405837312,1351680,0,0,0,1405837312
zone-m2-pair-20260926,76695,1408364501,1575030784,411410432,0,0,0,1575030784
zone-m2-pair-kiro-20260926,32043,594796407,667521024,157130752,0,0,0,667521024
zone-own-executor-20260926,64246,1048728159,1190473728,856252416,0,0,0,1190473728
zone-owncam-pair-20260926,11182,177718081,201396224,163856384,0,0,0,201396224
zone-owncam-skill-20260925,49673,679301147,774492160,579010560,0,0,0,774492160
zone-pair-dev-521e5567e4a1d1b0614b86b8bf355e994edca890,22,469727,524288,12288,0,0,0,524288
zone-pair-dev-tb-view-20260928,33,11373874,167936,0,0,0,0,167936
zone-pair-dev-tb-view-20260928-r2,16,11317149,11341824,0,0,0,0,11341824
zone-pair-dev-v2-9f28cbf030442a701a666899c02ebb4374e3e3e2,4034,41404621,52695040,26329088,0,0,0,52695040
zone-pair-dev-v3-4a17e7d47616056db85f35933327c6b63581853d,16932,185690533,230055936,135983104,0,0,0,230055936
zone-pair-dev-v4-8effc2cee5c3534d553adb75a0d82b49097e5286,16648,187381756,233447424,139452416,0,0,0,233447424
zone-pair-dev-v5b-3ea2edc08e5addafaf3cedc934c463ad8e1635c8,14536,164068028,204218368,122507264,0,0,0,204218368
zone-pair-dev-v5e-8b0ddd27a931bfcecee1e3725ad4a6ed739c5c37,2,295448,303104,0,0,0,0,303104
zone-pair-dev-v5g-c38f94e6c551d8c0fa9993945ff4df087754672e,16182,186175530,230883328,141426688,0,0,0,230883328
zone-pair-dev-v5h-f87921dc52f7a3f12d41b4bc6ab5c30227890e8e,14982,170551876,213856256,132272128,0,0,0,213856256
zone-pair-dev-v6-3c26acddec066adcd9164e6d2a6f51c1261c5f66,25085,267705295,337989632,208355328,0,0,0,337989632
zone-pair-v6-dev-tb-view-20260928,16,7369846,49152,0,0,0,0,49152
zone-pair-v6-review3-shape-survey,10,7847110,7868416,0,0,0,0,7868416
zone-pair-v6b-boot-probe-a1fe7dac,80,1187527,1298432,978944,0,0,0,1298432
zone-pair-v6b-boot-probe-dce25ce5,80,1187527,1298432,978944,0,0,0,1298432
zone-rgb-color-20260925,5169,162289327,173334528,27197440,0,0,0,173334528
zone-rgb-outcome-20260925,11207,574111963,599183360,193875968,0,0,0,599183360
zone-rgb-outcome-runs-20260925,3697,552005988,560230400,217088,0,0,0,560230400
zone-rgb-outcome-v2-20260925,66012,3532531156,3677515776,10436608,0,0,0,3677515776
zone-study-adapter-pilot-r10,138,5935689,6369280,573440,0,0,0,6369280
zone-study-integration-20260926,978,756226716,758517760,339968,0,0,0,758517760
zone-study-offline-smoke,34,6482087,6553600,0,0,0,0,6553600
zone-study-offline-smoke-v2,34,6495644,6574080,0,0,0,0,6574080
zone-study-offline-smoke-v3,34,57682714,57749504,0,0,0,0,57749504
zone-study-offline-smoke-v3-run-dc8ac28,34,57682179,57749504,241664,0,0,0,57749504
zone-study-offline-smoke-v4,34,57753030,57831424,241664,0,0,0,57831424
zone-study-offline-smoke-v4-report,5,736832,753664,0,0,0,0,753664
zone-study-offline-smoke-v5,34,49710921,49774592,0,0,0,0,49774592
zone-study-offline-smoke-v5-report,5,805110,819200,0,0,0,0,819200
zone-study-offline-smoke-v6,34,49891445,49963008,217088,0,0,0,49963008
zone-study-offline-smoke-v6-report,6,1245986,1261568,49152,0,0,0,1261568
zone-teacher-fix-20260926,1584,288311668,291749888,159744,0,0,0,291749888
zone-team-a2-20260925,4349,747205481,755204096,122880,0,0,0,755204096
zone-team-a2-media,4,3549175,3555328,0,0,0,0,3555328
zone-team-a2-v2-20260925,1321,231735102,234795008,151552,0,0,0,234795008
zone-team-jobs-20260925,12,3061618,3088384,0,0,0,0,3088384
zone-wide-20260925,2189,374419309,379367424,430080,0,0,0,379367424
