path,before_bytes,after_bytes,before_allocated_bytes,after_allocated_bytes,files_before,delete_files,keep_files,delete_bytes,delete_allocated_bytes,rule_ids,thinning_rules
zone-rgb-outcome-v2-20260925,3532531156,3524256966,3677515776,3667079168,66012,742,65270,8274190,10436608,"D1,D5",SIM_1Hz
experiment-archives-20260907,2905905369,2905905369,2905923584,2905923584,8,0,8,0,0,,
act-action-training-20260924,2762411345,2736718586,2790907904,2763784192,11264,521,10743,25692759,27123712,"D3,D5",
jev-skills-holdout-v1,1947799785,1943474510,2006654976,2001694720,27575,178,27397,4325275,4960256,D5,
vision-loc-20260926,1252356587,1251750202,1527013376,1526382592,125919,13,125906,606385,630784,D5,
retired-worktrees/act-recovery-generalization,1493078449,1492359493,1499283456,1497481216,2324,287,2037,718956,1802240,D5,
zone-hard-routes-20260925,1388414800,1387792580,1405837312,1404485632,8100,217,7883,622220,1351680,D5,unknown_time_at_most_10pct_plus_endpoints
zone-m2-pair-20260926,1408364501,1044898984,1575030784,1163620352,76695,21964,54731,363465517,411410432,D1,unknown_time_at_most_10pct_plus_endpoints
plan-guidance-20260925,3057701400,981811242,3144409088,1002614784,45571,34706,10865,2075890158,2141794304,"D1,D5","SIM_1Hz,unknown_time_at_most_10pct_plus_endpoints"
dynamic-team-recovery-20260925,2423982134,827088911,2497138688,845688832,35615,26626,8989,1596893223,1651449856,"D1,D5","SIM_1Hz,unknown_time_at_most_10pct_plus_endpoints"
zone-study-integration-20260926,756226716,756022606,758517760,758177792,978,47,931,204110,339968,D5,unknown_time_at_most_10pct_plus_endpoints
zone-team-a2-20260925,747205481,747145589,755204096,755081216,4349,22,4327,59892,122880,D5,unknown_time_at_most_10pct_plus_endpoints
b-v6h-gain-b95d2016-sB,644030829,644030829,702791680,702791680,35609,0,35609,0,0,,
b-v6h-gain-b95d2016-sA,643794701,643794701,702414848,702414848,35609,0,35609,0,0,,
b-v6h-gain-69c2a99a-cB,642386924,642386924,701030400,701030400,35501,0,35501,0,0,,
b-v6h-gain-69c2a99a-cA,642132046,642132046,700641280,700641280,35501,0,35501,0,0,,
b-v6h-gain-69c2a99a-cC,637116496,637116496,695078912,695078912,35224,0,35224,0,0,,
b-v6h-gain-5bfd95f0-tS,631420819,631420819,688943104,688943104,34885,0,34885,0,0,,
seg-lightfloor-20260929,569131366,569131366,678367232,678367232,48083,0,48083,0,0,,
jev-skills-dev-v6,654074428,654030601,674156544,673984512,9150,36,9114,43827,172032,D5,
zone-communication-20260925,662872497,662558506,672497664,671830016,4157,99,4058,313991,667648,D5,unknown_time_at_most_10pct_plus_endpoints
b-v6h-gain-64abed88-rB,549146983,549146983,600625152,600625152,29897,0,29897,0,0,,
b-v6h-gain-64abed88-rA,548846834,548846834,600264704,600264704,29897,0,29897,0,0,,
door-relax-envelope-77fde5f6-chK1gP2,548750610,548750610,600223744,600223744,29897,0,29897,0,0,,
door-relax-envelope-fdd35cee-chK1gP1,548746775,548746775,600223744,600223744,29897,0,29897,0,0,,
b-v6h-gain-69c2a99a-cD,543690755,543690755,591302656,591302656,30154,0,30154,0,0,,
b-v6h-gain-5bfd95f0-tR,538401484,538401484,588726272,588726272,29285,0,29285,0,0,,
zone-rgb-outcome-runs-20260925,552005988,551929975,560230400,560013312,3697,37,3660,76013,217088,D5,unknown_time_at_most_10pct_plus_endpoints
retired-worktrees/act-feasibility-training,536568419,522754576,538099712,524206080,678,27,651,13813843,13893632,D5,
zone-m2-pair-kiro-20260926,594796407,454954345,667521024,510390272,32043,7981,24062,139842062,157130752,D1,unknown_time_at_most_10pct_plus_endpoints
door-relax-envelope-fdd35cee-chK1g,466004690,466004690,507940864,507940864,25380,0,25380,0,0,,
varied-start-heldout-20260910-v1-0,468811104,468782348,489525248,489410560,8328,28,8300,28756,114688,D5,
retired-worktrees/act-double-speed-generalization,489838002,485601305,493219840,488628224,1382,94,1288,4236697,4591616,D5,
varied-start-heldout-20260910-v1-1,459475068,459444258,479801344,479678464,8200,30,8170,30810,122880,D5,
b-v6h-gain-69c2a99a-cF,435852871,435852871,472293376,472293376,24420,0,24420,0,0,,
zone-rgb-outcome-20260925,574111963,388003829,599183360,405307392,11207,3533,7674,186108134,193875968,"D1,D5",unknown_time_at_most_10pct_plus_endpoints
b-v6h-gain-5bfd95f0-tX0,364095532,364095532,396955648,396955648,20207,0,20207,0,0,,
beam-regrasp-20260925,1216778673,378362367,1254658048,387342336,17968,13180,4788,838416306,867315712,"D1,D5","SIM_1Hz,unknown_time_at_most_10pct_plus_endpoints"
dispatch-action-act-20260924,1171837488,376470462,1207705600,385175552,16443,12501,3942,795367026,822530048,"D1,D5","SIM_1Hz,unknown_time_at_most_10pct_plus_endpoints"
b-v6h-gain-f5d83fdb-tX1,350000227,350000227,382152704,382152704,19863,0,19863,0,0,,
