label,cell,seed,policy,gain_fix,sheet_x,place_x,place_y,place_yaw_deg,dx_mm,end_ok_L0_L1,T0_cmd_s,T1_cmd_s,L0_travel_mm,L1_travel_mm,L0_along_mm,L1_along_mm,L0_cross_mm,L1_cross_mm,L0_end_mm,L1_end_mm,L1_y_signed_mm,v_ss_mm_s,tau_s,tau_stop_s
cA,F_hR2_04,913,b-v6h,,1.0,0.9298,-0.0204,-3.901,-70.2,1,11.800000000033839,18.40000000008738,555.66,893.71,-65.24,-17.75,42.04,37.54,77.62,41.52,-37.54,51.238,0.8981,0.0063
cA,F_hR2_04,911,b-v6h,,1.0,0.9298,-0.0204,-3.901,-70.2,1,11.800000000033839,18.40000000008738,555.62,893.54,-65.23,-17.9,43.13,40.7,78.2,44.46,-40.7,51.235,0.8981,0.0063
cA,N01,913,b-v6h,,1.0,0.993,0.053,-2.24,-7.0,1,11.800000000033839,18.40000000008738,555.37,893.89,-2.02,45.19,17.93,46.9,18.04,65.13,-46.9,51.214,0.8981,0.0062
cA,N01,911,b-v6h,,1.0,0.993,0.053,-2.24,-7.0,1,11.800000000033839,18.40000000008738,555.37,893.92,-2.02,45.29,17.94,45.06,18.05,63.89,-45.06,51.216,0.8981,0.0062
cA,N02,911,b-v6h,,1.0,1.006,0.096,-2.69,6.0,1,11.800000000033839,18.40000000008738,555.9,893.45,11.19,58.38,17.64,7.65,20.89,58.88,7.65,51.239,0.8981,0.0063
cA,N02,913,b-v6h,,1.0,1.006,0.096,-2.69,6.0,1,11.800000000033839,18.40000000008738,555.82,893.37,11.14,58.26,18.4,9.3,21.5,59.0,9.3,51.24,0.8981,0.0063
cA,N03,911,b-v6h,,1.0,0.983,-0.01,-2.75,-17.0,1,11.800000000033839,18.40000000008738,555.91,893.78,-11.55,36.01,37.18,32.36,38.93,48.42,-32.36,51.242,0.898,0.0062
cA,N03,913,b-v6h,,1.0,0.983,-0.01,-2.75,-17.0,1,11.800000000033839,18.40000000008738,555.95,893.61,-11.57,35.83,35.85,37.51,37.67,51.88,-37.51,51.241,0.8981,0.0062
cA,N04,911,b-v6h,,1.0,0.963,-0.029,-2.92,-37.0,1,11.800000000033839,18.40000000008738,556.61,893.61,-32.05,15.35,35.75,38.04,48.01,41.02,-38.04,51.239,0.8981,0.0062
cA,N04,913,b-v6h,,1.0,0.963,-0.029,-2.92,-37.0,1,11.800000000033839,18.40000000008738,556.7,893.73,-32.06,15.47,34.52,34.4,47.11,37.72,-34.4,51.241,0.8981,0.0062
cA,N05,911,b-v6h,,1.0,0.99,0.029,0.36,-10.0,1,11.800000000033839,18.40000000008738,555.25,893.77,-4.75,42.79,17.05,10.57,17.7,44.07,-10.57,51.24,0.8981,0.0063
cA,N05,913,b-v6h,,1.0,0.99,0.029,0.36,-10.0,1,11.800000000033839,18.40000000008738,555.23,893.7,-4.77,42.71,17.04,10.43,17.7,43.96,-10.43,51.24,0.8981,0.0063
cA,N06,911,b-v6h,,1.0,0.963,0.087,-2.7,-37.0,1,11.800000000033839,18.40000000008738,555.26,893.51,-32.28,14.76,12.34,10.02,34.55,17.84,-10.02,51.226,0.8981,0.0063
cA,N06,913,b-v6h,,1.0,0.963,0.087,-2.7,-37.0,1,11.800000000033839,18.40000000008738,555.22,893.53,-32.3,14.76,12.58,9.62,34.66,17.62,-9.62,51.226,0.8981,0.0063
cA,N07,911,b-v6h,,1.0,0.961,0.094,2.61,-39.0,1,11.800000000033839,18.40000000008738,556.73,893.75,-33.03,14.47,14.71,5.97,36.16,15.66,5.97,51.239,0.898,0.0062
cA,N07,913,b-v6h,,1.0,0.961,0.094,2.61,-39.0,1,11.800000000033839,18.40000000008738,556.7,893.99,-33.01,14.73,15.75,6.34,36.57,16.04,6.34,51.239,0.898,0.0061
cA,N08,911,b-v6h,,1.0,0.963,0.091,-1.23,-37.0,1,11.800000000033839,18.40000000008738,556.3,893.65,-31.42,15.53,12.55,17.3,33.83,23.25,-17.3,51.214,0.8981,0.0062
cA,N08,913,b-v6h,,1.0,0.963,0.091,-1.23,-37.0,1,11.800000000033839,18.40000000008738,556.28,893.47,-31.42,15.37,12.86,16.7,33.95,22.7,-16.7,51.214,0.8981,0.0062
cA,N09,911,b-v6h,,1.0,0.947,0.067,2.72,-53.0,1,11.800000000033839,18.40000000008738,556.03,894.36,-46.98,1.17,14.31,12.9,49.11,12.95,12.9,51.241,0.8981,0.0063
cA,N09,913,b-v6h,,1.0,0.947,0.067,2.72,-53.0,1,11.800000000033839,18.40000000008738,556.01,894.43,-46.99,1.23,15.42,12.46,49.46,12.52,12.46,51.241,0.8981,0.0064
cA,N10,913,b-v6h,,1.0,0.947,0.103,-0.91,-53.0,1,11.800000000033839,18.40000000008738,557.09,893.4,-47.88,-1.11,6.02,21.45,48.26,21.48,-21.45,51.218,0.8981,0.0063
cA,N10,911,b-v6h,,1.0,0.947,0.103,-0.91,-53.0,1,11.800000000033839,18.40000000008738,557.17,893.41,-47.92,-1.15,4.68,23.06,48.15,23.09,-23.06,51.218,0.8981,0.0063
cA,N11,911,b-v6h,,1.0,0.989,0.048,-2.78,-11.0,1,11.800000000033839,18.40000000008738,555.46,894.02,-6.13,41.37,27.9,51.77,28.57,66.27,-51.77,51.215,0.8982,0.0063
cA,N11,913,b-v6h,,1.0,0.989,0.048,-2.78,-11.0,1,11.800000000033839,18.40000000008738,555.45,894.01,-6.13,41.34,27.85,52.4,28.52,66.74,-52.4,51.214,0.8982,0.0063
cB,F_hR2_04,913,b-v6h,pf,1.0,0.9298,-0.0204,-3.901,-70.2,1,11.800000000033839,18.40000000008738,555.66,893.52,-65.24,-17.97,42.04,50.22,77.62,53.33,-50.22,51.229,0.8981,0.0062
cB,F_hR2_04,911,b-v6h,pf,1.0,0.9298,-0.0204,-3.901,-70.2,1,11.800000000033839,18.40000000008738,555.62,893.5,-65.23,-17.94,43.13,47.25,78.2,50.54,-47.25,51.23,0.8981,0.0062
cB,N01,911,b-v6h,pf,1.0,0.993,0.053,-2.24,-7.0,1,11.800000000033839,18.40000000008738,555.37,893.8,-2.02,45.05,17.94,48.83,18.05,66.44,-48.83,51.211,0.8981,0.0062
cB,N01,913,b-v6h,pf,1.0,0.993,0.053,-2.24,-7.0,1,11.800000000033839,18.40000000008738,555.37,893.75,-2.02,44.99,17.93,49.18,18.04,66.65,-49.18,51.21,0.8981,0.0063
cB,N02,911,b-v6h,pf,1.0,1.006,0.096,-2.69,6.0,1,11.800000000033839,18.40000000008738,555.9,893.36,11.19,58.29,17.64,7.35,20.89,58.75,7.35,51.239,0.8981,0.0063
cB,N02,913,b-v6h,pf,1.0,1.006,0.096,-2.69,6.0,1,11.800000000033839,18.40000000008738,555.82,893.41,11.14,58.3,18.4,8.82,21.5,58.96,8.82,51.239,0.8981,0.0063
cB,N03,913,b-v6h,pf,1.0,0.983,-0.01,-2.75,-17.0,1,11.800000000033839,18.40000000008738,555.95,893.57,-11.57,35.78,35.85,40.66,37.67,54.16,-40.66,51.241,0.8981,0.0063
cB,N03,911,b-v6h,pf,1.0,0.983,-0.01,-2.75,-17.0,1,11.800000000033839,18.40000000008738,555.91,893.7,-11.55,35.94,37.18,36.98,38.93,51.57,-36.98,51.241,0.8981,0.0062
cB,N04,911,b-v6h,pf,1.0,0.963,-0.029,-2.92,-37.0,1,11.800000000033839,18.40000000008738,556.61,893.54,-32.05,15.26,35.75,42.88,48.01,45.51,-42.88,51.238,0.8981,0.0063
cB,N04,913,b-v6h,pf,1.0,0.963,-0.029,-2.92,-37.0,1,11.800000000033839,18.40000000008738,556.7,893.55,-32.06,15.26,34.52,41.53,47.11,44.25,-41.53,51.238,0.8981,0.0062
cB,N05,911,b-v6h,pf,1.0,0.99,0.029,0.36,-10.0,1,11.800000000033839,18.40000000008738,555.25,893.74,-4.75,42.76,17.05,11.06,17.7,44.17,-11.06,51.241,0.8981,0.0063
cB,N05,913,b-v6h,pf,1.0,0.99,0.029,0.36,-10.0,1,11.800000000033839,18.40000000008738,555.23,893.79,-4.77,42.81,17.04,10.85,17.7,44.16,-10.85,51.241,0.8981,0.0063
cB,N06,911,b-v6h,pf,1.0,0.963,0.087,-2.7,-37.0,1,11.800000000033839,18.40000000008738,555.26,893.49,-32.28,14.73,12.34,10.28,34.55,17.96,-10.28,51.226,0.8981,0.0063
cB,N06,913,b-v6h,pf,1.0,0.963,0.087,-2.7,-37.0,1,11.800000000033839,18.40000000008738,555.22,893.51,-32.3,14.73,12.58,9.88,34.66,17.74,-9.88,51.226,0.8981,0.0063
cB,N07,911,b-v6h,pf,1.0,0.961,0.094,2.61,-39.0,1,11.800000000033839,18.40000000008738,556.73,893.94,-33.03,14.65,14.71,4.48,36.16,15.32,4.48,51.239,0.898,0.0061
cB,N07,913,b-v6h,pf,1.0,0.961,0.094,2.61,-39.0,1,11.800000000033839,18.40000000008738,556.7,894.29,-33.01,14.98,15.75,2.31,36.57,15.16,2.31,51.237,0.8981,0.0064
cB,N08,911,b-v6h,pf,1.0,0.963,0.091,-1.23,-37.0,1,11.800000000033839,18.40000000008738,556.3,893.49,-31.42,15.37,12.55,17.59,33.83,23.36,-17.59,51.213,0.8981,0.0062
cB,N08,913,b-v6h,pf,1.0,0.963,0.091,-1.23,-37.0,1,11.800000000033839,18.40000000008738,556.28,893.45,-31.42,15.34,12.86,16.88,33.95,22.81,-16.88,51.214,0.8981,0.0063
cB,N09,911,b-v6h,pf,1.0,0.947,0.067,2.72,-53.0,1,11.800000000033839,18.40000000008738,556.03,894.41,-46.98,1.2,14.31,7.55,49.11,7.64,7.55,51.241,0.8981,0.0064
cB,N09,913,b-v6h,pf,1.0,0.947,0.067,2.72,-53.0,1,11.800000000033839,18.40000000008738,556.01,894.48,-46.99,1.23,15.42,5.46,49.46,5.6,5.46,51.241,0.8981,0.0065
cB,N10,911,b-v6h,pf,1.0,0.947,0.103,-0.91,-53.0,1,11.800000000033839,18.40000000008738,557.17,893.46,-47.92,-1.1,4.68,23.25,48.15,23.27,-23.25,51.217,0.8981,0.0063
cB,N10,913,b-v6h,pf,1.0,0.947,0.103,-0.91,-53.0,1,11.800000000033839,18.40000000008738,557.09,893.43,-47.88,-1.08,6.02,21.63,48.26,21.66,-21.63,51.218,0.8981,0.0063
cB,N11,913,b-v6h,pf,1.0,0.989,0.048,-2.78,-11.0,1,11.800000000033839,18.40000000008738,555.45,893.99,-6.13,41.21,27.85,56.34,28.52,69.8,-56.34,51.209,0.8981,0.0062
cB,N11,911,b-v6h,pf,1.0,0.989,0.048,-2.78,-11.0,1,11.800000000033839,18.40000000008738,555.46,893.94,-6.13,41.05,27.9,59.54,28.57,72.32,-59.54,51.205,0.8981,0.0062
rA,hR2_02,913,b-v6h,,1.0,0.9998863662593818,0.049317794588144774,-0.018,-0.11,1,11.800000000033839,18.40000000008738,554.39,893.97,4.19,51.28,8.13,40.91,9.14,65.6,40.91,51.21,0.8977,0.0063
rA,hR2_02,911,b-v6h,,1.0,0.9998863662593818,0.049317794588144774,-0.018,-0.11,1,11.800000000033839,18.40000000008738,554.53,893.91,4.32,51.39,7.91,39.74,9.02,64.97,39.74,51.211,0.8977,0.0062
rA,hR2_01,913,b-v6h,,1.0,0.9998708824251402,0.04932891297853095,-0.017,-0.13,1,11.800000000033839,18.40000000008738,554.43,893.84,4.21,51.18,7.3,38.61,8.43,64.11,38.61,51.211,0.8977,0.0062
rA,hR2_01,911,b-v6h,,1.0,0.9998708824251402,0.04932891297853095,-0.017,-0.13,1,11.800000000033839,18.40000000008738,554.53,893.87,4.32,51.34,7.16,38.1,8.36,63.93,38.1,51.211,0.8977,0.0061
rA,hR2_03,911,b-v6h,,1.0,0.9998863662593818,0.049317794588144774,-0.018,-0.11,1,11.800000000033839,18.40000000008738,554.42,893.98,4.22,51.35,8.12,40.18,9.14,65.2,40.18,51.211,0.8977,0.0063
rA,hR2_03,913,b-v6h,,1.0,0.9998863662593818,0.049317794588144774,-0.018,-0.11,1,11.800000000033839,18.40000000008738,554.39,894.0,4.18,51.29,8.13,41.14,9.14,65.75,41.14,51.209,0.8977,0.0063
rA,hR2_04,911,b-v6h,,0.9,0.929839164072001,-0.020445400674040437,-3.901,29.84,0,14.000000000044343,18.40000000008738,667.5,893.27,47.39,94.31,69.17,49.08,83.85,106.32,-49.08,51.236,0.8981,0.0063
rA,hR2_04,913,b-v6h,,0.9,0.929839164072001,-0.020445400674040437,-3.901,29.84,0,14.000000000044343,18.40000000008738,667.52,893.35,47.41,94.36,68.37,46.19,83.2,105.06,-46.19,51.237,0.8981,0.0063
rA,hR2_05,911,b-v6h,,0.9,0.929839164072001,-0.020445400674040437,-3.901,29.84,0,14.000000000044343,18.40000000008738,667.66,893.58,47.52,94.61,64.23,38.9,79.9,102.3,-38.9,51.24,0.8981,0.0064
rA,hR2_05,913,b-v6h,,0.9,0.929839164072001,-0.020445400674040437,-3.901,29.84,0,14.000000000044343,18.40000000008738,667.66,893.57,47.52,94.64,63.78,39.55,79.54,102.57,-39.55,51.239,0.8981,0.0064
rA,hR2_06,911,b-v6h,,0.9,0.929839164072001,-0.020445400674040437,-3.901,29.84,0,14.000000000044343,18.40000000008738,667.59,893.51,47.47,94.51,66.66,41.57,81.84,103.25,-41.57,51.24,0.8981,0.0064
rA,hR2_06,913,b-v6h,,0.9,0.929839164072001,-0.020445400674040437,-3.901,29.84,0,14.000000000044343,18.40000000008738,667.62,893.86,47.49,95.1,65.56,50.47,80.95,107.67,-50.47,51.235,0.8981,0.0063
rA,hR2_07,911,b-v6h,,1.0,0.9999693314662355,0.04960204350929376,-0.005,-0.03,1,11.800000000033839,18.40000000008738,554.39,893.76,4.63,50.9,3.51,30.08,5.81,59.12,30.08,51.222,0.8976,0.0062
rA,hR2_07,913,b-v6h,,1.0,0.9999693314662355,0.04960204350929376,-0.005,-0.03,1,11.800000000033839,18.40000000008738,554.42,893.88,4.66,51.04,3.93,30.57,6.09,59.5,30.57,51.221,0.8976,0.0062
rA,hR2_08,911,b-v6h,,1.0,1.0002380098287253,0.04960723379402858,0.003,0.24,1,11.800000000033839,18.40000000008738,554.19,893.79,4.65,50.79,8.58,42.43,9.76,66.18,42.43,51.207,0.8977,0.0063
rA,hR2_08,913,b-v6h,,1.0,1.0002380098287253,0.04960723379402858,0.003,0.24,1,11.800000000033839,18.40000000008738,554.19,893.87,4.65,50.87,8.72,42.62,9.88,66.36,42.62,51.207,0.8977,0.0063
rA,hR2_09,911,b-v6h,,1.0,0.9999893545204526,0.04959284870516921,0.001,-0.01,1,11.800000000033839,18.40000000008738,554.69,893.92,4.61,51.88,6.52,35.09,7.99,62.63,35.09,51.218,0.8976,0.0062
rA,hR2_09,913,b-v6h,,1.0,0.9999893545204526,0.04959284870516921,0.001,-0.01,1,11.800000000033839,18.40000000008738,554.68,894.03,4.6,51.94,6.61,36.5,8.05,63.48,36.5,51.216,0.8976,0.0064
rA,hR2_10,911,b-v6h,,1.0,0.9999444485637553,0.049644987441724533,0.014,-0.06,1,11.800000000033839,18.40000000008738,555.23,893.74,4.94,53.01,2.15,25.61,5.39,58.87,25.61,51.226,0.8977,0.0061
rA,hR2_10,913,b-v6h,,1.0,0.9999444485637553,0.049644987441724533,0.014,-0.06,1,11.800000000033839,18.40000000008738,555.19,893.85,4.91,53.06,2.03,26.01,5.31,59.1,26.01,51.225,0.8976,0.0061
rB,hR2_02,911,b-v6h,pf,1.0,0.9998863662593818,0.049317794588144774,-0.018,-0.11,1,11.800000000033839,18.40000000008738,554.53,893.98,4.32,51.55,7.91,37.21,9.02,63.57,37.21,51.215,0.8977,0.0062
rB,hR2_02,913,b-v6h,pf,1.0,0.9998863662593818,0.049317794588144774,-0.018,-0.11,1,11.800000000033839,18.40000000008738,554.39,893.93,4.19,51.28,8.13,39.86,9.14,64.95,39.86,51.211,0.8977,0.0062
rB,hR2_01,911,b-v6h,pf,1.0,0.9998708824251402,0.04932891297853095,-0.017,-0.13,1,11.800000000033839,18.40000000008738,554.53,893.83,4.32,51.38,7.16,35.92,8.36,62.69,35.92,51.215,0.8977,0.0061
rB,hR2_01,913,b-v6h,pf,1.0,0.9998708824251402,0.04932891297853095,-0.017,-0.13,1,11.800000000033839,18.40000000008738,554.43,893.83,4.21,51.25,7.3,36.21,8.43,62.75,36.21,51.215,0.8977,0.0061
rB,hR2_03,911,b-v6h,pf,1.0,0.9998863662593818,0.049317794588144774,-0.018,-0.11,1,11.800000000033839,18.40000000008738,554.42,894.05,4.22,51.48,8.12,38.51,9.14,64.29,38.51,51.213,0.8977,0.0062
rB,hR2_03,913,b-v6h,pf,1.0,0.9998863662593818,0.049317794588144774,-0.018,-0.11,1,11.800000000033839,18.40000000008738,554.39,894.01,4.18,51.38,8.13,39.09,9.14,64.55,39.09,51.212,0.8977,0.0062
rB,hR2_04,911,b-v6h,pf,0.9,0.929839164072001,-0.020445400674040437,-3.901,29.84,0,14.000000000044343,18.40000000008738,667.5,893.22,47.39,94.46,69.17,61.07,83.85,112.48,-61.07,51.228,0.8981,0.0063
rB,hR2_04,913,b-v6h,pf,0.9,0.929839164072001,-0.020445400674040437,-3.901,29.84,0,14.000000000044343,18.40000000008738,667.52,893.26,47.41,94.49,68.37,58.54,83.2,111.16,-58.54,51.23,0.8981,0.0063
rB,hR2_05,911,b-v6h,pf,0.9,0.929839164072001,-0.020445400674040437,-3.901,29.84,0,14.000000000044343,18.40000000008738,667.66,893.32,47.52,94.68,64.23,56.15,79.9,110.07,-56.15,51.231,0.8981,0.0063
rB,hR2_05,913,b-v6h,pf,0.9,0.929839164072001,-0.020445400674040437,-3.901,29.84,0,14.000000000044343,18.40000000008738,667.66,893.41,47.52,94.78,63.78,55.6,79.54,109.89,-55.6,51.232,0.8981,0.0063
rB,hR2_06,913,b-v6h,pf,0.9,0.929839164072001,-0.020445400674040437,-3.901,29.84,0,14.000000000044343,18.40000000008738,667.62,893.27,47.49,94.62,65.56,59.76,80.95,111.91,-59.76,51.231,0.8981,0.0063
rB,hR2_06,911,b-v6h,pf,0.9,0.929839164072001,-0.020445400674040437,-3.901,29.84,0,14.000000000044343,18.40000000008738,667.59,893.39,47.47,94.69,66.66,57.11,81.84,110.58,-57.11,51.233,0.8981,0.0063
rB,hR2_07,913,b-v6h,pf,1.0,0.9999693314662355,0.04960204350929376,-0.005,-0.03,1,11.800000000033839,18.40000000008738,554.42,893.83,4.66,51.04,3.93,28.72,6.09,58.57,28.72,51.224,0.8977,0.0061
rB,hR2_07,911,b-v6h,pf,1.0,0.9999693314662355,0.04960204350929376,-0.005,-0.03,1,11.800000000033839,18.40000000008738,554.39,893.8,4.63,50.96,3.51,29.29,5.81,58.78,29.29,51.223,0.8977,0.0062
rB,hR2_08,911,b-v6h,pf,1.0,1.0002380098287253,0.04960723379402858,0.003,0.24,1,11.800000000033839,18.40000000008738,554.19,893.86,4.65,50.88,8.58,41.87,9.76,65.89,41.87,51.208,0.8977,0.0062
rB,hR2_08,913,b-v6h,pf,1.0,1.0002380098287253,0.04960723379402858,0.003,0.24,1,11.800000000033839,18.40000000008738,554.19,893.92,4.65,50.92,8.72,42.54,9.88,66.35,42.54,51.207,0.8976,0.0062
rB,hR2_09,913,b-v6h,pf,1.0,0.9999893545204526,0.04959284870516921,0.001,-0.01,1,11.800000000033839,18.40000000008738,554.68,893.94,4.6,51.88,6.61,35.56,8.05,62.9,35.56,51.217,0.8976,0.0062
rB,hR2_09,911,b-v6h,pf,1.0,0.9999893545204526,0.04959284870516921,0.001,-0.01,1,11.800000000033839,18.40000000008738,554.69,893.94,4.61,51.98,6.52,32.78,7.99,61.45,32.78,51.221,0.8976,0.0061
rB,hR2_10,911,b-v6h,pf,1.0,0.9999444485637553,0.049644987441724533,0.014,-0.06,1,11.800000000033839,18.40000000008738,555.23,893.79,4.94,53.1,2.15,23.83,5.39,58.2,23.83,51.228,0.8977,0.0061
rB,hR2_10,913,b-v6h,pf,1.0,0.9999444485637553,0.049644987441724533,0.014,-0.06,1,11.800000000033839,18.40000000008738,555.19,893.75,4.91,53.03,2.03,23.32,5.31,57.93,23.32,51.228,0.8977,0.0061
sA,S01,911,b-v6h,,1.0,0.954,0.101,2.37,-46.0,1,11.800000000033839,18.40000000008738,557.17,893.76,-40.47,6.85,8.34,12.41,41.32,14.18,-12.41,51.229,0.8981,0.0063
sA,S01,913,b-v6h,,1.0,0.954,0.101,2.37,-46.0,1,11.800000000033839,18.40000000008738,557.13,893.57,-40.41,6.75,9.63,9.64,41.54,11.77,-9.64,51.23,0.898,0.0062
sA,S02,913,b-v6h,,1.0,0.969,0.044,0.35,-31.0,1,11.800000000033839,18.40000000008738,555.49,893.52,-25.5,21.8,2.57,3.07,25.63,22.02,3.07,51.241,0.898,0.0062
sA,S02,911,b-v6h,,1.0,0.969,0.044,0.35,-31.0,1,11.800000000033839,18.40000000008738,555.47,893.44,-25.52,21.7,2.59,3.07,25.65,21.92,3.07,51.241,0.898,0.0062
sA,S03,911,b-v6h,,1.0,1.016,0.094,3.75,16.0,1,11.800000000033839,18.40000000008738,556.39,894.29,22.06,70.15,24.64,23.09,33.07,73.85,23.09,51.241,0.8981,0.0063
sA,S03,913,b-v6h,,1.0,1.016,0.094,3.75,16.0,1,11.800000000033839,18.40000000008738,556.36,894.42,22.06,70.24,26.02,18.13,34.12,72.54,18.13,51.241,0.8981,0.0064
sA,S04,911,b-v6h,,1.1,1.054,0.094,1.66,-46.0,1,9.700000000023811,18.40000000008738,448.99,893.82,-47.71,-0.15,18.81,9.06,51.28,9.06,9.06,51.239,0.898,0.0062
sA,S04,913,b-v6h,,1.1,1.054,0.094,1.66,-46.0,1,9.700000000023811,18.40000000008738,448.94,893.83,-47.7,-0.1,19.91,11.55,51.69,11.55,11.55,51.24,0.898,0.0062
sA,S06,911,b-v6h,,1.0,1.02,-0.009,1.08,20.0,1,11.800000000033839,18.40000000008738,555.24,893.34,25.12,72.2,47.3,58.21,53.56,92.74,-58.21,51.23,0.8981,0.0062
sA,S06,913,b-v6h,,1.0,1.02,-0.009,1.08,20.0,1,11.800000000033839,18.40000000008738,555.3,893.14,25.16,71.94,46.66,63.6,53.01,96.02,-63.6,51.224,0.8981,0.0061
sA,S05,913,b-v6h,,1.0,0.973,0.065,1.52,-27.0,1,11.800000000033839,18.40000000008738,555.83,894.19,-21.25,26.64,25.23,38.07,32.99,46.47,38.07,51.234,0.898,0.0062
sA,S05,911,b-v6h,,1.0,0.973,0.065,1.52,-27.0,1,11.800000000033839,18.40000000008738,555.86,894.07,-21.2,26.54,24.14,39.03,32.13,47.19,39.03,51.233,0.898,0.0062
sA,S07,913,b-v6h,,0.9,0.932,0.037,-4.16,32.0,0,14.000000000044343,18.40000000008738,668.18,893.59,48.93,96.31,54.09,54.56,72.94,110.69,-54.56,51.225,0.8981,0.0065
sA,S07,911,b-v6h,,0.9,0.932,0.037,-4.16,32.0,0,14.000000000044343,18.40000000008738,668.18,893.77,48.89,96.44,54.64,51.78,73.32,109.46,-51.78,51.229,0.8981,0.0066
sA,S08,913,b-v6h,,1.0,1.018,0.103,2.98,18.0,1,11.800000000033839,18.40000000008738,556.83,893.63,23.56,70.96,15.34,7.53,28.12,71.35,7.53,51.24,0.898,0.0062
sA,S08,911,b-v6h,,1.0,1.018,0.103,2.98,18.0,1,11.800000000033839,18.40000000008738,556.91,893.46,23.51,70.73,13.48,4.25,27.1,70.85,4.25,51.239,0.8981,0.0062
sA,S10,911,b-v6h,,1.0,0.97,0.003,-1.64,-30.0,1,11.800000000033839,18.40000000008738,555.57,893.85,-24.48,23.12,40.24,31.75,47.1,39.28,-31.75,51.242,0.898,0.0062
sA,S10,913,b-v6h,,1.0,0.97,0.003,-1.64,-30.0,1,11.800000000033839,18.40000000008738,555.58,893.79,-24.48,23.1,39.4,35.65,46.38,42.48,-35.65,51.242,0.8981,0.0062
sA,S09,911,b-v6h,,1.0,1.007,0.099,1.8,7.0,1,11.800000000033839,18.40000000008738,556.91,893.72,12.68,60.02,12.01,6.24,17.47,60.34,-6.24,51.232,0.8981,0.0063
sA,S09,913,b-v6h,,1.0,1.007,0.099,1.8,7.0,1,11.800000000033839,18.40000000008738,556.88,893.73,12.72,60.07,12.97,4.54,18.17,60.25,-4.54,51.233,0.8981,0.0062
sA,S11,913,b-v6h,,1.0,1.034,0.033,-1.04,34.0,1,11.800000000033839,18.40000000008738,555.1,893.81,39.03,86.51,26.55,41.58,47.21,95.99,-41.58,51.234,0.8981,0.0063
sA,S11,911,b-v6h,,1.0,1.034,0.033,-1.04,34.0,1,11.800000000033839,18.40000000008738,555.1,893.84,39.03,86.54,26.56,41.65,47.21,96.04,-41.65,51.234,0.8981,0.0063
sA,S12,911,b-v6h,,0.9,0.929,0.042,3.14,29.0,0,14.000000000044343,18.40000000008738,668.04,894.3,46.3,94.25,23.51,39.23,51.92,102.09,39.23,51.224,0.898,0.0063
sA,S12,913,b-v6h,,0.9,0.929,0.042,3.14,29.0,0,14.000000000044343,18.40000000008738,668.03,894.39,46.28,94.41,23.59,33.01,51.94,100.01,33.01,51.23,0.8981,0.0064
sB,S01,911,b-v6h,pf,1.0,0.954,0.101,2.37,-46.0,1,11.800000000033839,18.40000000008738,557.17,894.14,-40.47,7.17,8.34,15.06,41.32,16.68,-15.06,51.226,0.8981,0.0063
sB,S01,913,b-v6h,pf,1.0,0.954,0.101,2.37,-46.0,1,11.800000000033839,18.40000000008738,557.13,893.75,-40.41,6.93,9.63,10.03,41.54,12.19,-10.03,51.23,0.8981,0.0062
sB,S02,911,b-v6h,pf,1.0,0.969,0.044,0.35,-31.0,1,11.800000000033839,18.40000000008738,555.47,893.56,-25.52,21.82,2.59,2.75,25.65,22.0,2.75,51.241,0.898,0.0062
sB,S02,913,b-v6h,pf,1.0,0.969,0.044,0.35,-31.0,1,11.800000000033839,18.40000000008738,555.49,893.51,-25.5,21.79,2.57,2.97,25.63,21.99,2.97,51.241,0.898,0.0062
sB,S03,913,b-v6h,pf,1.0,1.016,0.094,3.75,16.0,1,11.800000000033839,18.40000000008738,556.36,894.43,22.06,70.19,26.02,12.22,34.12,71.24,12.22,51.241,0.8981,0.0065
sB,S04,911,b-v6h,pf,1.1,1.054,0.094,1.66,-46.0,1,9.700000000023811,18.40000000008738,448.99,894.01,-47.71,0.03,18.81,7.86,51.28,7.86,7.86,51.238,0.8981,0.0063
sB,S04,913,b-v6h,pf,1.1,1.054,0.094,1.66,-46.0,1,9.700000000023811,18.40000000008738,448.94,893.94,-47.7,0.0,19.91,10.83,51.69,10.83,10.83,51.239,0.898,0.0062
sB,S03,911,b-v6h,pf,1.0,1.016,0.094,3.75,16.0,1,11.800000000033839,18.40000000008738,556.39,894.35,22.06,70.18,24.64,17.84,33.07,72.42,17.84,51.241,0.8981,0.0064
sB,S06,911,b-v6h,pf,1.0,1.02,-0.009,1.08,20.0,1,11.800000000033839,18.40000000008738,555.24,893.13,25.12,71.84,47.3,66.93,53.56,98.19,-66.93,51.221,0.8981,0.0061
sB,S06,913,b-v6h,pf,1.0,1.02,-0.009,1.08,20.0,1,11.800000000033839,18.40000000008738,555.3,893.15,25.16,71.85,46.66,68.53,53.01,99.29,-68.53,51.221,0.898,0.0061
sB,S05,913,b-v6h,pf,1.0,0.973,0.065,1.52,-27.0,1,11.800000000033839,18.40000000008738,555.83,894.23,-21.25,26.73,25.23,34.02,32.99,43.27,34.02,51.236,0.898,0.0062
sB,S05,911,b-v6h,pf,1.0,0.973,0.065,1.52,-27.0,1,11.800000000033839,18.40000000008738,555.86,894.15,-21.2,26.66,24.14,36.0,32.13,44.8,36.0,51.235,0.898,0.0062
sB,S08,911,b-v6h,pf,1.0,1.018,0.103,2.98,18.0,1,11.800000000033839,18.40000000008738,556.91,893.48,23.51,70.74,13.48,4.26,27.1,70.87,4.26,51.239,0.898,0.0062
sB,S08,913,b-v6h,pf,1.0,1.018,0.103,2.98,18.0,1,11.800000000033839,18.40000000008738,556.83,893.87,23.56,71.19,15.34,6.35,28.12,71.47,6.35,51.239,0.898,0.0062
sB,S07,913,b-v6h,pf,0.9,0.932,0.037,-4.16,32.0,0,14.000000000044343,18.40000000008738,668.18,893.52,48.93,96.17,54.09,65.77,72.94,116.51,-65.77,51.212,0.8981,0.0064
sB,S07,911,b-v6h,pf,0.9,0.932,0.037,-4.16,32.0,0,14.000000000044343,18.40000000008738,668.18,893.71,48.89,96.34,54.64,64.35,73.32,115.86,-64.35,51.216,0.8981,0.0065
sB,S10,911,b-v6h,pf,1.0,0.97,0.003,-1.64,-30.0,1,11.800000000033839,18.40000000008738,555.57,893.78,-24.48,23.09,40.24,38.19,47.1,44.63,-38.19,51.241,0.8981,0.0063
sB,S09,913,b-v6h,pf,1.0,1.007,0.099,1.8,7.0,1,11.800000000033839,18.40000000008738,556.88,893.8,12.72,60.14,12.97,4.95,18.17,60.34,-4.95,51.232,0.898,0.0062
sB,S10,913,b-v6h,pf,1.0,0.97,0.003,-1.64,-30.0,1,11.800000000033839,18.40000000008738,555.58,893.74,-24.48,23.06,39.4,41.59,46.38,47.56,-41.59,51.241,0.8981,0.0062
sB,S09,911,b-v6h,pf,1.0,1.007,0.099,1.8,7.0,1,11.800000000033839,18.40000000008738,556.91,893.85,12.68,60.14,12.01,6.75,17.47,60.51,-6.75,51.231,0.898,0.0062
sB,S11,911,b-v6h,pf,1.0,1.034,0.033,-1.04,34.0,1,11.800000000033839,18.40000000008738,555.1,893.67,39.03,86.36,26.56,41.99,47.21,96.03,-41.99,51.234,0.8981,0.0063
sB,S11,913,b-v6h,pf,1.0,1.034,0.033,-1.04,34.0,1,11.800000000033839,18.40000000008738,555.1,893.65,39.03,86.35,26.55,41.96,47.21,96.01,-41.96,51.234,0.8981,0.0063
sB,S12,911,b-v6h,pf,0.9,0.929,0.042,3.14,29.0,1,14.000000000044343,18.40000000008738,668.04,894.36,46.3,94.44,23.51,27.93,51.92,98.48,27.93,51.233,0.8981,0.0064
sB,S12,913,b-v6h,pf,0.9,0.929,0.042,3.14,29.0,1,14.000000000044343,18.40000000008738,668.03,894.42,46.28,94.49,23.59,23.88,51.94,97.46,23.88,51.236,0.8981,0.0065
cC,N02,911,b-v6h,pf,1.0,1.006,0.096,-2.69,6.0,1,11.800000000033839,18.40000000008738,555.9,893.36,11.19,58.29,17.64,7.35,20.89,58.75,7.35,51.239,0.8981,0.0063
cC,N06,911,b-v6h,pf,1.0,0.963,0.087,-2.7,-37.0,1,11.800000000033839,18.40000000008738,555.26,893.49,-32.28,14.73,12.34,10.28,34.55,17.96,-10.28,51.226,0.8981,0.0063
cC,N07,911,b-v6h,pf,1.0,0.961,0.094,2.61,-39.0,1,11.800000000033839,18.40000000008738,556.73,893.94,-33.03,14.65,14.71,4.48,36.16,15.32,4.48,51.239,0.898,0.0061
cC,N08,911,b-v6h,pf,1.0,0.963,0.091,-1.23,-37.0,1,11.800000000033839,18.40000000008738,556.3,893.49,-31.42,15.37,12.55,17.59,33.83,23.36,-17.59,51.213,0.8981,0.0062
cC,N10,911,b-v6h,pf,1.0,0.947,0.103,-0.91,-53.0,1,11.800000000033839,18.40000000008738,557.17,893.46,-47.92,-1.1,4.68,23.25,48.15,23.27,-23.25,51.217,0.8981,0.0063
cD,N06,911,b-v6h,pf,1.0,0.963,0.087,-2.7,-37.0,1,11.800000000033839,18.40000000008738,555.26,893.49,-32.28,14.73,12.34,10.28,34.55,17.96,-10.28,51.226,0.8981,0.0063
eK1gP2,hR2_02,911,b-v6h,,1.0,0.9998863662593818,0.049317794588144774,-0.018,-0.11,1,11.800000000033839,18.40000000008738,554.53,893.91,4.32,51.39,7.91,39.74,9.02,64.97,39.74,51.211,0.8977,0.0062
eK1gP2,hR2_01,911,b-v6h,,1.0,0.9998708824251402,0.04932891297853095,-0.017,-0.13,1,11.800000000033839,18.40000000008738,554.53,893.87,4.32,51.34,7.16,38.1,8.36,63.93,38.1,51.211,0.8977,0.0061
eK1gP2,hR2_01,912,b-v6h,,1.0,0.9998708824251402,0.04932891297853095,-0.017,-0.13,1,11.800000000033839,18.40000000008738,554.44,893.91,4.23,51.3,7.31,37.87,8.44,63.76,37.87,51.212,0.8977,0.0062
eK1gP2,hR2_03,911,b-v6h,,1.0,0.9998863662593818,0.049317794588144774,-0.018,-0.11,1,11.800000000033839,18.40000000008738,554.42,893.98,4.22,51.35,8.12,40.18,9.14,65.2,40.18,51.211,0.8977,0.0063
eK1gP2,hR2_02,912,b-v6h,,1.0,0.9998863662593818,0.049317794588144774,-0.018,-0.11,1,11.800000000033839,18.40000000008738,554.41,894.09,4.2,51.51,8.14,38.25,9.16,64.16,38.25,51.213,0.8977,0.0062
eK1gP2,hR2_03,912,b-v6h,,1.0,0.9998863662593818,0.049317794588144774,-0.018,-0.11,1,11.800000000033839,18.40000000008738,554.41,894.02,4.2,51.4,8.14,39.48,9.16,64.81,39.48,51.212,0.8977,0.0063
eK1gP2,hR2_04,911,b-v6h,,0.9,0.929839164072001,-0.020445400674040437,-3.901,29.84,0,14.000000000044343,18.40000000008738,667.5,893.27,47.39,94.31,69.17,49.08,83.85,106.32,-49.08,51.236,0.8981,0.0063
eK1gP2,hR2_04,912,b-v6h,,0.9,0.929839164072001,-0.020445400674040437,-3.901,29.84,0,14.000000000044343,18.40000000008738,667.53,893.26,47.42,94.36,68.31,49.69,83.15,106.65,-49.69,51.236,0.8981,0.0063
eK1gP2,hR2_05,911,b-v6h,,0.9,0.929839164072001,-0.020445400674040437,-3.901,29.84,0,14.000000000044343,18.40000000008738,667.66,893.58,47.52,94.61,64.23,38.9,79.9,102.3,-38.9,51.24,0.8981,0.0064
eK1gP2,hR2_05,912,b-v6h,,0.9,0.929839164072001,-0.020445400674040437,-3.901,29.84,0,14.000000000044343,18.40000000008738,667.67,893.24,47.53,94.61,63.5,55.2,79.32,109.54,-55.2,51.233,0.8981,0.0063
eK1gP2,hR2_06,911,b-v6h,,0.9,0.929839164072001,-0.020445400674040437,-3.901,29.84,0,14.000000000044343,18.40000000008738,667.59,893.51,47.47,94.51,66.66,41.57,81.84,103.25,-41.57,51.24,0.8981,0.0064
eK1gP2,hR2_06,912,b-v6h,,0.9,0.929839164072001,-0.020445400674040437,-3.901,29.84,0,14.000000000044343,18.40000000008738,667.63,893.42,47.5,94.58,65.36,45.3,80.8,104.87,-45.3,51.239,0.8981,0.0063
eK1gP2,hR2_07,911,b-v6h,,1.0,0.9999693314662355,0.04960204350929376,-0.005,-0.03,1,11.800000000033839,18.40000000008738,554.39,893.76,4.63,50.9,3.51,30.08,5.81,59.12,30.08,51.222,0.8976,0.0062
eK1gP2,hR2_07,912,b-v6h,,1.0,0.9999693314662355,0.04960204350929376,-0.005,-0.03,1,11.800000000033839,18.40000000008738,554.4,893.82,4.64,50.99,3.55,29.53,5.84,58.93,29.53,51.223,0.8976,0.0061
eK1gP2,hR2_08,911,b-v6h,,1.0,1.0002380098287253,0.04960723379402858,0.003,0.24,1,11.800000000033839,18.40000000008738,554.19,893.79,4.65,50.79,8.58,42.43,9.76,66.18,42.43,51.207,0.8977,0.0063
eK1gP2,hR2_08,912,b-v6h,,1.0,1.0002380098287253,0.04960723379402858,0.003,0.24,1,11.800000000033839,18.40000000008738,554.19,894.06,4.65,51.06,8.59,42.47,9.77,66.41,42.47,51.207,0.8977,0.0065
eK1gP2,hR2_09,912,b-v6h,,1.0,0.9999893545204526,0.04959284870516921,0.001,-0.01,1,11.800000000033839,18.40000000008738,554.69,893.87,4.61,51.84,6.55,34.86,8.01,62.47,34.86,51.218,0.8976,0.0062
eK1gP2,hR2_09,911,b-v6h,,1.0,0.9999893545204526,0.04959284870516921,0.001,-0.01,1,11.800000000033839,18.40000000008738,554.69,893.92,4.61,51.88,6.52,35.09,7.99,62.63,35.09,51.218,0.8976,0.0062
eK1gP2,hR2_10,911,b-v6h,,1.0,0.9999444485637553,0.049644987441724533,0.014,-0.06,1,11.800000000033839,18.40000000008738,555.23,893.74,4.94,53.01,2.15,25.61,5.39,58.87,25.61,51.226,0.8977,0.0061
eK1gP2,hR2_10,912,b-v6h,,1.0,0.9999444485637553,0.049644987441724533,0.014,-0.06,1,11.800000000033839,18.40000000008738,555.22,893.76,4.94,53.02,2.12,25.57,5.37,58.86,25.57,51.226,0.8977,0.0061
eK1gP1,hR2_02,911,b-v6h,,1.0,0.9998863662593818,0.049317794588144774,-0.018,-0.11,1,11.800000000033839,18.40000000008738,554.53,893.91,4.32,51.39,7.91,39.74,9.02,64.97,39.74,51.211,0.8977,0.0062
eK1gP1,hR2_01,912,b-v6h,,1.0,0.9998708824251402,0.04932891297853095,-0.017,-0.13,1,11.800000000033839,18.40000000008738,554.44,893.91,4.23,51.3,7.31,37.87,8.44,63.76,37.87,51.212,0.8977,0.0062
eK1gP1,hR2_01,911,b-v6h,,1.0,0.9998708824251402,0.04932891297853095,-0.017,-0.13,1,11.800000000033839,18.40000000008738,554.53,893.87,4.32,51.34,7.16,38.1,8.36,63.93,38.1,51.211,0.8977,0.0061
eK1gP1,hR2_02,912,b-v6h,,1.0,0.9998863662593818,0.049317794588144774,-0.018,-0.11,1,11.800000000033839,18.40000000008738,554.41,894.09,4.2,51.51,8.14,38.25,9.16,64.16,38.25,51.213,0.8977,0.0062
eK1gP1,hR2_03,911,b-v6h,,1.0,0.9998863662593818,0.049317794588144774,-0.018,-0.11,1,11.800000000033839,18.40000000008738,554.42,893.98,4.22,51.35,8.12,40.18,9.14,65.2,40.18,51.211,0.8977,0.0063
eK1gP1,hR2_03,912,b-v6h,,1.0,0.9998863662593818,0.049317794588144774,-0.018,-0.11,1,11.800000000033839,18.40000000008738,554.41,894.02,4.2,51.4,8.14,39.48,9.16,64.81,39.48,51.212,0.8977,0.0063
eK1gP1,hR2_04,911,b-v6h,,0.9,0.929839164072001,-0.020445400674040437,-3.901,29.84,0,14.000000000044343,18.40000000008738,667.5,893.27,47.39,94.31,69.17,49.08,83.85,106.32,-49.08,51.236,0.8981,0.0063
eK1gP1,hR2_05,911,b-v6h,,0.9,0.929839164072001,-0.020445400674040437,-3.901,29.84,0,14.000000000044343,18.40000000008738,667.66,893.58,47.52,94.61,64.23,38.9,79.9,102.3,-38.9,51.24,0.8981,0.0064
eK1gP1,hR2_04,912,b-v6h,,0.9,0.929839164072001,-0.020445400674040437,-3.901,29.84,0,14.000000000044343,18.40000000008738,667.53,893.26,47.42,94.36,68.31,49.69,83.15,106.65,-49.69,51.236,0.8981,0.0063
eK1gP1,hR2_05,912,b-v6h,,0.9,0.929839164072001,-0.020445400674040437,-3.901,29.84,0,14.000000000044343,18.40000000008738,667.67,893.24,47.53,94.61,63.5,55.2,79.32,109.54,-55.2,51.233,0.8981,0.0063
eK1gP1,hR2_06,911,b-v6h,,0.9,0.929839164072001,-0.020445400674040437,-3.901,29.84,0,14.000000000044343,18.40000000008738,667.59,893.51,47.47,94.51,66.66,41.57,81.84,103.25,-41.57,51.24,0.8981,0.0064
eK1gP1,hR2_06,912,b-v6h,,0.9,0.929839164072001,-0.020445400674040437,-3.901,29.84,0,14.000000000044343,18.40000000008738,667.63,893.42,47.5,94.58,65.36,45.3,80.8,104.87,-45.3,51.239,0.8981,0.0063
eK1gP1,hR2_07,911,b-v6h,,1.0,0.9999693314662355,0.04960204350929376,-0.005,-0.03,1,11.800000000033839,18.40000000008738,554.39,893.76,4.63,50.9,3.51,30.08,5.81,59.12,30.08,51.222,0.8976,0.0062
eK1gP1,hR2_07,912,b-v6h,,1.0,0.9999693314662355,0.04960204350929376,-0.005,-0.03,1,11.800000000033839,18.40000000008738,554.4,893.82,4.64,50.99,3.55,29.53,5.84,58.93,29.53,51.223,0.8976,0.0061
eK1gP1,hR2_08,911,b-v6h,,1.0,1.0002380098287253,0.04960723379402858,0.003,0.24,1,11.800000000033839,18.40000000008738,554.19,893.79,4.65,50.79,8.58,42.43,9.76,66.18,42.43,51.207,0.8977,0.0063
eK1gP1,hR2_08,912,b-v6h,,1.0,1.0002380098287253,0.04960723379402858,0.003,0.24,1,11.800000000033839,18.40000000008738,554.19,894.06,4.65,51.06,8.59,42.47,9.77,66.41,42.47,51.207,0.8977,0.0065
eK1gP1,hR2_09,911,b-v6h,,1.0,0.9999893545204526,0.04959284870516921,0.001,-0.01,1,11.800000000033839,18.40000000008738,554.69,893.92,4.61,51.88,6.52,35.09,7.99,62.63,35.09,51.218,0.8976,0.0062
eK1gP1,hR2_09,912,b-v6h,,1.0,0.9999893545204526,0.04959284870516921,0.001,-0.01,1,11.800000000033839,18.40000000008738,554.69,893.87,4.61,51.84,6.55,34.86,8.01,62.47,34.86,51.218,0.8976,0.0062
eK1gP1,hR2_10,911,b-v6h,,1.0,0.9999444485637553,0.049644987441724533,0.014,-0.06,1,11.800000000033839,18.40000000008738,555.23,893.74,4.94,53.01,2.15,25.61,5.39,58.87,25.61,51.226,0.8977,0.0061
eK1gP1,hR2_10,912,b-v6h,,1.0,0.9999444485637553,0.049644987441724533,0.014,-0.06,1,11.800000000033839,18.40000000008738,555.22,893.76,4.94,53.02,2.12,25.57,5.37,58.86,25.57,51.226,0.8977,0.0061
