folder,before_bytes,after_bytes,before_allocated_bytes,after_allocated_bytes,files_before,delete_files,keep_files,delete_bytes,delete_allocated_bytes,rule_ids,thinning_rule
zone-rgb-outcome-v2-20260925/test-a/track/zone-rgb-outcome-runs-20260925__test-w42-inde/r1-8,10541,10541,20480,20480,3,0,3,0,0,,
zone-rgb-outcome-v2-20260925/test-a/track/zone-rgb-outcome-runs-20260925__test-w42-inde/r1-9,10541,10541,20480,20480,3,0,3,0,0,,
zone-rgb-outcome-v2-20260925/test-a/track/zone-rgb-outcome-runs-20260925__test-w42-inde/r2-1,13063,13063,20480,20480,3,0,3,0,0,,
zone-rgb-outcome-v2-20260925/test-a/track/zone-rgb-outcome-runs-20260925__test-w42-inde/r2-2,25518,25518,32768,32768,3,0,3,0,0,,
zone-rgb-outcome-v2-20260925/test-a/track/zone-rgb-outcome-runs-20260925__test-w42-inde/r2-3,30708,30708,40960,40960,3,0,3,0,0,,
zone-rgb-outcome-v2-20260925/test-a/track/zone-rgb-outcome-runs-20260925__test-w42-inde/r3-1,23515,23515,32768,32768,3,0,3,0,0,,
zone-rgb-outcome-v2-20260925/test-a/track/zone-rgb-outcome-runs-20260925__test-w42-inde/r3-2,10512,10512,20480,20480,3,0,3,0,0,,
zone-rgb-outcome-v2-20260925/test-a/track/zone-rgb-outcome-runs-20260925__test-w42-inde/r3-3,15214,15214,24576,24576,3,0,3,0,0,,
zone-rgb-outcome-v2-20260925/test-a/track/zone-rgb-outcome-runs-20260925__test-w42-inde/r3-4,10541,10541,20480,20480,3,0,3,0,0,,
zone-rgb-outcome-v2-20260925/test-a/track/zone-rgb-outcome-runs-20260925__test-w42-inde/r3-5,10541,10541,20480,20480,3,0,3,0,0,,
zone-rgb-outcome-v2-20260925/test-a/track/zone-rgb-outcome-runs-20260925__test-w42-inde/r3-6,23438,23438,32768,32768,3,0,3,0,0,,
zone-rgb-outcome-v2-20260925/test-a/track/zone-rgb-outcome-runs-20260925__test-w43-dyna,0,0,0,0,0,0,0,0,0,,
zone-rgb-outcome-v2-20260925/test-a/track/zone-rgb-outcome-runs-20260925__test-w43-dyna/frames,50370803,50370803,52699136,52699136,1047,0,1047,0,0,,first + >=1 SIM second since last sample + last per stream/episode/leg; unknown SIM timing: every 10th numeric-sorted frame + first/last (mandatory endpoints may exceed 10% for n<20)
zone-rgb-outcome-v2-20260925/test-a/track/zone-rgb-outcome-runs-20260925__test-w43-dyna/r1-1,21382,20745,28672,24576,3,1,2,637,4096,D5,
zone-rgb-outcome-v2-20260925/test-a/track/zone-rgb-outcome-runs-20260925__test-w43-dyna/r1-2,7191,7191,16384,16384,3,0,3,0,0,,
zone-rgb-outcome-v2-20260925/test-a/track/zone-rgb-outcome-runs-20260925__test-w43-dyna/r1-3,21675,21675,28672,28672,3,0,3,0,0,,
zone-rgb-outcome-v2-20260925/test-a/track/zone-rgb-outcome-runs-20260925__test-w43-dyna/r2-1,24331,24331,32768,32768,3,0,3,0,0,,
zone-rgb-outcome-v2-20260925/test-a/track/zone-rgb-outcome-runs-20260925__test-w43-dyna/r2-2,26917,26917,36864,36864,3,0,3,0,0,,
zone-rgb-outcome-v2-20260925/test-a/track/zone-rgb-outcome-runs-20260925__test-w43-dyna/r3-1,18023,18023,24576,24576,3,0,3,0,0,,
zone-rgb-outcome-v2-20260925/test-a/track/zone-rgb-outcome-runs-20260925__test-w43-dyna/r3-2,24083,24083,32768,32768,3,0,3,0,0,,
zone-rgb-outcome-v2-20260925/test-b,0,0,0,0,0,0,0,0,0,,
zone-rgb-outcome-v2-20260925/test-b/labels,0,0,0,0,0,0,0,0,0,,
zone-rgb-outcome-v2-20260925/test-b/labels/zone-rgb-outcome-runs-20260925__test-o44-dyn,0,0,0,0,0,0,0,0,0,,
zone-rgb-outcome-v2-20260925/test-b/labels/zone-rgb-outcome-runs-20260925__test-o44-dyn/r1-1,3143,3143,4096,4096,1,0,1,0,0,,
zone-rgb-outcome-v2-20260925/test-b/labels/zone-rgb-outcome-runs-20260925__test-o44-dyn/r1-2,1386,1386,4096,4096,1,0,1,0,0,,
zone-rgb-outcome-v2-20260925/test-b/labels/zone-rgb-outcome-runs-20260925__test-o44-dyn/r1-3,3201,3201,4096,4096,1,0,1,0,0,,
zone-rgb-outcome-v2-20260925/test-b/labels/zone-rgb-outcome-runs-20260925__test-o44-dyn/r1-4,5552,5552,8192,8192,1,0,1,0,0,,
zone-rgb-outcome-v2-20260925/test-b/labels/zone-rgb-outcome-runs-20260925__test-o44-dyn/r2-1,3599,3599,4096,4096,1,0,1,0,0,,
zone-rgb-outcome-v2-20260925/test-b/labels/zone-rgb-outcome-runs-20260925__test-o44-dyn/r2-2,6592,6592,8192,8192,1,0,1,0,0,,
zone-rgb-outcome-v2-20260925/test-b/labels/zone-rgb-outcome-runs-20260925__test-o44-dyn/r3-1,4400,4400,8192,8192,1,0,1,0,0,,
zone-rgb-outcome-v2-20260925/test-b/labels/zone-rgb-outcome-runs-20260925__test-o44-dyn/r3-2,4423,4423,8192,8192,1,0,1,0,0,,
zone-rgb-outcome-v2-20260925/test-b/labels/zone-rgb-outcome-runs-20260925__test-o46-dyn,0,0,0,0,0,0,0,0,0,,
zone-rgb-outcome-v2-20260925/test-b/labels/zone-rgb-outcome-runs-20260925__test-o46-dyn/r1-1,2753,2753,4096,4096,1,0,1,0,0,,
zone-rgb-outcome-v2-20260925/test-b/labels/zone-rgb-outcome-runs-20260925__test-o46-dyn/r1-10,1375,1375,4096,4096,1,0,1,0,0,,
zone-rgb-outcome-v2-20260925/test-b/labels/zone-rgb-outcome-runs-20260925__test-o46-dyn/r1-11,1308,1308,4096,4096,1,0,1,0,0,,
zone-rgb-outcome-v2-20260925/test-b/labels/zone-rgb-outcome-runs-20260925__test-o46-dyn/r1-12,1375,1375,4096,4096,1,0,1,0,0,,
zone-rgb-outcome-v2-20260925/test-b/labels/zone-rgb-outcome-runs-20260925__test-o46-dyn/r1-13,1308,1308,4096,4096,1,0,1,0,0,,
zone-rgb-outcome-v2-20260925/test-b/labels/zone-rgb-outcome-runs-20260925__test-o46-dyn/r1-14,1375,1375,4096,4096,1,0,1,0,0,,
zone-rgb-outcome-v2-20260925/test-b/labels/zone-rgb-outcome-runs-20260925__test-o46-dyn/r1-15,1308,1308,4096,4096,1,0,1,0,0,,
zone-rgb-outcome-v2-20260925/test-b/labels/zone-rgb-outcome-runs-20260925__test-o46-dyn/r1-16,1375,1375,4096,4096,1,0,1,0,0,,
zone-rgb-outcome-v2-20260925/test-b/labels/zone-rgb-outcome-runs-20260925__test-o46-dyn/r1-17,1308,1308,4096,4096,1,0,1,0,0,,
zone-rgb-outcome-v2-20260925/test-b/labels/zone-rgb-outcome-runs-20260925__test-o46-dyn/r1-18,1375,1375,4096,4096,1,0,1,0,0,,
zone-rgb-outcome-v2-20260925/test-b/labels/zone-rgb-outcome-runs-20260925__test-o46-dyn/r1-19,1308,1308,4096,4096,1,0,1,0,0,,
zone-rgb-outcome-v2-20260925/test-b/labels/zone-rgb-outcome-runs-20260925__test-o46-dyn/r1-2,3530,3530,4096,4096,1,0,1,0,0,,
zone-rgb-outcome-v2-20260925/test-b/labels/zone-rgb-outcome-runs-20260925__test-o46-dyn/r1-20,1375,1375,4096,4096,1,0,1,0,0,,
zone-rgb-outcome-v2-20260925/test-b/labels/zone-rgb-outcome-runs-20260925__test-o46-dyn/r1-21,1308,1308,4096,4096,1,0,1,0,0,,
zone-rgb-outcome-v2-20260925/test-b/labels/zone-rgb-outcome-runs-20260925__test-o46-dyn/r1-22,1375,1375,4096,4096,1,0,1,0,0,,
zone-rgb-outcome-v2-20260925/test-b/labels/zone-rgb-outcome-runs-20260925__test-o46-dyn/r1-23,1308,1308,4096,4096,1,0,1,0,0,,
zone-rgb-outcome-v2-20260925/test-b/labels/zone-rgb-outcome-runs-20260925__test-o46-dyn/r1-24,1375,1375,4096,4096,1,0,1,0,0,,
zone-rgb-outcome-v2-20260925/test-b/labels/zone-rgb-outcome-runs-20260925__test-o46-dyn/r1-25,1308,1308,4096,4096,1,0,1,0,0,,
zone-rgb-outcome-v2-20260925/test-b/labels/zone-rgb-outcome-runs-20260925__test-o46-dyn/r1-26,1375,1375,4096,4096,1,0,1,0,0,,
zone-rgb-outcome-v2-20260925/test-b/labels/zone-rgb-outcome-runs-20260925__test-o46-dyn/r1-27,1308,1308,4096,4096,1,0,1,0,0,,
zone-rgb-outcome-v2-20260925/test-b/labels/zone-rgb-outcome-runs-20260925__test-o46-dyn/r1-28,1375,1375,4096,4096,1,0,1,0,0,,
zone-rgb-outcome-v2-20260925/test-b/labels/zone-rgb-outcome-runs-20260925__test-o46-dyn/r1-29,1308,1308,4096,4096,1,0,1,0,0,,
zone-rgb-outcome-v2-20260925/test-b/labels/zone-rgb-outcome-runs-20260925__test-o46-dyn/r1-3,2905,2905,4096,4096,1,0,1,0,0,,
zone-rgb-outcome-v2-20260925/test-b/labels/zone-rgb-outcome-runs-20260925__test-o46-dyn/r1-30,1375,1375,4096,4096,1,0,1,0,0,,
zone-rgb-outcome-v2-20260925/test-b/labels/zone-rgb-outcome-runs-20260925__test-o46-dyn/r1-31,1308,1308,4096,4096,1,0,1,0,0,,
zone-rgb-outcome-v2-20260925/test-b/labels/zone-rgb-outcome-runs-20260925__test-o46-dyn/r1-32,1375,1375,4096,4096,1,0,1,0,0,,
zone-rgb-outcome-v2-20260925/test-b/labels/zone-rgb-outcome-runs-20260925__test-o46-dyn/r1-33,1308,1308,4096,4096,1,0,1,0,0,,
zone-rgb-outcome-v2-20260925/test-b/labels/zone-rgb-outcome-runs-20260925__test-o46-dyn/r1-34,1375,1375,4096,4096,1,0,1,0,0,,
zone-rgb-outcome-v2-20260925/test-b/labels/zone-rgb-outcome-runs-20260925__test-o46-dyn/r1-35,1308,1308,4096,4096,1,0,1,0,0,,
zone-rgb-outcome-v2-20260925/test-b/labels/zone-rgb-outcome-runs-20260925__test-o46-dyn/r1-36,1375,1375,4096,4096,1,0,1,0,0,,
zone-rgb-outcome-v2-20260925/test-b/labels/zone-rgb-outcome-runs-20260925__test-o46-dyn/r1-37,1308,1308,4096,4096,1,0,1,0,0,,
zone-rgb-outcome-v2-20260925/test-b/labels/zone-rgb-outcome-runs-20260925__test-o46-dyn/r1-38,1375,1375,4096,4096,1,0,1,0,0,,
zone-rgb-outcome-v2-20260925/test-b/labels/zone-rgb-outcome-runs-20260925__test-o46-dyn/r1-39,1308,1308,4096,4096,1,0,1,0,0,,
zone-rgb-outcome-v2-20260925/test-b/labels/zone-rgb-outcome-runs-20260925__test-o46-dyn/r1-4,1375,1375,4096,4096,1,0,1,0,0,,
zone-rgb-outcome-v2-20260925/test-b/labels/zone-rgb-outcome-runs-20260925__test-o46-dyn/r1-40,1375,1375,4096,4096,1,0,1,0,0,,
zone-rgb-outcome-v2-20260925/test-b/labels/zone-rgb-outcome-runs-20260925__test-o46-dyn/r1-41,1308,1308,4096,4096,1,0,1,0,0,,
zone-rgb-outcome-v2-20260925/test-b/labels/zone-rgb-outcome-runs-20260925__test-o46-dyn/r1-42,1375,1375,4096,4096,1,0,1,0,0,,
zone-rgb-outcome-v2-20260925/test-b/labels/zone-rgb-outcome-runs-20260925__test-o46-dyn/r1-43,1308,1308,4096,4096,1,0,1,0,0,,
zone-rgb-outcome-v2-20260925/test-b/labels/zone-rgb-outcome-runs-20260925__test-o46-dyn/r1-44,1375,1375,4096,4096,1,0,1,0,0,,
zone-rgb-outcome-v2-20260925/test-b/labels/zone-rgb-outcome-runs-20260925__test-o46-dyn/r1-45,1308,1308,4096,4096,1,0,1,0,0,,
zone-rgb-outcome-v2-20260925/test-b/labels/zone-rgb-outcome-runs-20260925__test-o46-dyn/r1-46,1375,1375,4096,4096,1,0,1,0,0,,
zone-rgb-outcome-v2-20260925/test-b/labels/zone-rgb-outcome-runs-20260925__test-o46-dyn/r1-47,1308,1308,4096,4096,1,0,1,0,0,,
zone-rgb-outcome-v2-20260925/test-b/labels/zone-rgb-outcome-runs-20260925__test-o46-dyn/r1-48,1375,1375,4096,4096,1,0,1,0,0,,
zone-rgb-outcome-v2-20260925/test-b/labels/zone-rgb-outcome-runs-20260925__test-o46-dyn/r1-49,1308,1308,4096,4096,1,0,1,0,0,,
zone-rgb-outcome-v2-20260925/test-b/labels/zone-rgb-outcome-runs-20260925__test-o46-dyn/r1-5,1308,1308,4096,4096,1,0,1,0,0,,
zone-rgb-outcome-v2-20260925/test-b/labels/zone-rgb-outcome-runs-20260925__test-o46-dyn/r1-50,1375,1375,4096,4096,1,0,1,0,0,,
zone-rgb-outcome-v2-20260925/test-b/labels/zone-rgb-outcome-runs-20260925__test-o46-dyn/r1-51,1308,1308,4096,4096,1,0,1,0,0,,
zone-rgb-outcome-v2-20260925/test-b/labels/zone-rgb-outcome-runs-20260925__test-o46-dyn/r1-52,1375,1375,4096,4096,1,0,1,0,0,,
zone-rgb-outcome-v2-20260925/test-b/labels/zone-rgb-outcome-runs-20260925__test-o46-dyn/r1-53,1308,1308,4096,4096,1,0,1,0,0,,
zone-rgb-outcome-v2-20260925/test-b/labels/zone-rgb-outcome-runs-20260925__test-o46-dyn/r1-54,1375,1375,4096,4096,1,0,1,0,0,,
zone-rgb-outcome-v2-20260925/test-b/labels/zone-rgb-outcome-runs-20260925__test-o46-dyn/r1-55,1308,1308,4096,4096,1,0,1,0,0,,
zone-rgb-outcome-v2-20260925/test-b/labels/zone-rgb-outcome-runs-20260925__test-o46-dyn/r1-56,1375,1375,4096,4096,1,0,1,0,0,,
zone-rgb-outcome-v2-20260925/test-b/labels/zone-rgb-outcome-runs-20260925__test-o46-dyn/r1-57,1308,1308,4096,4096,1,0,1,0,0,,
zone-rgb-outcome-v2-20260925/test-b/labels/zone-rgb-outcome-runs-20260925__test-o46-dyn/r1-58,1375,1375,4096,4096,1,0,1,0,0,,
zone-rgb-outcome-v2-20260925/test-b/labels/zone-rgb-outcome-runs-20260925__test-o46-dyn/r1-59,1308,1308,4096,4096,1,0,1,0,0,,
zone-rgb-outcome-v2-20260925/test-b/labels/zone-rgb-outcome-runs-20260925__test-o46-dyn/r1-6,1375,1375,4096,4096,1,0,1,0,0,,
zone-rgb-outcome-v2-20260925/test-b/labels/zone-rgb-outcome-runs-20260925__test-o46-dyn/r1-60,1375,1375,4096,4096,1,0,1,0,0,,
zone-rgb-outcome-v2-20260925/test-b/labels/zone-rgb-outcome-runs-20260925__test-o46-dyn/r1-61,1308,1308,4096,4096,1,0,1,0,0,,
zone-rgb-outcome-v2-20260925/test-b/labels/zone-rgb-outcome-runs-20260925__test-o46-dyn/r1-62,1375,1375,4096,4096,1,0,1,0,0,,
zone-rgb-outcome-v2-20260925/test-b/labels/zone-rgb-outcome-runs-20260925__test-o46-dyn/r1-63,1308,1308,4096,4096,1,0,1,0,0,,
zone-rgb-outcome-v2-20260925/test-b/labels/zone-rgb-outcome-runs-20260925__test-o46-dyn/r1-64,1375,1375,4096,4096,1,0,1,0,0,,
zone-rgb-outcome-v2-20260925/test-b/labels/zone-rgb-outcome-runs-20260925__test-o46-dyn/r1-65,1308,1308,4096,4096,1,0,1,0,0,,
zone-rgb-outcome-v2-20260925/test-b/labels/zone-rgb-outcome-runs-20260925__test-o46-dyn/r1-66,1375,1375,4096,4096,1,0,1,0,0,,
zone-rgb-outcome-v2-20260925/test-b/labels/zone-rgb-outcome-runs-20260925__test-o46-dyn/r1-67,1308,1308,4096,4096,1,0,1,0,0,,
zone-rgb-outcome-v2-20260925/test-b/labels/zone-rgb-outcome-runs-20260925__test-o46-dyn/r1-68,1375,1375,4096,4096,1,0,1,0,0,,
zone-rgb-outcome-v2-20260925/test-b/labels/zone-rgb-outcome-runs-20260925__test-o46-dyn/r1-69,1308,1308,4096,4096,1,0,1,0,0,,
zone-rgb-outcome-v2-20260925/test-b/labels/zone-rgb-outcome-runs-20260925__test-o46-dyn/r1-7,1308,1308,4096,4096,1,0,1,0,0,,
zone-rgb-outcome-v2-20260925/test-b/labels/zone-rgb-outcome-runs-20260925__test-o46-dyn/r1-70,1375,1375,4096,4096,1,0,1,0,0,,
zone-rgb-outcome-v2-20260925/test-b/labels/zone-rgb-outcome-runs-20260925__test-o46-dyn/r1-71,1308,1308,4096,4096,1,0,1,0,0,,
zone-rgb-outcome-v2-20260925/test-b/labels/zone-rgb-outcome-runs-20260925__test-o46-dyn/r1-72,1375,1375,4096,4096,1,0,1,0,0,,
zone-rgb-outcome-v2-20260925/test-b/labels/zone-rgb-outcome-runs-20260925__test-o46-dyn/r1-73,1308,1308,4096,4096,1,0,1,0,0,,
zone-rgb-outcome-v2-20260925/test-b/labels/zone-rgb-outcome-runs-20260925__test-o46-dyn/r1-74,1375,1375,4096,4096,1,0,1,0,0,,
zone-rgb-outcome-v2-20260925/test-b/labels/zone-rgb-outcome-runs-20260925__test-o46-dyn/r1-75,1308,1308,4096,4096,1,0,1,0,0,,
zone-rgb-outcome-v2-20260925/test-b/labels/zone-rgb-outcome-runs-20260925__test-o46-dyn/r1-76,1375,1375,4096,4096,1,0,1,0,0,,
zone-rgb-outcome-v2-20260925/test-b/labels/zone-rgb-outcome-runs-20260925__test-o46-dyn/r1-77,1161,1161,4096,4096,1,0,1,0,0,,
zone-rgb-outcome-v2-20260925/test-b/labels/zone-rgb-outcome-runs-20260925__test-o46-dyn/r1-78,491,491,4096,4096,1,0,1,0,0,,
zone-rgb-outcome-v2-20260925/test-b/labels/zone-rgb-outcome-runs-20260925__test-o46-dyn/r1-8,1375,1375,4096,4096,1,0,1,0,0,,
zone-rgb-outcome-v2-20260925/test-b/labels/zone-rgb-outcome-runs-20260925__test-o46-dyn/r1-9,1308,1308,4096,4096,1,0,1,0,0,,
zone-rgb-outcome-v2-20260925/test-b/labels/zone-rgb-outcome-runs-20260925__test-o46-dyn/r2-1,3451,3451,4096,4096,1,0,1,0,0,,
zone-rgb-outcome-v2-20260925/test-b/labels/zone-rgb-outcome-runs-20260925__test-o46-dyn/r2-2,4407,4407,8192,8192,1,0,1,0,0,,
zone-rgb-outcome-v2-20260925/test-b/labels/zone-rgb-outcome-runs-20260925__test-o46-dyn/r2-3,3450,3450,4096,4096,1,0,1,0,0,,
zone-rgb-outcome-v2-20260925/test-b/labels/zone-rgb-outcome-runs-20260925__test-o46-dyn/r3-1,5662,5662,8192,8192,1,0,1,0,0,,
zone-rgb-outcome-v2-20260925/test-b/labels/zone-rgb-outcome-runs-20260925__test-o46-dyn/r3-2,4513,4513,8192,8192,1,0,1,0,0,,
zone-rgb-outcome-v2-20260925/test-b/labels/zone-rgb-outcome-runs-20260925__test-w41-inde,0,0,0,0,0,0,0,0,0,,
zone-rgb-outcome-v2-20260925/test-b/labels/zone-rgb-outcome-runs-20260925__test-w41-inde/r1-1,4633,0,8192,0,1,1,0,4633,8192,D5,
zone-rgb-outcome-v2-20260925/test-b/labels/zone-rgb-outcome-runs-20260925__test-w41-inde/r1-2,4837,4837,8192,8192,1,0,1,0,0,,
zone-rgb-outcome-v2-20260925/test-b/labels/zone-rgb-outcome-runs-20260925__test-w41-inde/r1-3,5126,5126,8192,8192,1,0,1,0,0,,
zone-rgb-outcome-v2-20260925/test-b/labels/zone-rgb-outcome-runs-20260925__test-w41-inde/r2-1,2872,2872,4096,4096,1,0,1,0,0,,
zone-rgb-outcome-v2-20260925/test-b/labels/zone-rgb-outcome-runs-20260925__test-w41-inde/r2-2,1349,1349,4096,4096,1,0,1,0,0,,
zone-rgb-outcome-v2-20260925/test-b/labels/zone-rgb-outcome-runs-20260925__test-w41-inde/r2-3,6462,6462,8192,8192,1,0,1,0,0,,
zone-rgb-outcome-v2-20260925/test-b/labels/zone-rgb-outcome-runs-20260925__test-w41-inde/r2-4,4445,4445,8192,8192,1,0,1,0,0,,
zone-rgb-outcome-v2-20260925/test-b/labels/zone-rgb-outcome-runs-20260925__test-w41-inde/r3-1,4001,4001,4096,4096,1,0,1,0,0,,
zone-rgb-outcome-v2-20260925/test-b/labels/zone-rgb-outcome-runs-20260925__test-w41-inde/r3-2,5668,5668,8192,8192,1,0,1,0,0,,
zone-rgb-outcome-v2-20260925/test-b/labels/zone-rgb-outcome-runs-20260925__test-w42-dyna,0,0,0,0,0,0,0,0,0,,
zone-rgb-outcome-v2-20260925/test-b/labels/zone-rgb-outcome-runs-20260925__test-w42-dyna/r1-1,4139,4139,8192,8192,1,0,1,0,0,,
zone-rgb-outcome-v2-20260925/test-b/labels/zone-rgb-outcome-runs-20260925__test-w42-dyna/r1-2,4709,4709,8192,8192,1,0,1,0,0,,
zone-rgb-outcome-v2-20260925/test-b/labels/zone-rgb-outcome-runs-20260925__test-w42-dyna/r1-3,5519,5519,8192,8192,1,0,1,0,0,,
zone-rgb-outcome-v2-20260925/test-b/labels/zone-rgb-outcome-runs-20260925__test-w42-dyna/r2-1,3318,3318,4096,4096,1,0,1,0,0,,
zone-rgb-outcome-v2-20260925/test-b/labels/zone-rgb-outcome-runs-20260925__test-w42-dyna/r2-2,3918,3918,4096,4096,1,0,1,0,0,,
zone-rgb-outcome-v2-20260925/test-b/labels/zone-rgb-outcome-runs-20260925__test-w42-dyna/r2-3,3285,3285,4096,4096,1,0,1,0,0,,
zone-rgb-outcome-v2-20260925/test-b/labels/zone-rgb-outcome-runs-20260925__test-w42-dyna/r3-1,4549,4549,8192,8192,1,0,1,0,0,,
zone-rgb-outcome-v2-20260925/test-b/labels/zone-rgb-outcome-runs-20260925__test-w42-dyna/r3-2,4536,4536,8192,8192,1,0,1,0,0,,
zone-rgb-outcome-v2-20260925/test-b/labels/zone-rgb-outcome-runs-20260925__test-w42-plan,0,0,0,0,0,0,0,0,0,,
zone-rgb-outcome-v2-20260925/test-b/labels/zone-rgb-outcome-runs-20260925__test-w42-plan/r1-1,4686,0,8192,0,1,1,0,4686,8192,D5,
zone-rgb-outcome-v2-20260925/test-b/labels/zone-rgb-outcome-runs-20260925__test-w42-plan/r1-2,5778,5778,8192,8192,1,0,1,0,0,,
zone-rgb-outcome-v2-20260925/test-b/labels/zone-rgb-outcome-runs-20260925__test-w42-plan/r2-1,3017,3017,4096,4096,1,0,1,0,0,,
zone-rgb-outcome-v2-20260925/test-b/labels/zone-rgb-outcome-runs-20260925__test-w42-plan/r2-2,8776,8776,12288,12288,1,0,1,0,0,,
zone-rgb-outcome-v2-20260925/test-b/labels/zone-rgb-outcome-runs-20260925__test-w42-plan/r3-1,4549,0,8192,0,1,1,0,4549,8192,D5,
zone-rgb-outcome-v2-20260925/test-b/labels/zone-rgb-outcome-runs-20260925__test-w42-plan/r3-2,5823,5823,8192,8192,1,0,1,0,0,,
zone-rgb-outcome-v2-20260925/test-b/labels/zone-rgb-outcome-runs-20260925__test-w43-inde,0,0,0,0,0,0,0,0,0,,
zone-rgb-outcome-v2-20260925/test-b/labels/zone-rgb-outcome-runs-20260925__test-w43-inde/r1-1,5106,5106,8192,8192,1,0,1,0,0,,
zone-rgb-outcome-v2-20260925/test-b/labels/zone-rgb-outcome-runs-20260925__test-w43-inde/r1-2,6179,6179,8192,8192,1,0,1,0,0,,
zone-rgb-outcome-v2-20260925/test-b/labels/zone-rgb-outcome-runs-20260925__test-w43-inde/r2-1,3663,3663,4096,4096,1,0,1,0,0,,
zone-rgb-outcome-v2-20260925/test-b/labels/zone-rgb-outcome-runs-20260925__test-w43-inde/r2-2,4448,4448,8192,8192,1,0,1,0,0,,
zone-rgb-outcome-v2-20260925/test-b/labels/zone-rgb-outcome-runs-20260925__test-w43-inde/r2-3,5137,5137,8192,8192,1,0,1,0,0,,
zone-rgb-outcome-v2-20260925/test-b/labels/zone-rgb-outcome-runs-20260925__test-w43-inde/r3-1,3869,3869,4096,4096,1,0,1,0,0,,
zone-rgb-outcome-v2-20260925/test-b/labels/zone-rgb-outcome-runs-20260925__test-w43-inde/r3-2,3699,3699,4096,4096,1,0,1,0,0,,
zone-rgb-outcome-v2-20260925/test-b/track,4280,4280,8192,8192,1,0,1,0,0,,
zone-rgb-outcome-v2-20260925/test-b/track/zone-rgb-outcome-runs-20260925__test-o44-dyn,0,0,0,0,0,0,0,0,0,,
zone-rgb-outcome-v2-20260925/test-b/track/zone-rgb-outcome-runs-20260925__test-o44-dyn/frames,37426553,37220919,39190528,38977536,842,3,839,205634,212992,D1,first + >=1 SIM second since last sample + last per stream/episode/leg; unknown SIM timing: every 10th numeric-sorted frame + first/last (mandatory endpoints may exceed 10% for n<20)
zone-rgb-outcome-v2-20260925/test-b/track/zone-rgb-outcome-runs-20260925__test-o44-dyn/r1-1,13082,13082,20480,20480,3,0,3,0,0,,
zone-rgb-outcome-v2-20260925/test-b/track/zone-rgb-outcome-runs-20260925__test-o44-dyn/r1-2,5936,5936,16384,16384,3,0,3,0,0,,
zone-rgb-outcome-v2-20260925/test-b/track/zone-rgb-outcome-runs-20260925__test-o44-dyn/r1-3,15136,15136,24576,24576,3,0,3,0,0,,
zone-rgb-outcome-v2-20260925/test-b/track/zone-rgb-outcome-runs-20260925__test-o44-dyn/r1-4,23073,23073,32768,32768,3,0,3,0,0,,
zone-rgb-outcome-v2-20260925/test-b/track/zone-rgb-outcome-runs-20260925__test-o44-dyn/r2-1,14824,14824,24576,24576,3,0,3,0,0,,
zone-rgb-outcome-v2-20260925/test-b/track/zone-rgb-outcome-runs-20260925__test-o44-dyn/r2-2,31262,31262,40960,40960,3,0,3,0,0,,
zone-rgb-outcome-v2-20260925/test-b/track/zone-rgb-outcome-runs-20260925__test-o44-dyn/r3-1,17687,17687,28672,28672,3,0,3,0,0,,
zone-rgb-outcome-v2-20260925/test-b/track/zone-rgb-outcome-runs-20260925__test-o44-dyn/r3-2,18549,18549,28672,28672,3,0,3,0,0,,
zone-rgb-outcome-v2-20260925/test-b/track/zone-rgb-outcome-runs-20260925__test-o46-dyn,0,0,0,0,0,0,0,0,0,,
zone-rgb-outcome-v2-20260925/test-b/track/zone-rgb-outcome-runs-20260925__test-o46-dyn/frames,161178902,160831222,168194048,167841792,3179,5,3174,347680,352256,D1,first + >=1 SIM second since last sample + last per stream/episode/leg; unknown SIM timing: every 10th numeric-sorted frame + first/last (mandatory endpoints may exceed 10% for n<20)
zone-rgb-outcome-v2-20260925/test-b/track/zone-rgb-outcome-runs-20260925__test-o46-dyn/r1-1,11525,11525,20480,20480,3,0,3,0,0,,
zone-rgb-outcome-v2-20260925/test-b/track/zone-rgb-outcome-runs-20260925__test-o46-dyn/r1-10,5872,5872,16384,16384,3,0,3,0,0,,
zone-rgb-outcome-v2-20260925/test-b/track/zone-rgb-outcome-runs-20260925__test-o46-dyn/r1-11,5587,5587,16384,16384,3,0,3,0,0,,
zone-rgb-outcome-v2-20260925/test-b/track/zone-rgb-outcome-runs-20260925__test-o46-dyn/r1-12,5872,5872,16384,16384,3,0,3,0,0,,
zone-rgb-outcome-v2-20260925/test-b/track/zone-rgb-outcome-runs-20260925__test-o46-dyn/r1-13,5587,5587,16384,16384,3,0,3,0,0,,
zone-rgb-outcome-v2-20260925/test-b/track/zone-rgb-outcome-runs-20260925__test-o46-dyn/r1-14,5872,5872,16384,16384,3,0,3,0,0,,
zone-rgb-outcome-v2-20260925/test-b/track/zone-rgb-outcome-runs-20260925__test-o46-dyn/r1-15,5587,5587,16384,16384,3,0,3,0,0,,
zone-rgb-outcome-v2-20260925/test-b/track/zone-rgb-outcome-runs-20260925__test-o46-dyn/r1-16,5872,5872,16384,16384,3,0,3,0,0,,
zone-rgb-outcome-v2-20260925/test-b/track/zone-rgb-outcome-runs-20260925__test-o46-dyn/r1-17,5587,5587,16384,16384,3,0,3,0,0,,
zone-rgb-outcome-v2-20260925/test-b/track/zone-rgb-outcome-runs-20260925__test-o46-dyn/r1-18,5872,5872,16384,16384,3,0,3,0,0,,
zone-rgb-outcome-v2-20260925/test-b/track/zone-rgb-outcome-runs-20260925__test-o46-dyn/r1-19,5587,5587,16384,16384,3,0,3,0,0,,
zone-rgb-outcome-v2-20260925/test-b/track/zone-rgb-outcome-runs-20260925__test-o46-dyn/r1-2,16276,16276,24576,24576,3,0,3,0,0,,
zone-rgb-outcome-v2-20260925/test-b/track/zone-rgb-outcome-runs-20260925__test-o46-dyn/r1-20,5872,5872,16384,16384,3,0,3,0,0,,
zone-rgb-outcome-v2-20260925/test-b/track/zone-rgb-outcome-runs-20260925__test-o46-dyn/r1-21,5587,5587,16384,16384,3,0,3,0,0,,
zone-rgb-outcome-v2-20260925/test-b/track/zone-rgb-outcome-runs-20260925__test-o46-dyn/r1-22,5872,5872,16384,16384,3,0,3,0,0,,
zone-rgb-outcome-v2-20260925/test-b/track/zone-rgb-outcome-runs-20260925__test-o46-dyn/r1-23,5587,5587,16384,16384,3,0,3,0,0,,
zone-rgb-outcome-v2-20260925/test-b/track/zone-rgb-outcome-runs-20260925__test-o46-dyn/r1-24,5872,5872,16384,16384,3,0,3,0,0,,
zone-rgb-outcome-v2-20260925/test-b/track/zone-rgb-outcome-runs-20260925__test-o46-dyn/r1-25,5587,5587,16384,16384,3,0,3,0,0,,
zone-rgb-outcome-v2-20260925/test-b/track/zone-rgb-outcome-runs-20260925__test-o46-dyn/r1-26,5872,5872,16384,16384,3,0,3,0,0,,
zone-rgb-outcome-v2-20260925/test-b/track/zone-rgb-outcome-runs-20260925__test-o46-dyn/r1-27,5587,5587,16384,16384,3,0,3,0,0,,
zone-rgb-outcome-v2-20260925/test-b/track/zone-rgb-outcome-runs-20260925__test-o46-dyn/r1-28,5872,5872,16384,16384,3,0,3,0,0,,
zone-rgb-outcome-v2-20260925/test-b/track/zone-rgb-outcome-runs-20260925__test-o46-dyn/r1-29,5587,5587,16384,16384,3,0,3,0,0,,
zone-rgb-outcome-v2-20260925/test-b/track/zone-rgb-outcome-runs-20260925__test-o46-dyn/r1-3,12412,12412,20480,20480,3,0,3,0,0,,
zone-rgb-outcome-v2-20260925/test-b/track/zone-rgb-outcome-runs-20260925__test-o46-dyn/r1-30,5872,5872,16384,16384,3,0,3,0,0,,
zone-rgb-outcome-v2-20260925/test-b/track/zone-rgb-outcome-runs-20260925__test-o46-dyn/r1-31,5587,5587,16384,16384,3,0,3,0,0,,
zone-rgb-outcome-v2-20260925/test-b/track/zone-rgb-outcome-runs-20260925__test-o46-dyn/r1-32,5872,5872,16384,16384,3,0,3,0,0,,
zone-rgb-outcome-v2-20260925/test-b/track/zone-rgb-outcome-runs-20260925__test-o46-dyn/r1-33,5587,5587,16384,16384,3,0,3,0,0,,
zone-rgb-outcome-v2-20260925/test-b/track/zone-rgb-outcome-runs-20260925__test-o46-dyn/r1-34,5872,5872,16384,16384,3,0,3,0,0,,
zone-rgb-outcome-v2-20260925/test-b/track/zone-rgb-outcome-runs-20260925__test-o46-dyn/r1-35,5587,5587,16384,16384,3,0,3,0,0,,
zone-rgb-outcome-v2-20260925/test-b/track/zone-rgb-outcome-runs-20260925__test-o46-dyn/r1-36,5872,5872,16384,16384,3,0,3,0,0,,
zone-rgb-outcome-v2-20260925/test-b/track/zone-rgb-outcome-runs-20260925__test-o46-dyn/r1-37,5587,5587,16384,16384,3,0,3,0,0,,
zone-rgb-outcome-v2-20260925/test-b/track/zone-rgb-outcome-runs-20260925__test-o46-dyn/r1-38,5872,5872,16384,16384,3,0,3,0,0,,
zone-rgb-outcome-v2-20260925/test-b/track/zone-rgb-outcome-runs-20260925__test-o46-dyn/r1-39,5587,5587,16384,16384,3,0,3,0,0,,
zone-rgb-outcome-v2-20260925/test-b/track/zone-rgb-outcome-runs-20260925__test-o46-dyn/r1-4,5869,5869,16384,16384,3,0,3,0,0,,
zone-rgb-outcome-v2-20260925/test-b/track/zone-rgb-outcome-runs-20260925__test-o46-dyn/r1-40,5872,5872,16384,16384,3,0,3,0,0,,
zone-rgb-outcome-v2-20260925/test-b/track/zone-rgb-outcome-runs-20260925__test-o46-dyn/r1-41,5587,5587,16384,16384,3,0,3,0,0,,
zone-rgb-outcome-v2-20260925/test-b/track/zone-rgb-outcome-runs-20260925__test-o46-dyn/r1-42,5872,5872,16384,16384,3,0,3,0,0,,
zone-rgb-outcome-v2-20260925/test-b/track/zone-rgb-outcome-runs-20260925__test-o46-dyn/r1-43,5587,5587,16384,16384,3,0,3,0,0,,
zone-rgb-outcome-v2-20260925/test-b/track/zone-rgb-outcome-runs-20260925__test-o46-dyn/r1-44,5872,5872,16384,16384,3,0,3,0,0,,
zone-rgb-outcome-v2-20260925/test-b/track/zone-rgb-outcome-runs-20260925__test-o46-dyn/r1-45,5587,5587,16384,16384,3,0,3,0,0,,
zone-rgb-outcome-v2-20260925/test-b/track/zone-rgb-outcome-runs-20260925__test-o46-dyn/r1-46,5872,5872,16384,16384,3,0,3,0,0,,
zone-rgb-outcome-v2-20260925/test-b/track/zone-rgb-outcome-runs-20260925__test-o46-dyn/r1-47,5587,5587,16384,16384,3,0,3,0,0,,
zone-rgb-outcome-v2-20260925/test-b/track/zone-rgb-outcome-runs-20260925__test-o46-dyn/r1-48,5872,5872,16384,16384,3,0,3,0,0,,
zone-rgb-outcome-v2-20260925/test-b/track/zone-rgb-outcome-runs-20260925__test-o46-dyn/r1-49,5587,5587,16384,16384,3,0,3,0,0,,
zone-rgb-outcome-v2-20260925/test-b/track/zone-rgb-outcome-runs-20260925__test-o46-dyn/r1-5,5584,5584,16384,16384,3,0,3,0,0,,
zone-rgb-outcome-v2-20260925/test-b/track/zone-rgb-outcome-runs-20260925__test-o46-dyn/r1-50,5872,5872,16384,16384,3,0,3,0,0,,
zone-rgb-outcome-v2-20260925/test-b/track/zone-rgb-outcome-runs-20260925__test-o46-dyn/r1-51,5587,5587,16384,16384,3,0,3,0,0,,
zone-rgb-outcome-v2-20260925/test-b/track/zone-rgb-outcome-runs-20260925__test-o46-dyn/r1-52,5872,5872,16384,16384,3,0,3,0,0,,
zone-rgb-outcome-v2-20260925/test-b/track/zone-rgb-outcome-runs-20260925__test-o46-dyn/r1-53,5587,5587,16384,16384,3,0,3,0,0,,
zone-rgb-outcome-v2-20260925/test-b/track/zone-rgb-outcome-runs-20260925__test-o46-dyn/r1-54,5872,5872,16384,16384,3,0,3,0,0,,
zone-rgb-outcome-v2-20260925/test-b/track/zone-rgb-outcome-runs-20260925__test-o46-dyn/r1-55,5587,5587,16384,16384,3,0,3,0,0,,
zone-rgb-outcome-v2-20260925/test-b/track/zone-rgb-outcome-runs-20260925__test-o46-dyn/r1-56,5872,5872,16384,16384,3,0,3,0,0,,
zone-rgb-outcome-v2-20260925/test-b/track/zone-rgb-outcome-runs-20260925__test-o46-dyn/r1-57,5587,5587,16384,16384,3,0,3,0,0,,
zone-rgb-outcome-v2-20260925/test-b/track/zone-rgb-outcome-runs-20260925__test-o46-dyn/r1-58,5872,5872,16384,16384,3,0,3,0,0,,
zone-rgb-outcome-v2-20260925/test-b/track/zone-rgb-outcome-runs-20260925__test-o46-dyn/r1-59,5587,5587,16384,16384,3,0,3,0,0,,
zone-rgb-outcome-v2-20260925/test-b/track/zone-rgb-outcome-runs-20260925__test-o46-dyn/r1-6,5869,5869,16384,16384,3,0,3,0,0,,
zone-rgb-outcome-v2-20260925/test-b/track/zone-rgb-outcome-runs-20260925__test-o46-dyn/r1-60,5872,5872,16384,16384,3,0,3,0,0,,
zone-rgb-outcome-v2-20260925/test-b/track/zone-rgb-outcome-runs-20260925__test-o46-dyn/r1-61,5587,5587,16384,16384,3,0,3,0,0,,
zone-rgb-outcome-v2-20260925/test-b/track/zone-rgb-outcome-runs-20260925__test-o46-dyn/r1-62,5872,5872,16384,16384,3,0,3,0,0,,
zone-rgb-outcome-v2-20260925/test-b/track/zone-rgb-outcome-runs-20260925__test-o46-dyn/r1-63,5587,5587,16384,16384,3,0,3,0,0,,
zone-rgb-outcome-v2-20260925/test-b/track/zone-rgb-outcome-runs-20260925__test-o46-dyn/r1-64,5872,5872,16384,16384,3,0,3,0,0,,
zone-rgb-outcome-v2-20260925/test-b/track/zone-rgb-outcome-runs-20260925__test-o46-dyn/r1-65,5587,5587,16384,16384,3,0,3,0,0,,
zone-rgb-outcome-v2-20260925/test-b/track/zone-rgb-outcome-runs-20260925__test-o46-dyn/r1-66,5872,5872,16384,16384,3,0,3,0,0,,
zone-rgb-outcome-v2-20260925/test-b/track/zone-rgb-outcome-runs-20260925__test-o46-dyn/r1-67,5587,5587,16384,16384,3,0,3,0,0,,
zone-rgb-outcome-v2-20260925/test-b/track/zone-rgb-outcome-runs-20260925__test-o46-dyn/r1-68,5872,5872,16384,16384,3,0,3,0,0,,
zone-rgb-outcome-v2-20260925/test-b/track/zone-rgb-outcome-runs-20260925__test-o46-dyn/r1-69,5587,5587,16384,16384,3,0,3,0,0,,
zone-rgb-outcome-v2-20260925/test-b/track/zone-rgb-outcome-runs-20260925__test-o46-dyn/r1-7,5584,5584,16384,16384,3,0,3,0,0,,
zone-rgb-outcome-v2-20260925/test-b/track/zone-rgb-outcome-runs-20260925__test-o46-dyn/r1-70,5872,5872,16384,16384,3,0,3,0,0,,
zone-rgb-outcome-v2-20260925/test-b/track/zone-rgb-outcome-runs-20260925__test-o46-dyn/r1-71,5587,5587,16384,16384,3,0,3,0,0,,
zone-rgb-outcome-v2-20260925/test-b/track/zone-rgb-outcome-runs-20260925__test-o46-dyn/r1-72,5872,5872,16384,16384,3,0,3,0,0,,
zone-rgb-outcome-v2-20260925/test-b/track/zone-rgb-outcome-runs-20260925__test-o46-dyn/r1-73,5587,5587,16384,16384,3,0,3,0,0,,
zone-rgb-outcome-v2-20260925/test-b/track/zone-rgb-outcome-runs-20260925__test-o46-dyn/r1-74,5872,5872,16384,16384,3,0,3,0,0,,
zone-rgb-outcome-v2-20260925/test-b/track/zone-rgb-outcome-runs-20260925__test-o46-dyn/r1-75,5587,5587,16384,16384,3,0,3,0,0,,
zone-rgb-outcome-v2-20260925/test-b/track/zone-rgb-outcome-runs-20260925__test-o46-dyn/r1-76,5872,5872,16384,16384,3,0,3,0,0,,
zone-rgb-outcome-v2-20260925/test-b/track/zone-rgb-outcome-runs-20260925__test-o46-dyn/r1-77,4832,4542,12288,8192,3,1,2,290,4096,D5,
zone-rgb-outcome-v2-20260925/test-b/track/zone-rgb-outcome-runs-20260925__test-o46-dyn/r1-78,1982,1692,12288,8192,3,1,2,290,4096,D5,
zone-rgb-outcome-v2-20260925/test-b/track/zone-rgb-outcome-runs-20260925__test-o46-dyn/r1-8,5869,5869,16384,16384,3,0,3,0,0,,
zone-rgb-outcome-v2-20260925/test-b/track/zone-rgb-outcome-runs-20260925__test-o46-dyn/r1-9,5584,5584,16384,16384,3,0,3,0,0,,
zone-rgb-outcome-v2-20260925/test-b/track/zone-rgb-outcome-runs-20260925__test-o46-dyn/r2-1,14279,14279,24576,24576,3,0,3,0,0,,
zone-rgb-outcome-v2-20260925/test-b/track/zone-rgb-outcome-runs-20260925__test-o46-dyn/r2-2,19895,19895,28672,28672,3,0,3,0,0,,
zone-rgb-outcome-v2-20260925/test-b/track/zone-rgb-outcome-runs-20260925__test-o46-dyn/r2-3,14305,14305,24576,24576,3,0,3,0,0,,
zone-rgb-outcome-v2-20260925/test-b/track/zone-rgb-outcome-runs-20260925__test-o46-dyn/r3-1,22635,22635,32768,32768,3,0,3,0,0,,
zone-rgb-outcome-v2-20260925/test-b/track/zone-rgb-outcome-runs-20260925__test-o46-dyn/r3-2,18775,18775,28672,28672,3,0,3,0,0,,
zone-rgb-outcome-v2-20260925/test-b/track/zone-rgb-outcome-runs-20260925__test-w41-inde,0,0,0,0,0,0,0,0,0,,
zone-rgb-outcome-v2-20260925/test-b/track/zone-rgb-outcome-runs-20260925__test-w41-inde/frames,70597214,70597214,73555968,73555968,1471,0,1471,0,0,,first + >=1 SIM second since last sample + last per stream/episode/leg; unknown SIM timing: every 10th numeric-sorted frame + first/last (mandatory endpoints may exceed 10% for n<20)
zone-rgb-outcome-v2-20260925/test-b/track/zone-rgb-outcome-runs-20260925__test-w41-inde/r1-1,23473,23014,32768,28672,3,1,2,459,4096,D5,
zone-rgb-outcome-v2-20260925/test-b/track/zone-rgb-outcome-runs-20260925__test-w41-inde/r1-2,24059,24059,32768,32768,3,0,3,0,0,,
zone-rgb-outcome-v2-20260925/test-b/track/zone-rgb-outcome-runs-20260925__test-w41-inde/r1-3,25594,25594,32768,32768,3,0,3,0,0,,
zone-rgb-outcome-v2-20260925/test-b/track/zone-rgb-outcome-runs-20260925__test-w41-inde/r2-1,14784,14784,24576,24576,3,0,3,0,0,,
zone-rgb-outcome-v2-20260925/test-b/track/zone-rgb-outcome-runs-20260925__test-w41-inde/r2-2,7124,7124,16384,16384,3,0,3,0,0,,
zone-rgb-outcome-v2-20260925/test-b/track/zone-rgb-outcome-runs-20260925__test-w41-inde/r2-3,32551,32551,40960,40960,3,0,3,0,0,,
zone-rgb-outcome-v2-20260925/test-b/track/zone-rgb-outcome-runs-20260925__test-w41-inde/r2-4,22208,22208,32768,32768,3,0,3,0,0,,
zone-rgb-outcome-v2-20260925/test-b/track/zone-rgb-outcome-runs-20260925__test-w41-inde/r3-1,20360,20360,28672,28672,3,0,3,0,0,,
zone-rgb-outcome-v2-20260925/test-b/track/zone-rgb-outcome-runs-20260925__test-w41-inde/r3-2,28064,28064,36864,36864,3,0,3,0,0,,
zone-rgb-outcome-v2-20260925/test-b/track/zone-rgb-outcome-runs-20260925__test-w42-dyna,0,0,0,0,0,0,0,0,0,,
zone-rgb-outcome-v2-20260925/test-b/track/zone-rgb-outcome-runs-20260925__test-w42-dyna/frames,65849199,65849199,68718592,68718592,1345,0,1345,0,0,,first + >=1 SIM second since last sample + last per stream/episode/leg; unknown SIM timing: every 10th numeric-sorted frame + first/last (mandatory endpoints may exceed 10% for n<20)
zone-rgb-outcome-v2-20260925/test-b/track/zone-rgb-outcome-runs-20260925__test-w42-dyna/r1-1,21300,21300,28672,28672,3,0,3,0,0,,
zone-rgb-outcome-v2-20260925/test-b/track/zone-rgb-outcome-runs-20260925__test-w42-dyna/r1-2,23737,23737,32768,32768,3,0,3,0,0,,
zone-rgb-outcome-v2-20260925/test-b/track/zone-rgb-outcome-runs-20260925__test-w42-dyna/r1-3,27458,27458,36864,36864,3,0,3,0,0,,
zone-rgb-outcome-v2-20260925/test-b/track/zone-rgb-outcome-runs-20260925__test-w42-dyna/r2-1,16556,16556,24576,24576,3,0,3,0,0,,
zone-rgb-outcome-v2-20260925/test-b/track/zone-rgb-outcome-runs-20260925__test-w42-dyna/r2-2,21211,21211,28672,28672,3,0,3,0,0,,
zone-rgb-outcome-v2-20260925/test-b/track/zone-rgb-outcome-runs-20260925__test-w42-dyna/r2-3,16496,16496,24576,24576,3,0,3,0,0,,
zone-rgb-outcome-v2-20260925/test-b/track/zone-rgb-outcome-runs-20260925__test-w42-dyna/r3-1,22735,22735,32768,32768,3,0,3,0,0,,
zone-rgb-outcome-v2-20260925/test-b/track/zone-rgb-outcome-runs-20260925__test-w42-dyna/r3-2,22730,22730,32768,32768,3,0,3,0,0,,
zone-rgb-outcome-v2-20260925/test-b/track/zone-rgb-outcome-runs-20260925__test-w42-plan,0,0,0,0,0,0,0,0,0,,
zone-rgb-outcome-v2-20260925/test-b/track/zone-rgb-outcome-runs-20260925__test-w42-plan/frames,54259287,54259287,56827904,56827904,1154,0,1154,0,0,,first + >=1 SIM second since last sample + last per stream/episode/leg; unknown SIM timing: every 10th numeric-sorted frame + first/last (mandatory endpoints may exceed 10% for n<20)
zone-rgb-outcome-v2-20260925/test-b/track/zone-rgb-outcome-runs-20260925__test-w42-plan/r1-1,23425,22966,32768,28672,3,1,2,459,4096,D5,
zone-rgb-outcome-v2-20260925/test-b/track/zone-rgb-outcome-runs-20260925__test-w42-plan/r1-2,28580,28580,36864,36864,3,0,3,0,0,,
zone-rgb-outcome-v2-20260925/test-b/track/zone-rgb-outcome-runs-20260925__test-w42-plan/r2-1,15116,15116,24576,24576,3,0,3,0,0,,
zone-rgb-outcome-v2-20260925/test-b/track/zone-rgb-outcome-runs-20260925__test-w42-plan/r2-2,41623,41623,49152,49152,3,0,3,0,0,,
zone-rgb-outcome-v2-20260925/test-b/track/zone-rgb-outcome-runs-20260925__test-w42-plan/r3-1,22735,22276,32768,28672,3,1,2,459,4096,D5,
zone-rgb-outcome-v2-20260925/test-b/track/zone-rgb-outcome-runs-20260925__test-w42-plan/r3-2,29075,29075,36864,36864,3,0,3,0,0,,
zone-rgb-outcome-v2-20260925/test-b/track/zone-rgb-outcome-runs-20260925__test-w43-inde,0,0,0,0,0,0,0,0,0,,
zone-rgb-outcome-v2-20260925/test-b/track/zone-rgb-outcome-runs-20260925__test-w43-inde/frames,61167300,61167300,63852544,63852544,1253,0,1253,0,0,,first + >=1 SIM second since last sample + last per stream/episode/leg; unknown SIM timing: every 10th numeric-sorted frame + first/last (mandatory endpoints may exceed 10% for n<20)
zone-rgb-outcome-v2-20260925/test-b/track/zone-rgb-outcome-runs-20260925__test-w43-inde/r1-1,25881,25881,32768,32768,3,0,3,0,0,,
zone-rgb-outcome-v2-20260925/test-b/track/zone-rgb-outcome-runs-20260925__test-w43-inde/r1-2,30546,30546,40960,40960,3,0,3,0,0,,
zone-rgb-outcome-v2-20260925/test-b/track/zone-rgb-outcome-runs-20260925__test-w43-inde/r2-1,18770,18770,28672,28672,3,0,3,0,0,,
zone-rgb-outcome-v2-20260925/test-b/track/zone-rgb-outcome-runs-20260925__test-w43-inde/r2-2,22199,22199,32768,32768,3,0,3,0,0,,
zone-rgb-outcome-v2-20260925/test-b/track/zone-rgb-outcome-runs-20260925__test-w43-inde/r2-3,25549,25549,32768,32768,3,0,3,0,0,,
zone-rgb-outcome-v2-20260925/test-b/track/zone-rgb-outcome-runs-20260925__test-w43-inde/r3-1,19782,19782,28672,28672,3,0,3,0,0,,
zone-rgb-outcome-v2-20260925/test-b/track/zone-rgb-outcome-runs-20260925__test-w43-inde/r3-2,18638,18638,28672,28672,3,0,3,0,0,,
zone-rgb-outcome-v2-20260925/test-score,150974,150974,151552,151552,1,0,1,0,0,,
zone-rgb-outcome-v2-20260925/validate,878207,878207,880640,880640,1,0,1,0,0,,
zone-study-adapter-pilot-r10,505210,505210,573440,573440,6,0,6,0,0,,
zone-study-adapter-pilot-r10/cohort-01-v63,862332,862332,868352,868352,3,0,3,0,0,,
zone-study-adapter-pilot-r10/cohort-01-v63/leader_ko,101563,101563,102400,102400,1,0,1,0,0,,
zone-study-adapter-pilot-r10/cohort-01-v63/leader_ko/wire,141393,141393,155648,155648,6,0,6,0,0,,
zone-study-adapter-pilot-r10/cohort-01-v63/no_comm,95935,95935,98304,98304,1,0,1,0,0,,
zone-study-adapter-pilot-r10/cohort-01-v63/no_comm/wire,137184,137184,155648,155648,6,0,6,0,0,,
zone-study-adapter-pilot-r10/cohort-01-v63/peer_ko,101145,101145,102400,102400,1,0,1,0,0,,
zone-study-adapter-pilot-r10/cohort-01-v63/peer_ko/wire,140649,140649,155648,155648,6,0,6,0,0,,
zone-study-adapter-pilot-r10/cohort-01-v63/structured,103444,103444,106496,106496,1,0,1,0,0,,
zone-study-adapter-pilot-r10/cohort-01-v63/structured/wire,143658,143658,155648,155648,6,0,6,0,0,,
zone-study-adapter-pilot-r10/dry-01,244490,244490,245760,245760,1,0,1,0,0,,
zone-study-adapter-pilot-r10/dry-01/leader_ko,41879,41879,45056,45056,1,0,1,0,0,,
zone-study-adapter-pilot-r10/dry-01/no_comm,41111,41111,45056,45056,1,0,1,0,0,,
zone-study-adapter-pilot-r10/dry-01/peer_ko,41755,41755,45056,45056,1,0,1,0,0,,
zone-study-adapter-pilot-r10/dry-01/structured,42333,42333,45056,45056,1,0,1,0,0,,
zone-study-adapter-pilot-r10/init-01,44153,44153,45056,45056,1,0,1,0,0,,
zone-study-adapter-pilot-r10/log-evidence-v63-01,100654,3140,110592,12288,4,1,3,97514,98304,D5,
zone-study-adapter-pilot-r10/log-evidence-v63-02,114825,9812,135168,28672,7,1,6,105013,106496,D5,
zone-study-adapter-pilot-r10/log-evidence-v63-03,116625,11085,143360,36864,8,1,7,105540,106496,D5,
zone-study-adapter-pilot-r10/log-evidence-v63-04,162828,33778,229376,98304,19,1,18,129050,131072,D5,
zone-study-adapter-pilot-r10/log-evidence-v63-05,164779,35119,233472,102400,20,1,19,129660,131072,D5,
zone-study-adapter-pilot-r10/managed-cohort-01-v63,271876,271876,278528,278528,2,0,2,0,0,,
zone-study-adapter-pilot-r10/managed-preflight-02-v63,267708,267708,274432,274432,2,0,2,0,0,,
zone-study-adapter-pilot-r10/migrate-v63-01,134810,134810,139264,139264,2,0,2,0,0,,
zone-study-adapter-pilot-r10/preflight-01,314065,314065,319488,319488,3,0,3,0,0,,
zone-study-adapter-pilot-r10/preflight-01/no_comm,35342,35342,36864,36864,1,0,1,0,0,,
zone-study-adapter-pilot-r10/preflight-01/no_comm/wire,43520,43520,49152,49152,2,0,2,0,0,,
zone-study-adapter-pilot-r10/preflight-02-v63,439727,439727,446464,446464,3,0,3,0,0,,
zone-study-adapter-pilot-r10/preflight-02-v63/leader_ko,38344,38344,40960,40960,1,0,1,0,0,,
zone-study-adapter-pilot-r10/preflight-02-v63/leader_ko/wire,44862,44862,49152,49152,2,0,2,0,0,,
zone-study-adapter-pilot-r10/preflight-02-v63/no_comm,36534,36534,36864,36864,1,0,1,0,0,,
zone-study-adapter-pilot-r10/preflight-02-v63/no_comm/wire,43520,43520,49152,49152,2,0,2,0,0,,
zone-study-adapter-pilot-r10/preflight-02-v63/peer_ko,38320,38320,40960,40960,1,0,1,0,0,,
zone-study-adapter-pilot-r10/preflight-02-v63/peer_ko/wire,44706,44706,49152,49152,2,0,2,0,0,,
zone-study-adapter-pilot-r10/preflight-02-v63/structured,39074,39074,40960,40960,1,0,1,0,0,,
zone-study-adapter-pilot-r10/preflight-02-v63/structured/wire,45720,45720,49152,49152,2,0,2,0,0,,
zone-study-adapter-pilot-r10/reconcile-v63-01,97514,97514,98304,98304,1,0,1,0,0,,
zone-study-adapter-pilot-r10/reconcile-v63-02,105013,105013,106496,106496,1,0,1,0,0,,
zone-study-adapter-pilot-r10/reconcile-v63-03,105540,105540,106496,106496,1,0,1,0,0,,
zone-study-adapter-pilot-r10/reconcile-v63-04,129050,129050,131072,131072,1,0,1,0,0,,
zone-study-adapter-pilot-r10/reconcile-v63-05,129660,129660,131072,131072,1,0,1,0,0,,
zone-study-adapter-pilot-r10/review-v63-01,2590,2590,4096,4096,1,0,1,0,0,,
zone-study-adapter-pilot-r10/settlement-r14-apply,58475,58475,65536,65536,2,0,2,0,0,,
zone-study-adapter-pilot-r10/settlement-r14-dry,21774,21774,28672,28672,2,0,2,0,0,,
zone-study-integration-20260926,0,0,0,0,0,0,0,0,0,,
zone-study-integration-20260926/dev,0,0,0,0,0,0,0,0,0,,
zone-study-integration-20260926/dev/dev1,0,0,0,0,0,0,0,0,0,,
zone-study-integration-20260926/dev/dev1/peer_ko-smoke-i700,414460,414460,425984,425984,4,0,4,0,0,,
zone-study-integration-20260926/dev/dev1/peer_ko-smoke-i700/eval_only,118,118,4096,4096,4,0,4,0,0,,
zone-study-integration-20260926/dev/dev1/peer_ko-smoke-i700/robots,0,0,0,0,0,0,0,0,0,,
zone-study-integration-20260926/dev/dev1/peer_ko-smoke-i700/robots/r1,0,0,0,0,0,0,0,0,0,,
zone-study-integration-20260926/dev/dev1/peer_ko-smoke-i700/robots/r1/executor,3,0,4096,0,5,1,4,3,4096,D5,
zone-study-integration-20260926/dev/dev1/peer_ko-smoke-i700/robots/r1/inputs,110,110,4096,4096,2,0,2,0,0,,
zone-study-integration-20260926/dev/dev1/peer_ko-smoke-i700/robots/r2,0,0,0,0,0,0,0,0,0,,
zone-study-integration-20260926/dev/dev1/peer_ko-smoke-i700/robots/r2/executor,3,0,4096,0,5,1,4,3,4096,D5,
zone-study-integration-20260926/dev/dev1/peer_ko-smoke-i700/robots/r2/inputs,110,110,4096,4096,2,0,2,0,0,,
zone-study-integration-20260926/dev/dev1/peer_ko-smoke-i700/robots/r3,0,0,0,0,0,0,0,0,0,,
zone-study-integration-20260926/dev/dev1/peer_ko-smoke-i700/robots/r3/executor,3,0,4096,0,5,1,4,3,4096,D5,
zone-study-integration-20260926/dev/dev1/peer_ko-smoke-i700/robots/r3/inputs,110,110,4096,4096,2,0,2,0,0,,
zone-study-integration-20260926/dev/dev1/peer_ko-smoke-i700/study,2373,2373,8192,8192,6,0,6,0,0,,
zone-study-integration-20260926/dev/dev2,0,0,0,0,0,0,0,0,0,,
zone-study-integration-20260926/dev/dev2/peer_ko-smoke-i700,417270,417270,425984,425984,4,0,4,0,0,,
zone-study-integration-20260926/dev/dev2/peer_ko-smoke-i700/eval_only,85503,85503,94208,94208,4,0,4,0,0,,
zone-study-integration-20260926/dev/dev2/peer_ko-smoke-i700/robots,0,0,0,0,0,0,0,0,0,,
zone-study-integration-20260926/dev/dev2/peer_ko-smoke-i700/robots/r1,0,0,0,0,0,0,0,0,0,,
zone-study-integration-20260926/dev/dev2/peer_ko-smoke-i700/robots/r1/executor,1929,1926,16384,12288,5,1,4,3,4096,D5,
zone-study-integration-20260926/dev/dev2/peer_ko-smoke-i700/robots/r1/inputs,39288,39288,45056,45056,2,0,2,0,0,,
zone-study-integration-20260926/dev/dev2/peer_ko-smoke-i700/robots/r2,0,0,0,0,0,0,0,0,0,,
zone-study-integration-20260926/dev/dev2/peer_ko-smoke-i700/robots/r2/executor,1576,1573,16384,12288,5,1,4,3,4096,D5,
zone-study-integration-20260926/dev/dev2/peer_ko-smoke-i700/robots/r2/inputs,38900,38900,45056,45056,2,0,2,0,0,,
zone-study-integration-20260926/dev/dev2/peer_ko-smoke-i700/robots/r3,0,0,0,0,0,0,0,0,0,,
zone-study-integration-20260926/dev/dev2/peer_ko-smoke-i700/robots/r3/executor,1927,1924,16384,12288,5,1,4,3,4096,D5,
zone-study-integration-20260926/dev/dev2/peer_ko-smoke-i700/robots/r3/inputs,39405,39405,45056,45056,2,0,2,0,0,,
zone-study-integration-20260926/dev/dev2/peer_ko-smoke-i700/study,314696,312323,335872,327680,7,2,5,2373,8192,D5,
zone-study-integration-20260926/dev/dev2/peer_ko-smoke-i700/study/request_images,125575,125575,143360,143360,8,0,8,0,0,,unknown SIM timing: every 10th numeric-sorted frame + first/last (mandatory endpoints may exceed 10% for n<20)
zone-study-integration-20260926/dev/dev3,0,0,0,0,0,0,0,0,0,,
zone-study-integration-20260926/dev/dev3/leader_ko-smoke-i700,416936,416936,425984,425984,4,0,4,0,0,,
zone-study-integration-20260926/dev/dev3/leader_ko-smoke-i700/eval_only,85321,85147,94208,90112,4,1,3,174,4096,D5,
zone-study-integration-20260926/dev/dev3/leader_ko-smoke-i700/robots,0,0,0,0,0,0,0,0,0,,
zone-study-integration-20260926/dev/dev3/leader_ko-smoke-i700/robots/r1,0,0,0,0,0,0,0,0,0,,
zone-study-integration-20260926/dev/dev3/leader_ko-smoke-i700/robots/r1/executor,1930,1927,16384,12288,5,1,4,3,4096,D5,
zone-study-integration-20260926/dev/dev3/leader_ko-smoke-i700/robots/r1/inputs,39288,39288,45056,45056,2,0,2,0,0,,
zone-study-integration-20260926/dev/dev3/leader_ko-smoke-i700/robots/r2,0,0,0,0,0,0,0,0,0,,
zone-study-integration-20260926/dev/dev3/leader_ko-smoke-i700/robots/r2/executor,1128,1125,16384,12288,5,1,4,3,4096,D5,
zone-study-integration-20260926/dev/dev3/leader_ko-smoke-i700/robots/r2/inputs,38402,38402,45056,45056,2,0,2,0,0,,
zone-study-integration-20260926/dev/dev3/leader_ko-smoke-i700/robots/r3,0,0,0,0,0,0,0,0,0,,
zone-study-integration-20260926/dev/dev3/leader_ko-smoke-i700/robots/r3/executor,1928,1925,16384,12288,5,1,4,3,4096,D5,
zone-study-integration-20260926/dev/dev3/leader_ko-smoke-i700/robots/r3/inputs,39405,39405,45056,45056,2,0,2,0,0,,
zone-study-integration-20260926/dev/dev3/leader_ko-smoke-i700/study,233033,232526,245760,241664,7,1,6,507,4096,D5,
zone-study-integration-20260926/dev/dev3/leader_ko-smoke-i700/study/request_images,119595,119595,131072,131072,7,0,7,0,0,,unknown SIM timing: every 10th numeric-sorted frame + first/last (mandatory endpoints may exceed 10% for n<20)
zone-study-integration-20260926/dev/dev3/no_comm-smoke-i700,416395,416395,425984,425984,4,0,4,0,0,,
zone-study-integration-20260926/dev/dev3/no_comm-smoke-i700/eval_only,85910,85736,94208,90112,4,1,3,174,4096,D5,
zone-study-integration-20260926/dev/dev3/no_comm-smoke-i700/robots,0,0,0,0,0,0,0,0,0,,
zone-study-integration-20260926/dev/dev3/no_comm-smoke-i700/robots/r1,0,0,0,0,0,0,0,0,0,,
zone-study-integration-20260926/dev/dev3/no_comm-smoke-i700/robots/r1/executor,1218,1215,16384,12288,5,1,4,3,4096,D5,
zone-study-integration-20260926/dev/dev3/no_comm-smoke-i700/robots/r1/inputs,40181,40181,45056,45056,2,0,2,0,0,,
zone-study-integration-20260926/dev/dev3/no_comm-smoke-i700/robots/r2,0,0,0,0,0,0,0,0,0,,
zone-study-integration-20260926/dev/dev3/no_comm-smoke-i700/robots/r2/executor,876,873,16384,12288,5,1,4,3,4096,D5,
zone-study-integration-20260926/dev/dev3/no_comm-smoke-i700/robots/r2/inputs,39801,39801,45056,45056,2,0,2,0,0,,
zone-study-integration-20260926/dev/dev3/no_comm-smoke-i700/robots/r3,0,0,0,0,0,0,0,0,0,,
zone-study-integration-20260926/dev/dev3/no_comm-smoke-i700/robots/r3/executor,1216,1213,16384,12288,5,1,4,3,4096,D5,
zone-study-integration-20260926/dev/dev3/no_comm-smoke-i700/robots/r3/inputs,40265,40265,45056,45056,2,0,2,0,0,,
zone-study-integration-20260926/dev/dev3/no_comm-smoke-i700/study,138693,138186,159744,155648,7,1,6,507,4096,D5,
zone-study-integration-20260926/dev/dev3/no_comm-smoke-i700/study/request_images,82115,82115,90112,90112,5,0,5,0,0,,unknown SIM timing: every 10th numeric-sorted frame + first/last (mandatory endpoints may exceed 10% for n<20)
zone-study-integration-20260926/smoke-45999d9c,2007,2007,16384,16384,4,0,4,0,0,,
zone-study-integration-20260926/smoke-45999d9c-report,334152,334152,348160,348160,5,0,5,0,0,,
zone-study-integration-20260926/smoke-45999d9c/leader_ko-smoke-i700,435159,435159,446464,446464,4,0,4,0,0,,
zone-study-integration-20260926/smoke-45999d9c/leader_ko-smoke-i700/eval_only,87572077,87572077,87580672,87580672,4,0,4,0,0,,
zone-study-integration-20260926/smoke-45999d9c/leader_ko-smoke-i700/robots,0,0,0,0,0,0,0,0,0,,
zone-study-integration-20260926/smoke-45999d9c/leader_ko-smoke-i700/robots/r1,0,0,0,0,0,0,0,0,0,,
zone-study-integration-20260926/smoke-45999d9c/leader_ko-smoke-i700/robots/r1/executor,51342,51342,61440,61440,5,0,5,0,0,,
zone-study-integration-20260926/smoke-45999d9c/leader_ko-smoke-i700/robots/r1/inputs,1666819,1666819,1671168,1671168,2,0,2,0,0,,
zone-study-integration-20260926/smoke-45999d9c/leader_ko-smoke-i700/robots/r2,0,0,0,0,0,0,0,0,0,,
zone-study-integration-20260926/smoke-45999d9c/leader_ko-smoke-i700/robots/r2/executor,56935,56935,65536,65536,5,0,5,0,0,,
zone-study-integration-20260926/smoke-45999d9c/leader_ko-smoke-i700/robots/r2/inputs,1721098,1721098,1724416,1724416,2,0,2,0,0,,
zone-study-integration-20260926/smoke-45999d9c/leader_ko-smoke-i700/robots/r3,0,0,0,0,0,0,0,0,0,,
zone-study-integration-20260926/smoke-45999d9c/leader_ko-smoke-i700/robots/r3/executor,6718,3776,16384,12288,5,1,4,2942,4096,D5,
zone-study-integration-20260926/smoke-45999d9c/leader_ko-smoke-i700/robots/r3/inputs,1315551,1315551,1323008,1323008,2,0,2,0,0,,
zone-study-integration-20260926/smoke-45999d9c/leader_ko-smoke-i700/study,2616942,2614567,2633728,2625536,7,2,5,2375,8192,D5,
zone-study-integration-20260926/smoke-45999d9c/leader_ko-smoke-i700/study/request_images,1194134,1194134,1359872,1359872,76,0,76,0,0,,unknown SIM timing: every 10th numeric-sorted frame + first/last (mandatory endpoints may exceed 10% for n<20)
zone-study-integration-20260926/smoke-45999d9c/no_comm-smoke-i700,433405,433405,442368,442368,4,0,4,0,0,,
zone-study-integration-20260926/smoke-45999d9c/no_comm-smoke-i700/eval_only,82867546,82867546,82878464,82878464,4,0,4,0,0,,
zone-study-integration-20260926/smoke-45999d9c/no_comm-smoke-i700/robots,0,0,0,0,0,0,0,0,0,,
zone-study-integration-20260926/smoke-45999d9c/no_comm-smoke-i700/robots/r1,0,0,0,0,0,0,0,0,0,,
zone-study-integration-20260926/smoke-45999d9c/no_comm-smoke-i700/robots/r1/executor,49224,49224,61440,61440,5,0,5,0,0,,
zone-study-integration-20260926/smoke-45999d9c/no_comm-smoke-i700/robots/r1/inputs,1726294,1726294,1728512,1728512,2,0,2,0,0,,
zone-study-integration-20260926/smoke-45999d9c/no_comm-smoke-i700/robots/r2,0,0,0,0,0,0,0,0,0,,
zone-study-integration-20260926/smoke-45999d9c/no_comm-smoke-i700/robots/r2/executor,54764,54764,65536,65536,5,0,5,0,0,,
zone-study-integration-20260926/smoke-45999d9c/no_comm-smoke-i700/robots/r2/inputs,1782590,1782590,1785856,1785856,2,0,2,0,0,,
zone-study-integration-20260926/smoke-45999d9c/no_comm-smoke-i700/robots/r3,0,0,0,0,0,0,0,0,0,,
zone-study-integration-20260926/smoke-45999d9c/no_comm-smoke-i700/robots/r3/executor,6182,6182,16384,16384,5,0,5,0,0,,
zone-study-integration-20260926/smoke-45999d9c/no_comm-smoke-i700/robots/r3/inputs,1384486,1384486,1388544,1388544,2,0,2,0,0,,
zone-study-integration-20260926/smoke-45999d9c/no_comm-smoke-i700/study,2505620,2503264,2523136,2514944,7,2,5,2356,8192,D5,
zone-study-integration-20260926/smoke-45999d9c/no_comm-smoke-i700/study/request_images,1023096,1023096,1167360,1167360,65,0,65,0,0,,unknown SIM timing: every 10th numeric-sorted frame + first/last (mandatory endpoints may exceed 10% for n<20)
zone-study-integration-20260926/smoke-45999d9c/peer_ko-smoke-i700,436360,436360,446464,446464,4,0,4,0,0,,
zone-study-integration-20260926/smoke-45999d9c/peer_ko-smoke-i700/eval_only,85500953,85500953,85508096,85508096,4,0,4,0,0,,
zone-study-integration-20260926/smoke-45999d9c/peer_ko-smoke-i700/robots,0,0,0,0,0,0,0,0,0,,
zone-study-integration-20260926/smoke-45999d9c/peer_ko-smoke-i700/robots/r1,0,0,0,0,0,0,0,0,0,,
zone-study-integration-20260926/smoke-45999d9c/peer_ko-smoke-i700/robots/r1/executor,51241,51241,65536,65536,5,0,5,0,0,,
zone-study-integration-20260926/smoke-45999d9c/peer_ko-smoke-i700/robots/r1/inputs,1624924,1624924,1630208,1630208,2,0,2,0,0,,
zone-study-integration-20260926/smoke-45999d9c/peer_ko-smoke-i700/robots/r2,0,0,0,0,0,0,0,0,0,,
zone-study-integration-20260926/smoke-45999d9c/peer_ko-smoke-i700/robots/r2/executor,58425,58425,69632,69632,5,0,5,0,0,,
zone-study-integration-20260926/smoke-45999d9c/peer_ko-smoke-i700/robots/r2/inputs,1701479,1701479,1708032,1708032,2,0,2,0,0,,
zone-study-integration-20260926/smoke-45999d9c/peer_ko-smoke-i700/robots/r3,0,0,0,0,0,0,0,0,0,,
zone-study-integration-20260926/smoke-45999d9c/peer_ko-smoke-i700/robots/r3/executor,6717,6717,16384,16384,5,0,5,0,0,,
zone-study-integration-20260926/smoke-45999d9c/peer_ko-smoke-i700/robots/r3/inputs,1285935,1285935,1290240,1290240,2,0,2,0,0,,
zone-study-integration-20260926/smoke-45999d9c/peer_ko-smoke-i700/study,2615258,2612885,2633728,2625536,7,2,5,2373,8192,D5,
zone-study-integration-20260926/smoke-45999d9c/peer_ko-smoke-i700/study/request_images,1290884,1290884,1478656,1478656,83,0,83,0,0,,unknown SIM timing: every 10th numeric-sorted frame + first/last (mandatory endpoints may exceed 10% for n<20)
zone-study-integration-20260926/smoke-45999d9c/structured-smoke-i700,436377,436377,446464,446464,4,0,4,0,0,,
zone-study-integration-20260926/smoke-45999d9c/structured-smoke-i700/eval_only,85500953,85500606,85508096,85504000,4,1,3,347,4096,D5,
zone-study-integration-20260926/smoke-45999d9c/structured-smoke-i700/robots,0,0,0,0,0,0,0,0,0,,
zone-study-integration-20260926/smoke-45999d9c/structured-smoke-i700/robots/r1,0,0,0,0,0,0,0,0,0,,
zone-study-integration-20260926/smoke-45999d9c/structured-smoke-i700/robots/r1/executor,51241,33846,65536,45056,5,1,4,17395,20480,D5,
zone-study-integration-20260926/smoke-45999d9c/structured-smoke-i700/robots/r1/inputs,1624924,1624924,1630208,1630208,2,0,2,0,0,,
zone-study-integration-20260926/smoke-45999d9c/structured-smoke-i700/robots/r2,0,0,0,0,0,0,0,0,0,,
zone-study-integration-20260926/smoke-45999d9c/structured-smoke-i700/robots/r2/executor,58425,39552,69632,49152,5,1,4,18873,20480,D5,
zone-study-integration-20260926/smoke-45999d9c/structured-smoke-i700/robots/r2/inputs,1701479,1701479,1708032,1708032,2,0,2,0,0,,
zone-study-integration-20260926/smoke-45999d9c/structured-smoke-i700/robots/r3,0,0,0,0,0,0,0,0,0,,
zone-study-integration-20260926/smoke-45999d9c/structured-smoke-i700/robots/r3/executor,6717,3775,16384,12288,5,1,4,2942,4096,D5,
zone-study-integration-20260926/smoke-45999d9c/structured-smoke-i700/robots/r3/inputs,1285935,1285935,1290240,1290240,2,0,2,0,0,,
zone-study-integration-20260926/smoke-45999d9c/structured-smoke-i700/study,2693017,2692510,2711552,2707456,7,1,6,507,4096,D5,
zone-study-integration-20260926/smoke-45999d9c/structured-smoke-i700/study/request_images,1290294,1290294,1478656,1478656,83,0,83,0,0,,unknown SIM timing: every 10th numeric-sorted frame + first/last (mandatory endpoints may exceed 10% for n<20)
zone-study-integration-20260926/smoke-cbeb530,4957,4957,16384,16384,4,0,4,0,0,,
zone-study-integration-20260926/smoke-cbeb530-report,394145,394145,405504,405504,5,0,5,0,0,,
zone-study-integration-20260926/smoke-cbeb530/leader_ko-smoke-i700b,429448,429448,438272,438272,4,0,4,0,0,,
zone-study-integration-20260926/smoke-cbeb530/leader_ko-smoke-i700b/eval_only,87747223,87747223,87756800,87756800,4,0,4,0,0,,
zone-study-integration-20260926/smoke-cbeb530/leader_ko-smoke-i700b/robots,0,0,0,0,0,0,0,0,0,,
zone-study-integration-20260926/smoke-cbeb530/leader_ko-smoke-i700b/robots/r1,0,0,0,0,0,0,0,0,0,,
zone-study-integration-20260926/smoke-cbeb530/leader_ko-smoke-i700b/robots/r1/executor,51342,34979,61440,45056,5,1,4,16363,16384,D5,
zone-study-integration-20260926/smoke-cbeb530/leader_ko-smoke-i700b/robots/r1/inputs,1733787,1733787,1736704,1736704,2,0,2,0,0,,
zone-study-integration-20260926/smoke-cbeb530/leader_ko-smoke-i700b/robots/r2,0,0,0,0,0,0,0,0,0,,
zone-study-integration-20260926/smoke-cbeb530/leader_ko-smoke-i700b/robots/r2/executor,56935,40812,65536,49152,5,1,4,16123,16384,D5,
zone-study-integration-20260926/smoke-cbeb530/leader_ko-smoke-i700b/robots/r2/inputs,1786318,1786318,1789952,1789952,2,0,2,0,0,,
zone-study-integration-20260926/smoke-cbeb530/leader_ko-smoke-i700b/robots/r3,0,0,0,0,0,0,0,0,0,,
zone-study-integration-20260926/smoke-cbeb530/leader_ko-smoke-i700b/robots/r3/executor,6718,3776,16384,12288,5,1,4,2942,4096,D5,
zone-study-integration-20260926/smoke-cbeb530/leader_ko-smoke-i700b/robots/r3/inputs,1381537,1381537,1388544,1388544,2,0,2,0,0,,
zone-study-integration-20260926/smoke-cbeb530/leader_ko-smoke-i700b/study,1813121,1812614,1822720,1818624,7,1,6,507,4096,D5,
zone-study-integration-20260926/smoke-cbeb530/leader_ko-smoke-i700b/study/request_images,833846,833846,962560,962560,51,0,51,0,0,,unknown SIM timing: every 10th numeric-sorted frame + first/last (mandatory endpoints may exceed 10% for n<20)
zone-study-integration-20260926/smoke-cbeb530/no_comm-smoke-i700b,429135,429135,438272,438272,4,0,4,0,0,,
zone-study-integration-20260926/smoke-cbeb530/no_comm-smoke-i700b/eval_only,82879762,82879762,82890752,82890752,4,0,4,0,0,,
zone-study-integration-20260926/smoke-cbeb530/no_comm-smoke-i700b/robots,0,0,0,0,0,0,0,0,0,,
zone-study-integration-20260926/smoke-cbeb530/no_comm-smoke-i700b/robots/r1,0,0,0,0,0,0,0,0,0,,
zone-study-integration-20260926/smoke-cbeb530/no_comm-smoke-i700b/robots/r1/executor,49224,33585,61440,45056,5,1,4,15639,16384,D5,
zone-study-integration-20260926/smoke-cbeb530/no_comm-smoke-i700b/robots/r1/inputs,1730775,1730775,1732608,1732608,2,0,2,0,0,,
zone-study-integration-20260926/smoke-cbeb530/no_comm-smoke-i700b/robots/r2,0,0,0,0,0,0,0,0,0,,
zone-study-integration-20260926/smoke-cbeb530/no_comm-smoke-i700b/robots/r2/executor,54764,39405,65536,49152,5,1,4,15359,16384,D5,
zone-study-integration-20260926/smoke-cbeb530/no_comm-smoke-i700b/robots/r2/inputs,1786940,1786940,1789952,1789952,2,0,2,0,0,,
zone-study-integration-20260926/smoke-cbeb530/no_comm-smoke-i700b/robots/r3,0,0,0,0,0,0,0,0,0,,
zone-study-integration-20260926/smoke-cbeb530/no_comm-smoke-i700b/robots/r3/executor,6182,3174,16384,12288,5,1,4,3008,4096,D5,
zone-study-integration-20260926/smoke-cbeb530/no_comm-smoke-i700b/robots/r3/inputs,1388954,1388954,1392640,1392640,2,0,2,0,0,,
zone-study-integration-20260926/smoke-cbeb530/no_comm-smoke-i700b/study,1708984,1708477,1720320,1716224,7,1,6,507,4096,D5,
zone-study-integration-20260926/smoke-cbeb530/no_comm-smoke-i700b/study/request_images,789351,789351,909312,909312,49,0,49,0,0,,unknown SIM timing: every 10th numeric-sorted frame + first/last (mandatory endpoints may exceed 10% for n<20)
zone-study-integration-20260926/smoke-cbeb530/peer_ko-smoke-i700b,429609,429609,438272,438272,4,0,4,0,0,,
zone-study-integration-20260926/smoke-cbeb530/peer_ko-smoke-i700b/eval_only,85754420,85754420,85766144,85766144,4,0,4,0,0,,
zone-study-integration-20260926/smoke-cbeb530/peer_ko-smoke-i700b/robots,0,0,0,0,0,0,0,0,0,,
zone-study-integration-20260926/smoke-cbeb530/peer_ko-smoke-i700b/robots/r1,0,0,0,0,0,0,0,0,0,,
zone-study-integration-20260926/smoke-cbeb530/peer_ko-smoke-i700b/robots/r1/executor,51241,33846,65536,45056,5,1,4,17395,20480,D5,
zone-study-integration-20260926/smoke-cbeb530/peer_ko-smoke-i700b/robots/r1/inputs,1720057,1720057,1724416,1724416,2,0,2,0,0,,
zone-study-integration-20260926/smoke-cbeb530/peer_ko-smoke-i700b/robots/r2,0,0,0,0,0,0,0,0,0,,
zone-study-integration-20260926/smoke-cbeb530/peer_ko-smoke-i700b/robots/r2/executor,58425,39552,69632,49152,5,1,4,18873,20480,D5,
zone-study-integration-20260926/smoke-cbeb530/peer_ko-smoke-i700b/robots/r2/inputs,1796201,1796201,1802240,1802240,2,0,2,0,0,,
zone-study-integration-20260926/smoke-cbeb530/peer_ko-smoke-i700b/robots/r3,0,0,0,0,0,0,0,0,0,,
zone-study-integration-20260926/smoke-cbeb530/peer_ko-smoke-i700b/robots/r3/executor,6717,3775,16384,12288,5,1,4,2942,4096,D5,
zone-study-integration-20260926/smoke-cbeb530/peer_ko-smoke-i700b/robots/r3/inputs,1381862,1381862,1388544,1388544,2,0,2,0,0,,
zone-study-integration-20260926/smoke-cbeb530/peer_ko-smoke-i700b/study,1871973,1871466,1888256,1884160,7,1,6,507,4096,D5,
zone-study-integration-20260926/smoke-cbeb530/peer_ko-smoke-i700b/study/request_images,816623,816623,954368,954368,51,0,51,0,0,,unknown SIM timing: every 10th numeric-sorted frame + first/last (mandatory endpoints may exceed 10% for n<20)
zone-study-integration-20260926/smoke-cbeb530/structured-smoke-i700b,429627,429627,438272,438272,4,0,4,0,0,,
zone-study-integration-20260926/smoke-cbeb530/structured-smoke-i700b/eval_only,85754420,85754073,85766144,85762048,4,1,3,347,4096,D5,
zone-study-integration-20260926/smoke-cbeb530/structured-smoke-i700b/robots,0,0,0,0,0,0,0,0,0,,
zone-study-integration-20260926/smoke-cbeb530/structured-smoke-i700b/robots/r1,0,0,0,0,0,0,0,0,0,,
zone-study-integration-20260926/smoke-cbeb530/structured-smoke-i700b/robots/r1/executor,51241,33846,65536,45056,5,1,4,17395,20480,D5,
zone-study-integration-20260926/smoke-cbeb530/structured-smoke-i700b/robots/r1/inputs,1720057,1720057,1724416,1724416,2,0,2,0,0,,
zone-study-integration-20260926/smoke-cbeb530/structured-smoke-i700b/robots/r2,0,0,0,0,0,0,0,0,0,,
zone-study-integration-20260926/smoke-cbeb530/structured-smoke-i700b/robots/r2/executor,58425,39552,69632,49152,5,1,4,18873,20480,D5,
zone-study-integration-20260926/smoke-cbeb530/structured-smoke-i700b/robots/r2/inputs,1796201,1796201,1802240,1802240,2,0,2,0,0,,
zone-study-integration-20260926/smoke-cbeb530/structured-smoke-i700b/robots/r3,0,0,0,0,0,0,0,0,0,,
zone-study-integration-20260926/smoke-cbeb530/structured-smoke-i700b/robots/r3/executor,6717,3775,16384,12288,5,1,4,2942,4096,D5,
zone-study-integration-20260926/smoke-cbeb530/structured-smoke-i700b/robots/r3/inputs,1381862,1381862,1388544,1388544,2,0,2,0,0,,
zone-study-integration-20260926/smoke-cbeb530/structured-smoke-i700b/study,1926293,1925786,1941504,1937408,7,1,6,507,4096,D5,
zone-study-integration-20260926/smoke-cbeb530/structured-smoke-i700b/study/request_images,816623,816623,954368,954368,51,0,51,0,0,,unknown SIM timing: every 10th numeric-sorted frame + first/last (mandatory endpoints may exceed 10% for n<20)
zone-study-offline-smoke,240361,240361,245760,245760,4,0,4,0,0,,
zone-study-offline-smoke-v2,253066,253066,262144,262144,4,0,4,0,0,,
zone-study-offline-smoke-v2/trial_records,6242578,6242578,6311936,6311936,30,0,30,0,0,,
zone-study-offline-smoke-v3,255070,255070,262144,262144,4,0,4,0,0,,
zone-study-offline-smoke-v3-run-dc8ac28,254535,15828,262144,20480,4,1,3,238707,241664,D5,
zone-study-offline-smoke-v3-run-dc8ac28/trial_records,57427644,57427644,57487360,57487360,30,0,30,0,0,,
zone-study-offline-smoke-v3/trial_records,57427644,57427644,57487360,57487360,30,0,30,0,0,,
zone-study-offline-smoke-v4,256010,17303,266240,24576,4,1,3,238707,241664,D5,
zone-study-offline-smoke-v4-report,736832,736832,753664,753664,5,0,5,0,0,,
zone-study-offline-smoke-v4/trial_records,57497020,57497020,57565184,57565184,30,0,30,0,0,,
zone-study-offline-smoke-v5,233362,233362,241664,241664,4,0,4,0,0,,
zone-study-offline-smoke-v5-report,805110,805110,819200,819200,5,0,5,0,0,,
zone-study-offline-smoke-v5/trial_records,49477559,49477559,49532928,49532928,30,0,30,0,0,,
zone-study-offline-smoke-v6,233426,17381,241664,24576,4,1,3,216045,217088,D5,
zone-study-offline-smoke-v6-report,1245986,1199572,1261568,1212416,6,1,5,46414,49152,D5,
zone-study-offline-smoke-v6/trial_records,49658019,49658019,49721344,49721344,30,0,30,0,0,,
zone-study-offline-smoke/trial_records,6241726,6241726,6307840,6307840,30,0,30,0,0,,
zone-teacher-fix-20260926,17588,17588,20480,20480,2,0,2,0,0,,
zone-teacher-fix-20260926/d-b3-mix-dynamic-s12,244835,231051,262144,241664,7,3,4,13784,20480,D5,
zone-teacher-fix-20260926/d-b3-mix-dynamic-s12/replay,12986782,12986617,13000704,12996608,5,1,4,165,4096,D5,
zone-teacher-fix-20260926/d-b3-mix-dynamic-s12/rgb,3815740,3815740,3952640,3952640,73,0,73,0,0,,unknown SIM timing: every 10th numeric-sorted frame + first/last (mandatory endpoints may exceed 10% for n<20)
zone-teacher-fix-20260926/d-b3-mix-dynamic-s12/team,32105,32105,40960,40960,3,0,3,0,0,,
zone-teacher-fix-20260926/d-b3-mix-dynamic-s12/team/r1,1553945,1553945,1560576,1560576,4,0,4,0,0,,
zone-teacher-fix-20260926/d-b3-mix-dynamic-s12/team/r2,2288529,2288529,2301952,2301952,6,0,6,0,0,,
zone-teacher-fix-20260926/d-b3-mix-dynamic-s12/team/r3,2326464,2326464,2342912,2342912,6,0,6,0,0,,
zone-teacher-fix-20260926/d-b4-mix-dynamic-s12-b3off,279853,266069,299008,278528,7,3,4,13784,20480,D5,
zone-teacher-fix-20260926/d-b4-mix-dynamic-s12-b3off/replay,18965778,18965613,18980864,18976768,5,1,4,165,4096,D5,
zone-teacher-fix-20260926/d-b4-mix-dynamic-s12-b3off/rgb,5009417,5009417,5218304,5218304,94,0,94,0,0,,unknown SIM timing: every 10th numeric-sorted frame + first/last (mandatory endpoints may exceed 10% for n<20)
zone-teacher-fix-20260926/d-b4-mix-dynamic-s12-b3off/team,43097,43097,49152,49152,3,0,3,0,0,,
zone-teacher-fix-20260926/d-b4-mix-dynamic-s12-b3off/team/r1,1952876,1952876,1961984,1961984,5,0,5,0,0,,
zone-teacher-fix-20260926/d-b4-mix-dynamic-s12-b3off/team/r2,2701332,2701332,2719744,2719744,7,0,7,0,0,,
zone-teacher-fix-20260926/d-b4-mix-dynamic-s12-b3off/team/r3,3492196,3492196,3514368,3514368,9,0,9,0,0,,
zone-teacher-fix-20260926/g-b2-door-tri-s11,963,963,4096,4096,1,0,1,0,0,,
zone-teacher-fix-20260926/g-b8-two-tri-s11,1121,1121,4096,4096,1,0,1,0,0,,
zone-teacher-fix-20260926/mix-dynamic-s21,245631,242415,262144,258048,7,1,6,3216,4096,D5,
zone-teacher-fix-20260926/mix-dynamic-s21/replay,12946380,12946215,12959744,12955648,5,1,4,165,4096,D5,
zone-teacher-fix-20260926/mix-dynamic-s21/rgb,4122590,4122590,4300800,4300800,78,0,78,0,0,,unknown SIM timing: every 10th numeric-sorted frame + first/last (mandatory endpoints may exceed 10% for n<20)
zone-teacher-fix-20260926/mix-dynamic-s21/team,34399,34399,40960,40960,3,0,3,0,0,,
zone-teacher-fix-20260926/mix-dynamic-s21/team/r1,1561884,1561884,1572864,1572864,4,0,4,0,0,,
zone-teacher-fix-20260926/mix-dynamic-s21/team/r2,2324063,2324063,2334720,2334720,6,0,6,0,0,,
zone-teacher-fix-20260926/mix-dynamic-s21/team/r3,2706188,2706188,2723840,2723840,7,0,7,0,0,,
zone-teacher-fix-20260926/mix-dynamic-s22,235008,231792,249856,245760,7,1,6,3216,4096,D5,
zone-teacher-fix-20260926/mix-dynamic-s22/replay,12793465,12793300,12808192,12804096,5,1,4,165,4096,D5,
zone-teacher-fix-20260926/mix-dynamic-s22/rgb,3851040,3851040,4005888,4005888,73,0,73,0,0,,unknown SIM timing: every 10th numeric-sorted frame + first/last (mandatory endpoints may exceed 10% for n<20)
zone-teacher-fix-20260926/mix-dynamic-s22/team,32142,32142,40960,40960,3,0,3,0,0,,
zone-teacher-fix-20260926/mix-dynamic-s22/team/r1,1548792,1548792,1556480,1556480,4,0,4,0,0,,
zone-teacher-fix-20260926/mix-dynamic-s22/team/r2,1908798,1908798,1916928,1916928,5,0,5,0,0,,
zone-teacher-fix-20260926/mix-dynamic-s22/team/r3,2751126,2751126,2764800,2764800,7,0,7,0,0,,
zone-teacher-fix-20260926/mix-dynamic-s23,254891,251675,274432,270336,7,1,6,3216,4096,D5,
zone-teacher-fix-20260926/mix-dynamic-s23/replay,13231255,13231090,13246464,13242368,5,1,4,165,4096,D5,
zone-teacher-fix-20260926/mix-dynamic-s23/rgb,5261278,5261278,5476352,5476352,98,0,98,0,0,,unknown SIM timing: every 10th numeric-sorted frame + first/last (mandatory endpoints may exceed 10% for n<20)
zone-teacher-fix-20260926/mix-dynamic-s23/team,43383,43383,49152,49152,3,0,3,0,0,,
zone-teacher-fix-20260926/mix-dynamic-s23/team/r1,3106367,3106367,3121152,3121152,8,0,8,0,0,,
zone-teacher-fix-20260926/mix-dynamic-s23/team/r2,2312872,2312872,2322432,2322432,6,0,6,0,0,,
zone-teacher-fix-20260926/mix-dynamic-s23/team/r3,2729024,2729024,2748416,2748416,7,0,7,0,0,,
zone-teacher-fix-20260926/mix-independent-s21,240599,226779,253952,233472,7,3,4,13820,20480,D5,
zone-teacher-fix-20260926/mix-independent-s21/replay,12634777,12634612,12648448,12644352,5,1,4,165,4096,D5,
zone-teacher-fix-20260926/mix-independent-s21/rgb,10521854,10521854,10928128,10928128,190,0,190,0,0,,unknown SIM timing: every 10th numeric-sorted frame + first/last (mandatory endpoints may exceed 10% for n<20)
zone-teacher-fix-20260926/mix-independent-s21/team,71490,71490,77824,77824,3,0,3,0,0,,
zone-teacher-fix-20260926/mix-independent-s21/team/r1,1555925,1555925,1568768,1568768,4,0,4,0,0,,
zone-teacher-fix-20260926/mix-independent-s21/team/r2,3861178,3861178,3878912,3878912,10,0,10,0,0,,
zone-teacher-fix-20260926/mix-independent-s21/team/r3,8796147,8796147,8839168,8839168,23,0,23,0,0,,
zone-teacher-fix-20260926/mix-independent-s22,228115,214388,245760,225280,7,3,4,13727,20480,D5,
zone-teacher-fix-20260926/mix-independent-s22/replay,12819474,12819309,12832768,12828672,5,1,4,165,4096,D5,
zone-teacher-fix-20260926/mix-independent-s22/rgb,12120782,12120782,12591104,12591104,220,0,220,0,0,,unknown SIM timing: every 10th numeric-sorted frame + first/last (mandatory endpoints may exceed 10% for n<20)
zone-teacher-fix-20260926/mix-independent-s22/team,82590,82590,94208,94208,3,0,3,0,0,,
zone-teacher-fix-20260926/mix-independent-s22/team/r1,1546501,1546501,1552384,1552384,4,0,4,0,0,,
zone-teacher-fix-20260926/mix-independent-s22/team/r2,4560796,4560796,4587520,4587520,12,0,12,0,0,,
zone-teacher-fix-20260926/mix-independent-s22/team/r3,10285274,10285274,10334208,10334208,27,0,27,0,0,,
zone-teacher-fix-20260926/mix-independent-s23,243382,229586,262144,241664,7,3,4,13796,20480,D5,
zone-teacher-fix-20260926/mix-independent-s23/replay,13374092,13373927,13389824,13385728,5,1,4,165,4096,D5,
zone-teacher-fix-20260926/mix-independent-s23/rgb,13898357,13898357,14393344,14393344,250,0,250,0,0,,unknown SIM timing: every 10th numeric-sorted frame + first/last (mandatory endpoints may exceed 10% for n<20)
zone-teacher-fix-20260926/mix-independent-s23/team,94763,94763,102400,102400,3,0,3,0,0,,
zone-teacher-fix-20260926/mix-independent-s23/team/r1,2311994,2311994,2322432,2322432,6,0,6,0,0,,
zone-teacher-fix-20260926/mix-independent-s23/team/r2,5038063,5038063,5058560,5058560,13,0,13,0,0,,
zone-teacher-fix-20260926/mix-independent-s23/team/r3,11447766,11447766,11497472,11497472,30,0,30,0,0,,
zone-teacher-fix-20260926/runs,60968,60968,118784,118784,24,0,24,0,0,,
zone-teacher-fix-20260926/tri-dynamic-s21,192452,192452,208896,208896,7,0,7,0,0,,
zone-teacher-fix-20260926/tri-dynamic-s21/replay,10334646,10334481,10350592,10346496,5,1,4,165,4096,D5,
zone-teacher-fix-20260926/tri-dynamic-s21/rgb,2433452,2433452,2551808,2551808,48,0,48,0,0,,unknown SIM timing: every 10th numeric-sorted frame + first/last (mandatory endpoints may exceed 10% for n<20)
zone-teacher-fix-20260926/tri-dynamic-s21/team,20843,20843,32768,32768,3,0,3,0,0,,
zone-teacher-fix-20260926/tri-dynamic-s21/team/r1,1161351,1161351,1167360,1167360,3,0,3,0,0,,
zone-teacher-fix-20260926/tri-dynamic-s21/team/r2,1543779,1543779,1552384,1552384,4,0,4,0,0,,
zone-teacher-fix-20260926/tri-dynamic-s21/team/r3,1571479,1571479,1581056,1581056,4,0,4,0,0,,
zone-teacher-fix-20260926/tri-dynamic-s22,182481,179647,196608,192512,7,1,6,2834,4096,D5,
zone-teacher-fix-20260926/tri-dynamic-s22/replay,9699792,9699627,9715712,9711616,5,1,4,165,4096,D5,
zone-teacher-fix-20260926/tri-dynamic-s22/rgb,2142348,2142348,2256896,2256896,42,0,42,0,0,,unknown SIM timing: every 10th numeric-sorted frame + first/last (mandatory endpoints may exceed 10% for n<20)
zone-teacher-fix-20260926/tri-dynamic-s22/team,17049,17049,24576,24576,3,0,3,0,0,,
zone-teacher-fix-20260926/tri-dynamic-s22/team/r1,1169204,1169204,1175552,1175552,3,0,3,0,0,,
zone-teacher-fix-20260926/tri-dynamic-s22/team/r2,1161702,1161702,1167360,1167360,3,0,3,0,0,,
zone-teacher-fix-20260926/tri-dynamic-s22/team/r3,1173006,1173006,1179648,1179648,3,0,3,0,0,,
zone-team-a2-20260925,6884,6884,8192,8192,1,0,1,0,0,,
zone-team-a2-20260925/a-two-dynamic-s11,238957,238957,253952,253952,6,0,6,0,0,,
zone-team-a2-20260925/a-two-dynamic-s11/replay,12232049,12231884,12247040,12242944,5,1,4,165,4096,D5,
zone-team-a2-20260925/a-two-dynamic-s11/rgb,3480074,3480074,3641344,3641344,66,0,66,0,0,,unknown SIM timing: every 10th numeric-sorted frame + first/last (mandatory endpoints may exceed 10% for n<20)
zone-team-a2-20260925/a-two-dynamic-s11/team,32104,32104,40960,40960,3,0,3,0,0,,
zone-team-a2-20260925/a-two-dynamic-s11/team/r1,1557376,1557376,1564672,1564672,4,0,4,0,0,,
zone-team-a2-20260925/a-two-dynamic-s11/team/r2,2311247,2311247,2330624,2330624,6,0,6,0,0,,
zone-team-a2-20260925/a-two-dynamic-s11/team/r3,2331052,2331052,2347008,2347008,6,0,6,0,0,,
zone-team-a2-20260925/a-two-dynamic-s12,302519,299303,315392,311296,6,1,5,3216,4096,D5,
zone-team-a2-20260925/a-two-dynamic-s12/replay,27736212,27736047,27750400,27746304,5,1,4,165,4096,D5,
zone-team-a2-20260925/a-two-dynamic-s12/rgb,12519519,12519519,13156352,13156352,229,0,229,0,0,,unknown SIM timing: every 10th numeric-sorted frame + first/last (mandatory endpoints may exceed 10% for n<20)
zone-team-a2-20260925/a-two-dynamic-s12/team,126994,126994,135168,135168,3,0,3,0,0,,
zone-team-a2-20260925/a-two-dynamic-s12/team/r1,10050274,10050274,10133504,10133504,25,0,25,0,0,,
zone-team-a2-20260925/a-two-dynamic-s12/team/r2,5023226,5023226,5046272,5046272,13,0,13,0,0,,
zone-team-a2-20260925/a-two-dynamic-s12/team/r3,9639214,9639214,9666560,9666560,25,0,25,0,0,,
zone-team-a2-20260925/a-two-independent-s11,240020,226211,258048,237568,6,3,3,13809,20480,D5,
zone-team-a2-20260925/a-two-independent-s11/replay,13672414,13672249,13684736,13680640,5,1,4,165,4096,D5,
zone-team-a2-20260925/a-two-independent-s11/rgb,12687727,12687727,13135872,13135872,228,0,228,0,0,,unknown SIM timing: every 10th numeric-sorted frame + first/last (mandatory endpoints may exceed 10% for n<20)
zone-team-a2-20260925/a-two-independent-s11/team,88567,88567,98304,98304,3,0,3,0,0,,
zone-team-a2-20260925/a-two-independent-s11/team/r1,1554409,1554409,1560576,1560576,4,0,4,0,0,,
zone-team-a2-20260925/a-two-independent-s11/team/r2,4251030,4251030,4268032,4268032,11,0,11,0,0,,
zone-team-a2-20260925/a-two-independent-s11/team/r3,11828552,11828552,11882496,11882496,31,0,31,0,0,,
zone-team-a2-20260925/a-two-independent-s12,255773,241989,270336,249856,6,3,3,13784,20480,D5,
zone-team-a2-20260925/a-two-independent-s12/replay,13234383,13234218,13246464,13242368,5,1,4,165,4096,D5,
zone-team-a2-20260925/a-two-independent-s12/rgb,8232654,8232654,8560640,8560640,149,0,149,0,0,,unknown SIM timing: every 10th numeric-sorted frame + first/last (mandatory endpoints may exceed 10% for n<20)
zone-team-a2-20260925/a-two-independent-s12/team,59696,59696,65536,65536,3,0,3,0,0,,
zone-team-a2-20260925/a-two-independent-s12/team/r1,1549380,1549380,1556480,1556480,4,0,4,0,0,,
zone-team-a2-20260925/a-two-independent-s12/team/r2,4623837,4623837,4653056,4653056,12,0,12,0,0,,
zone-team-a2-20260925/a-two-independent-s12/team/r3,5763588,5763588,5799936,5799936,15,0,15,0,0,,
zone-team-a2-20260925/a-two-plan_first-s11,238766,224957,253952,233472,7,3,4,13809,20480,D5,
zone-team-a2-20260925/a-two-plan_first-s11/replay,12975031,12974866,12988416,12984320,5,1,4,165,4096,D5,
zone-team-a2-20260925/a-two-plan_first-s11/rgb,1405636,1405636,1486848,1486848,28,0,28,0,0,,unknown SIM timing: every 10th numeric-sorted frame + first/last (mandatory endpoints may exceed 10% for n<20)
zone-team-a2-20260925/a-two-plan_first-s11/team,33155,32930,40960,36864,3,1,2,225,4096,D5,
zone-team-a2-20260925/a-two-plan_first-s11/team/r1,792036,792036,794624,794624,2,0,2,0,0,,
zone-team-a2-20260925/a-two-plan_first-s11/team/r2,799068,799068,802816,802816,2,0,2,0,0,,
zone-team-a2-20260925/a-two-plan_first-s11/team/r3,768812,768812,770048,770048,2,0,2,0,0,,
zone-team-a2-20260925/a-two-plan_first-s12,237375,223591,253952,233472,7,3,4,13784,20480,D5,
zone-team-a2-20260925/a-two-plan_first-s12/replay,12957018,12956853,12972032,12967936,5,1,4,165,4096,D5,
zone-team-a2-20260925/a-two-plan_first-s12/rgb,1409122,1409122,1466368,1466368,28,0,28,0,0,,unknown SIM timing: every 10th numeric-sorted frame + first/last (mandatory endpoints may exceed 10% for n<20)
zone-team-a2-20260925/a-two-plan_first-s12/team,33153,33153,40960,40960,3,0,3,0,0,,
zone-team-a2-20260925/a-two-plan_first-s12/team/r1,791816,791816,794624,794624,2,0,2,0,0,,
zone-team-a2-20260925/a-two-plan_first-s12/team/r2,774048,774048,778240,778240,2,0,2,0,0,,
zone-team-a2-20260925/a-two-plan_first-s12/team/r3,792792,792792,794624,794624,2,0,2,0,0,,
zone-team-a2-20260925/b-door-tri-dynamic-s11,5104377,5104377,5115904,5115904,6,0,6,0,0,,
zone-team-a2-20260925/b-door-tri-dynamic-s11/replay,29645425,29645260,29659136,29655040,5,1,4,165,4096,D5,
zone-team-a2-20260925/b-door-tri-dynamic-s11/rgb,120474286,120474286,124653568,124653568,2338,0,2338,0,0,,unknown SIM timing: every 10th numeric-sorted frame + first/last (mandatory endpoints may exceed 10% for n<20)
zone-team-a2-20260925/b-door-tri-dynamic-s11/team,1991535,1991535,2007040,2007040,3,0,3,0,0,,
zone-team-a2-20260925/b-door-tri-dynamic-s11/team/r1,130195234,130195234,130576384,130576384,332,0,332,0,0,,
zone-team-a2-20260925/b-door-tri-dynamic-s11/team/r2,129931694,129931694,130560000,130560000,332,0,332,0,0,,
zone-team-a2-20260925/b-door-tri-dynamic-s11/team/r3,130115978,130115978,130555904,130555904,332,0,332,0,0,,
zone-team-a2-20260925/b-two-tri-dynamic-s11,110,110,4096,4096,1,0,1,0,0,,
zone-team-a2-20260925/c-two-graspfail-dynamic-s11,110,0,4096,0,1,1,0,110,4096,D5,
zone-team-a2-20260925/runs,109173,109173,151552,151552,16,0,16,0,0,,
zone-team-a2-media,3549175,3549175,3555328,3555328,4,0,4,0,0,,
zone-team-a2-v2-20260925,5569,5569,8192,8192,1,0,1,0,0,,
zone-team-a2-v2-20260925/a-two-dynamic-s11,239047,225238,253952,233472,6,3,3,13809,20480,D5,
zone-team-a2-v2-20260925/a-two-dynamic-s11/replay,12224131,12223966,12238848,12234752,5,1,4,165,4096,D5,
zone-team-a2-v2-20260925/a-two-dynamic-s11/rgb,3835867,3835867,4022272,4022272,73,0,73,0,0,,unknown SIM timing: every 10th numeric-sorted frame + first/last (mandatory endpoints may exceed 10% for n<20)
zone-team-a2-v2-20260925/a-two-dynamic-s11/team,32113,32113,40960,40960,3,0,3,0,0,,
zone-team-a2-v2-20260925/a-two-dynamic-s11/team/r1,1558056,1558056,1568768,1568768,4,0,4,0,0,,
zone-team-a2-v2-20260925/a-two-dynamic-s11/team/r2,2312104,2312104,2330624,2330624,6,0,6,0,0,,
zone-team-a2-v2-20260925/a-two-dynamic-s11/team/r3,2332101,2332101,2347008,2347008,6,0,6,0,0,,
zone-team-a2-v2-20260925/a-two-dynamic-s12,141573,127789,151552,131072,4,3,1,13784,20480,D5,
zone-team-a2-v2-20260925/a-two-dynamic-s12/replay,5273717,5273717,5275648,5275648,1,0,1,0,0,,
zone-team-a2-v2-20260925/a-two-dynamic-s12/rgb,5447625,5447625,5701632,5701632,97,0,97,0,0,,
zone-team-a2-v2-20260925/a-two-dynamic-s12/team,41991,41991,49152,49152,3,0,3,0,0,,
zone-team-a2-v2-20260925/a-two-dynamic-s12/team/r1,2814509,2814509,2826240,2826240,7,0,7,0,0,,
zone-team-a2-v2-20260925/a-two-dynamic-s12/team/r2,2337231,2337231,2347008,2347008,6,0,6,0,0,,
zone-team-a2-v2-20260925/a-two-dynamic-s12/team/r3,2337932,2337932,2351104,2351104,6,0,6,0,0,,
zone-team-a2-v2-20260925/a-two-independent-s11,239579,225770,253952,233472,6,3,3,13809,20480,D5,
zone-team-a2-v2-20260925/a-two-independent-s11/replay,13510890,13510725,13524992,13520896,5,1,4,165,4096,D5,
zone-team-a2-v2-20260925/a-two-independent-s11/rgb,12479543,12479543,12939264,12939264,225,0,225,0,0,,unknown SIM timing: every 10th numeric-sorted frame + first/last (mandatory endpoints may exceed 10% for n<20)
zone-team-a2-v2-20260925/a-two-independent-s11/team,84761,84761,94208,94208,3,0,3,0,0,,
zone-team-a2-v2-20260925/a-two-independent-s11/team/r1,1555069,1555069,1560576,1560576,4,0,4,0,0,,
zone-team-a2-v2-20260925/a-two-independent-s11/team/r2,3871884,3871884,3887104,3887104,10,0,10,0,0,,
zone-team-a2-v2-20260925/a-two-independent-s11/team/r3,11444533,11444533,11493376,11493376,30,0,30,0,0,,
zone-team-a2-v2-20260925/a-two-independent-s12,256416,242632,270336,249856,6,3,3,13784,20480,D5,
zone-team-a2-v2-20260925/a-two-independent-s12/replay,13296674,13296509,13312000,13307904,5,1,4,165,4096,D5,
zone-team-a2-v2-20260925/a-two-independent-s12/rgb,6595751,6595751,6889472,6889472,125,0,125,0,0,,unknown SIM timing: every 10th numeric-sorted frame + first/last (mandatory endpoints may exceed 10% for n<20)
zone-team-a2-v2-20260925/a-two-independent-s12/team,57960,57960,65536,65536,3,0,3,0,0,,
zone-team-a2-v2-20260925/a-two-independent-s12/team/r1,1549668,1549668,1556480,1556480,4,0,4,0,0,,
zone-team-a2-v2-20260925/a-two-independent-s12/team/r2,4629909,4629909,4653056,4653056,12,0,12,0,0,,
zone-team-a2-v2-20260925/a-two-independent-s12/team/r3,6149397,6149397,6172672,6172672,16,0,16,0,0,,
zone-team-a2-v2-20260925/a-two-plan_first-s11,238612,224803,253952,233472,7,3,4,13809,20480,D5,
zone-team-a2-v2-20260925/a-two-plan_first-s11/replay,12895540,12895375,12910592,12906496,5,1,4,165,4096,D5,
zone-team-a2-v2-20260925/a-two-plan_first-s11/rgb,1759916,1759916,1863680,1863680,35,0,35,0,0,,unknown SIM timing: every 10th numeric-sorted frame + first/last (mandatory endpoints may exceed 10% for n<20)
zone-team-a2-v2-20260925/a-two-plan_first-s11/team,33147,33147,40960,40960,3,0,3,0,0,,
zone-team-a2-v2-20260925/a-two-plan_first-s11/team/r1,792090,792090,794624,794624,2,0,2,0,0,,
zone-team-a2-v2-20260925/a-two-plan_first-s11/team/r2,799122,799122,802816,802816,2,0,2,0,0,,
zone-team-a2-v2-20260925/a-two-plan_first-s11/team/r3,768866,768866,770048,770048,2,0,2,0,0,,
zone-team-a2-v2-20260925/b-door-tri-dynamic-s11,145,145,4096,4096,1,0,1,0,0,,
zone-team-a2-v2-20260925/b-two-tri-dynamic-s11,139091,135350,147456,139264,4,2,2,3741,8192,D5,
zone-team-a2-v2-20260925/b-two-tri-dynamic-s11/replay,5266284,5266284,5267456,5267456,1,0,1,0,0,,
zone-team-a2-v2-20260925/b-two-tri-dynamic-s11/rgb,16174208,16174208,16826368,16826368,315,0,315,0,0,,
zone-team-a2-v2-20260925/b-two-tri-dynamic-s11/team,256724,256724,266240,266240,3,0,3,0,0,,
zone-team-a2-v2-20260925/b-two-tri-dynamic-s11/team/r1,16773083,16773083,16908288,16908288,43,0,43,0,0,,
zone-team-a2-v2-20260925/b-two-tri-dynamic-s11/team/r2,16777943,16777943,16908288,16908288,43,0,43,0,0,,
zone-team-a2-v2-20260925/b-two-tri-dynamic-s11/team/r3,16782143,16782143,16904192,16904192,43,0,43,0,0,,
zone-team-a2-v2-20260925/c-two-graspfail-dynamic-s11,267364,253555,282624,262144,6,3,3,13809,20480,D5,
zone-team-a2-v2-20260925/c-two-graspfail-dynamic-s11/replay,13343959,13343794,13357056,13352960,5,1,4,165,4096,D5,
zone-team-a2-v2-20260925/c-two-graspfail-dynamic-s11/rgb,4494064,4494064,4706304,4706304,84,0,84,0,0,,unknown SIM timing: every 10th numeric-sorted frame + first/last (mandatory endpoints may exceed 10% for n<20)
zone-team-a2-v2-20260925/c-two-graspfail-dynamic-s11/team,38560,38560,45056,45056,3,0,3,0,0,,
zone-team-a2-v2-20260925/c-two-graspfail-dynamic-s11/team/r1,2357961,2357961,2367488,2367488,6,0,6,0,0,,
zone-team-a2-v2-20260925/c-two-graspfail-dynamic-s11/team/r2,2767661,2767661,2785280,2785280,7,0,7,0,0,,
zone-team-a2-v2-20260925/c-two-graspfail-dynamic-s11/team/r3,2323637,2323637,2334720,2334720,6,0,6,0,0,,
zone-team-a2-v2-20260925/runs,29382,29382,61440,61440,13,0,13,0,0,,
zone-team-jobs-20260925,0,0,0,0,0,0,0,0,0,,
zone-team-jobs-20260925/pair_beam,1387244,1387244,1400832,1400832,6,0,6,0,0,,
zone-team-jobs-20260925/trio_frame,1674374,1674374,1687552,1687552,6,0,6,0,0,,
zone-wide-20260925,64639,64639,131072,131072,24,0,24,0,0,,
zone-wide-20260925/ZW1-G5-dyn,141420,141420,151552,151552,5,0,5,0,0,,
zone-wide-20260925/ZW1-G5-dyn/replay,7731126,7730961,7745536,7741440,5,1,4,165,4096,D5,
zone-wide-20260925/ZW1-G5-dyn/rgb,3356431,3356431,3497984,3497984,67,0,67,0,0,,unknown SIM timing: every 10th numeric-sorted frame + first/last (mandatory endpoints may exceed 10% for n<20)
zone-wide-20260925/ZW1-G5-dyn/team,43945,43945,53248,53248,3,0,3,0,0,,
zone-wide-20260925/ZW1-G5-dyn/team/r1,2934341,2934341,2981888,2981888,16,0,16,0,0,,
zone-wide-20260925/ZW1-G5-dyn/team/r2,3678422,3678422,3735552,3735552,20,0,20,0,0,,
zone-wide-20260925/ZW1-G5-dyn/team/r3,5929316,5929316,6000640,6000640,32,0,32,0,0,,
zone-wide-20260925/ZW1-G5-plan,141632,133669,155648,143360,6,2,4,7963,12288,D5,
zone-wide-20260925/ZW1-G5-plan/replay,7423932,7423767,7438336,7434240,5,1,4,165,4096,D5,
zone-wide-20260925/ZW1-G5-plan/rgb,1699623,1699623,1753088,1753088,35,0,35,0,0,,unknown SIM timing: every 10th numeric-sorted frame + first/last (mandatory endpoints may exceed 10% for n<20)
zone-wide-20260925/ZW1-G5-plan/team,33464,33464,40960,40960,3,0,3,0,0,,
zone-wide-20260925/ZW1-G5-plan/team/r1,2276879,2276879,2310144,2310144,12,0,12,0,0,,
zone-wide-20260925/ZW1-G5-plan/team/r2,2222195,2222195,2256896,2256896,12,0,12,0,0,,
zone-wide-20260925/ZW1-G5-plan/team/r3,2290957,2290957,2318336,2318336,12,0,12,0,0,,
zone-wide-20260925/ZW1-G8-dyn,149085,139906,163840,147456,5,2,3,9179,16384,D5,
zone-wide-20260925/ZW1-G8-dyn/replay,7923745,7923580,7933952,7929856,5,1,4,165,4096,D5,
zone-wide-20260925/ZW1-G8-dyn/rgb,3033158,3033158,3162112,3162112,60,0,60,0,0,,unknown SIM timing: every 10th numeric-sorted frame + first/last (mandatory endpoints may exceed 10% for n<20)
zone-wide-20260925/ZW1-G8-dyn/team,36971,36971,45056,45056,3,0,3,0,0,,
zone-wide-20260925/ZW1-G8-dyn/team/r1,2942222,2942222,2990080,2990080,16,0,16,0,0,,
zone-wide-20260925/ZW1-G8-dyn/team/r2,4482218,4482218,4554752,4554752,24,0,24,0,0,,
zone-wide-20260925/ZW1-G8-dyn/team/r3,2969254,2969254,3014656,3014656,16,0,16,0,0,,
zone-wide-20260925/ZW1-G8-plan,149749,140570,167936,151552,6,2,4,9179,16384,D5,
zone-wide-20260925/ZW1-G8-plan/replay,7873711,7873546,7884800,7880704,5,1,4,165,4096,D5,
zone-wide-20260925/ZW1-G8-plan/rgb,1707003,1707003,1789952,1789952,35,0,35,0,0,,unknown SIM timing: every 10th numeric-sorted frame + first/last (mandatory endpoints may exceed 10% for n<20)
zone-wide-20260925/ZW1-G8-plan/team,37369,37369,45056,45056,3,0,3,0,0,,
zone-wide-20260925/ZW1-G8-plan/team/r1,2598766,2598766,2641920,2641920,15,0,15,0,0,,
zone-wide-20260925/ZW1-G8-plan/team/r2,2301531,2301531,2334720,2334720,12,0,12,0,0,,
zone-wide-20260925/ZW1-G8-plan/team/r3,2301722,2301722,2334720,2334720,12,0,12,0,0,,
zone-wide-20260925/ZW2-G5-dyn,141037,133074,151552,139264,5,2,3,7963,12288,D5,
zone-wide-20260925/ZW2-G5-dyn/replay,7518844,7518679,7532544,7528448,5,1,4,165,4096,D5,
zone-wide-20260925/ZW2-G5-dyn/rgb,2741187,2741187,2842624,2842624,55,0,55,0,0,,unknown SIM timing: every 10th numeric-sorted frame + first/last (mandatory endpoints may exceed 10% for n<20)
zone-wide-20260925/ZW2-G5-dyn/team,33724,33724,40960,40960,3,0,3,0,0,,
zone-wide-20260925/ZW2-G5-dyn/team/r1,2931611,2931611,2981888,2981888,16,0,16,0,0,,
zone-wide-20260925/ZW2-G5-dyn/team/r2,3647129,3647129,3702784,3702784,20,0,20,0,0,,
zone-wide-20260925/ZW2-G5-dyn/team/r3,2993794,2993794,3031040,3031040,16,0,16,0,0,,
zone-wide-20260925/ZW2-G5-plan,141633,133670,155648,143360,6,2,4,7963,12288,D5,
zone-wide-20260925/ZW2-G5-plan/replay,7238015,7237850,7254016,7249920,5,1,4,165,4096,D5,
zone-wide-20260925/ZW2-G5-plan/rgb,2047509,2047509,2105344,2105344,42,0,42,0,0,,unknown SIM timing: every 10th numeric-sorted frame + first/last (mandatory endpoints may exceed 10% for n<20)
zone-wide-20260925/ZW2-G5-plan/team,42994,42994,53248,53248,3,0,3,0,0,,
zone-wide-20260925/ZW2-G5-plan/team/r1,3036684,3036684,3080192,3080192,16,0,16,0,0,,
zone-wide-20260925/ZW2-G5-plan/team/r2,2963531,2963531,3010560,3010560,16,0,16,0,0,,
zone-wide-20260925/ZW2-G5-plan/team/r3,3056659,3056659,3096576,3096576,16,0,16,0,0,,
zone-wide-20260925/ZW2-G8-dyn,149082,139903,163840,147456,5,2,3,9179,16384,D5,
zone-wide-20260925/ZW2-G8-dyn/replay,7868350,7868185,7880704,7876608,5,1,4,165,4096,D5,
zone-wide-20260925/ZW2-G8-dyn/rgb,2721657,2721657,2854912,2854912,54,0,54,0,0,,unknown SIM timing: every 10th numeric-sorted frame + first/last (mandatory endpoints may exceed 10% for n<20)
zone-wide-20260925/ZW2-G8-dyn/team,32068,32068,40960,40960,3,0,3,0,0,,
zone-wide-20260925/ZW2-G8-dyn/team/r1,2199694,2199694,2236416,2236416,12,0,12,0,0,,
zone-wide-20260925/ZW2-G8-dyn/team/r2,3693700,3693700,3743744,3743744,20,0,20,0,0,,
zone-wide-20260925/ZW2-G8-dyn/team/r3,2985979,2985979,3031040,3031040,16,0,16,0,0,,
zone-wide-20260925/ZW2-G8-plan,149753,140574,167936,151552,6,2,4,9179,16384,D5,
zone-wide-20260925/ZW2-G8-plan/replay,7891338,7891173,7905280,7901184,5,1,4,165,4096,D5,
zone-wide-20260925/ZW2-G8-plan/rgb,2051841,2051841,2142208,2142208,42,0,42,0,0,,unknown SIM timing: every 10th numeric-sorted frame + first/last (mandatory endpoints may exceed 10% for n<20)
zone-wide-20260925/ZW2-G8-plan/team,45476,45476,53248,53248,3,0,3,0,0,,
zone-wide-20260925/ZW2-G8-plan/team/r1,2969553,2969553,3014656,3014656,16,0,16,0,0,,
zone-wide-20260925/ZW2-G8-plan/team/r2,3069127,3069127,3112960,3112960,16,0,16,0,0,,
zone-wide-20260925/ZW2-G8-plan/team/r3,3070721,3070721,3112960,3112960,16,0,16,0,0,,
zone-wide-20260925/ZW2-gate-G5-dyn,141042,126191,151552,131072,5,3,2,14851,20480,D5,
zone-wide-20260925/ZW2-gate-G5-dyn/replay,7423985,7421153,7438336,7426048,5,3,2,2832,12288,D5,
zone-wide-20260925/ZW2-gate-G5-dyn/rgb,2442840,2442840,2539520,2539520,49,0,49,0,0,,unknown SIM timing: every 10th numeric-sorted frame + first/last (mandatory endpoints may exceed 10% for n<20)
zone-wide-20260925/ZW2-gate-G5-dyn/team,19986,19986,28672,28672,3,0,3,0,0,,
zone-wide-20260925/ZW2-gate-G5-dyn/team/r1,1464277,1464277,1474560,1474560,4,0,4,0,0,,
zone-wide-20260925/ZW2-gate-G5-dyn/team/r2,1096130,1096130,1101824,1101824,3,0,3,0,0,,
zone-wide-20260925/ZW2-gate-G5-dyn/team/r3,1476920,1476920,1482752,1482752,4,0,4,0,0,,
zone-wide-20260925/ZW2-gate-G8-dyn,149092,131641,163840,135168,5,3,2,17451,28672,D5,
zone-wide-20260925/ZW2-gate-G8-dyn/replay,7832195,7828849,7843840,7831552,5,3,2,3346,12288,D5,
zone-wide-20260925/ZW2-gate-G8-dyn/rgb,2724791,2724791,2842624,2842624,54,0,54,0,0,,unknown SIM timing: every 10th numeric-sorted frame + first/last (mandatory endpoints may exceed 10% for n<20)
zone-wide-20260925/ZW2-gate-G8-dyn/team,21993,21993,32768,32768,3,0,3,0,0,,
zone-wide-20260925/ZW2-gate-G8-dyn/team/r1,1471995,1471995,1482752,1482752,4,0,4,0,0,,
zone-wide-20260925/ZW2-gate-G8-dyn/team/r2,1836281,1836281,1847296,1847296,5,0,5,0,0,,
zone-wide-20260925/ZW2-gate-G8-dyn/team/r3,1114944,1114944,1122304,1122304,3,0,3,0,0,,
zone-wide-20260925/dev-g5-dyn,141032,133069,151552,139264,5,2,3,7963,12288,D5,
zone-wide-20260925/dev-g5-dyn/replay,7423985,7423820,7438336,7434240,5,1,4,165,4096,D5,
zone-wide-20260925/dev-g5-dyn/rgb,2442840,2442840,2539520,2539520,49,0,49,0,0,,unknown SIM timing: every 10th numeric-sorted frame + first/last (mandatory endpoints may exceed 10% for n<20)
zone-wide-20260925/dev-g5-dyn/team,19986,19986,28672,28672,3,0,3,0,0,,
zone-wide-20260925/dev-g5-dyn/team/r1,1464277,1464277,1474560,1474560,4,0,4,0,0,,
zone-wide-20260925/dev-g5-dyn/team/r2,1096130,1096130,1101824,1101824,3,0,3,0,0,,
zone-wide-20260925/dev-g5-dyn/team/r3,1476920,1476920,1482752,1482752,4,0,4,0,0,,
zone-wide-20260925/dev-g8-dyn,149082,139903,163840,147456,5,2,3,9179,16384,D5,
zone-wide-20260925/dev-g8-dyn/replay,7832195,7832030,7843840,7839744,5,1,4,165,4096,D5,
zone-wide-20260925/dev-g8-dyn/rgb,2724791,2724791,2842624,2842624,54,0,54,0,0,,unknown SIM timing: every 10th numeric-sorted frame + first/last (mandatory endpoints may exceed 10% for n<20)
zone-wide-20260925/dev-g8-dyn/team,21995,21995,32768,32768,3,0,3,0,0,,
zone-wide-20260925/dev-g8-dyn/team/r1,1471995,1471995,1482752,1482752,4,0,4,0,0,,
zone-wide-20260925/dev-g8-dyn/team/r2,1836281,1836281,1847296,1847296,5,0,5,0,0,,
zone-wide-20260925/dev-g8-dyn/team/r3,1114944,1114944,1122304,1122304,3,0,3,0,0,,
zone-wide-20260925/dev-g8-plan,149748,140569,167936,151552,6,2,4,9179,16384,D5,
zone-wide-20260925/dev-g8-plan/replay,7849882,7849717,7860224,7856128,5,1,4,165,4096,D5,
zone-wide-20260925/dev-g8-plan/rgb,1367489,1367489,1429504,1429504,28,0,28,0,0,,unknown SIM timing: every 10th numeric-sorted frame + first/last (mandatory endpoints may exceed 10% for n<20)
zone-wide-20260925/dev-g8-plan/team,24202,24202,32768,32768,3,0,3,0,0,,
zone-wide-20260925/dev-g8-plan/team/r1,738808,738808,745472,745472,2,0,2,0,0,,
zone-wide-20260925/dev-g8-plan/team/r2,763792,763792,770048,770048,2,0,2,0,0,,
zone-wide-20260925/dev-g8-plan/team/r3,764208,764208,770048,770048,2,0,2,0,0,,
zone-wide-20260925/dev3-dyn-inj2,139508,130329,155648,139264,6,2,4,9179,16384,D5,
zone-wide-20260925/dev3-dyn-inj2/replay,5281128,5280963,5296128,5292032,5,1,4,165,4096,D5,
zone-wide-20260925/dev3-dyn-inj2/rgb,690022,690022,720896,720896,14,0,14,0,0,,
zone-wide-20260925/dev3-dyn-inj2/team,5849,5849,16384,16384,3,0,3,0,0,,
zone-wide-20260925/dev3-dyn-inj2/team/r1,368905,368905,372736,372736,1,0,1,0,0,,
zone-wide-20260925/dev3-dyn-inj2/team/r2,381397,381397,385024,385024,1,0,1,0,0,,
zone-wide-20260925/dev3-dyn-inj2/team/r3,381605,381605,385024,385024,1,0,1,0,0,,
zone-wide-20260925/dev3-ind,158251,158251,172032,172032,5,0,5,0,0,,
zone-wide-20260925/dev3-ind-inj2,139646,130467,155648,139264,6,2,4,9179,16384,D5,
zone-wide-20260925/dev3-ind-inj2/replay,5281128,5280374,5296128,5283840,5,3,2,754,12288,D5,
zone-wide-20260925/dev3-ind-inj2/rgb,690022,690022,720896,720896,14,0,14,0,0,,
zone-wide-20260925/dev3-ind-inj2/team,5662,5662,16384,16384,3,0,3,0,0,,
zone-wide-20260925/dev3-ind-inj2/team/r1,368544,368544,368640,368640,1,0,1,0,0,,
zone-wide-20260925/dev3-ind-inj2/team/r2,381036,381036,385024,385024,1,0,1,0,0,,
zone-wide-20260925/dev3-ind-inj2/team/r3,381244,381244,385024,385024,1,0,1,0,0,,
zone-wide-20260925/dev3-ind/replay,9022486,9022486,9035776,9035776,5,0,5,0,0,,
zone-wide-20260925/dev3-ind/rgb,10749129,10749129,11112448,11112448,201,0,201,0,0,,unknown SIM timing: every 10th numeric-sorted frame + first/last (mandatory endpoints may exceed 10% for n<20)
zone-wide-20260925/dev3-ind/team,74264,74264,81920,81920,3,0,3,0,0,,
zone-wide-20260925/dev3-ind/team/r1,5085944,5085944,5107712,5107712,14,0,14,0,0,,
zone-wide-20260925/dev3-ind/team/r2,5087832,5087832,5120000,5120000,14,0,14,0,0,,
zone-wide-20260925/dev3-ind/team/r3,4064358,4064358,4087808,4087808,11,0,11,0,0,,
zone-wide-20260925/dev3-plan-inj2,140231,130859,159744,139264,7,3,4,9372,20480,D5,
zone-wide-20260925/dev3-plan-inj2/replay,5281128,5280374,5296128,5283840,5,3,2,754,12288,D5,
zone-wide-20260925/dev3-plan-inj2/rgb,1035033,1035033,1081344,1081344,21,0,21,0,0,,
zone-wide-20260925/dev3-plan-inj2/team,24200,24200,32768,32768,3,0,3,0,0,,
zone-wide-20260925/dev3-plan-inj2/team/r1,738808,738808,745472,745472,2,0,2,0,0,,
zone-wide-20260925/dev3-plan-inj2/team/r2,763792,763792,770048,770048,2,0,2,0,0,,
zone-wide-20260925/dev3-plan-inj2/team/r3,764208,764208,770048,770048,2,0,2,0,0,,
zone-wide-20260925/dev4-dyn-inj2,151580,142401,163840,147456,5,2,3,9179,16384,D5,
zone-wide-20260925/dev4-dyn-inj2/replay,8130617,8130452,8142848,8138752,5,1,4,165,4096,D5,
zone-wide-20260925/dev4-dyn-inj2/rgb,2994541,2994541,3129344,3129344,59,0,59,0,0,,unknown SIM timing: every 10th numeric-sorted frame + first/last (mandatory endpoints may exceed 10% for n<20)
zone-wide-20260925/dev4-dyn-inj2/team,23990,23990,32768,32768,3,0,3,0,0,,
zone-wide-20260925/dev4-dyn-inj2/team/r1,1463444,1463444,1474560,1474560,4,0,4,0,0,,
zone-wide-20260925/dev4-dyn-inj2/team/r2,1837804,1837804,1847296,1847296,5,0,5,0,0,,
zone-wide-20260925/dev4-dyn-inj2/team/r3,1484751,1484751,1495040,1495040,4,0,4,0,0,,
zone-wide-20260925/dev4-ind,151587,142408,163840,147456,5,2,3,9179,16384,D5,
zone-wide-20260925/dev4-ind-inj2,153793,144614,163840,147456,5,2,3,9179,16384,D5,
zone-wide-20260925/dev4-ind-inj2/replay,11242138,11241973,11251712,11247616,5,1,4,165,4096,D5,
zone-wide-20260925/dev4-ind-inj2/rgb,10086169,10086169,10477568,10477568,186,0,186,0,0,,unknown SIM timing: every 10th numeric-sorted frame + first/last (mandatory endpoints may exceed 10% for n<20)
zone-wide-20260925/dev4-ind-inj2/team,67909,67909,77824,77824,3,0,3,0,0,,
zone-wide-20260925/dev4-ind-inj2/team/r1,1818089,1818089,1822720,1822720,5,0,5,0,0,,
zone-wide-20260925/dev4-ind-inj2/team/r2,4471618,4471618,4489216,4489216,12,0,12,0,0,,
zone-wide-20260925/dev4-ind-inj2/team/r3,7054057,7054057,7081984,7081984,19,0,19,0,0,,
zone-wide-20260925/dev4-ind/replay,9030644,9030479,9043968,9039872,5,1,4,165,4096,D5,
zone-wide-20260925/dev4-ind/rgb,8093187,8093187,8396800,8396800,152,0,152,0,0,,unknown SIM timing: every 10th numeric-sorted frame + first/last (mandatory endpoints may exceed 10% for n<20)
zone-wide-20260925/dev4-ind/team,56093,56093,61440,61440,3,0,3,0,0,,
zone-wide-20260925/dev4-ind/team/r1,1820077,1820077,1826816,1826816,5,0,5,0,0,,
zone-wide-20260925/dev4-ind/team/r2,5092936,5092936,5124096,5124096,14,0,14,0,0,,
zone-wide-20260925/dev4-ind/team/r3,4064984,4064984,4087808,4087808,11,0,11,0,0,,
zone-wide-20260925/dev4-plan-inj2,150574,141395,167936,151552,6,2,4,9179,16384,D5,
zone-wide-20260925/dev4-plan-inj2/replay,7836245,7836080,7847936,7843840,5,1,4,165,4096,D5,
zone-wide-20260925/dev4-plan-inj2/rgb,1367543,1367543,1429504,1429504,28,0,28,0,0,,unknown SIM timing: every 10th numeric-sorted frame + first/last (mandatory endpoints may exceed 10% for n<20)
zone-wide-20260925/dev4-plan-inj2/team,24202,24202,32768,32768,3,0,3,0,0,,
zone-wide-20260925/dev4-plan-inj2/team/r1,738808,738808,745472,745472,2,0,2,0,0,,
zone-wide-20260925/dev4-plan-inj2/team/r2,763792,763792,770048,770048,2,0,2,0,0,,
zone-wide-20260925/dev4-plan-inj2/team/r3,764208,764208,770048,770048,2,0,2,0,0,,
