case,cohort,condition,sim_s,wall_s,wall_per_sim,physics_steps,physics_wall_per_sim,render_wall_per_sim,pf_update_wall_per_sim,posterior_summary_wall_per_sim,scan_match_wall_per_sim,map_insert_wall_per_sim,path_plan_wall_per_sim,graph_wall_per_sim,vision_wall_per_sim,record_io_wall_per_sim,controller_other_wall_per_sim,setup_proof_wall_per_sim,physics_calls,render_calls,pf_update_calls,posterior_summary_calls,scan_match_calls,map_insert_calls,path_plan_calls,graph_calls,vision_calls,record_io_calls,controller_other_calls,setup_proof_calls
s3,controller-only,off,21.9,62.92128491704352,2.8731180327417136,0,0.0,0.0,0.24213041434304783,0.3070915718913742,0.0,0.0,0.0,0.0,0.6648292150438794,0.1442713419519807,1.4337499254169455,0.08045504084941357,0,0,6843,6216,0,0,0,0,1476,440,439,1
s3,controller-only,on,21.9,47.63411629101029,2.175073803242479,0,0.0,0.0,0.24094943717051912,0.11500584373843845,0.0,0.0,0.0,0.0,0.5562263637776891,0.13418385487626047,1.048344095675041,0.07996866960061468,0,0,6843,6216,0,0,0,0,1476,440,439,1
ego58-55001,controller-only,off,270.0,403.028186874988,1.4926969884258816,0,0.0,0.0,0.04753279562228946,0.0005763253347982687,0.4593918087892234,0.057888388788517285,0.0009957693868609904,0.02977612679285273,0.0,0.07182308085568904,0.8239337879427088,0.0007787464279250276,0,0,6325,8431,51517,33608,1204,27,0,2693,2682,1
ego58-55001,controller-only,on,270.0,389.207214583992,1.4415082021629335,0,0.0,0.0,0.04752413631240079,0.0005781304483577886,0.392573365215557,0.05902813646588819,0.000993603586943613,0.030450843881893282,0.0,0.07137593865239372,0.8382052355277766,0.0007786753421425129,0,0,6325,8431,47017,33608,1204,27,0,2693,2682,1
ego58-55003,controller-only,off,492.2,2133.7040180420154,4.335034575461226,0,0.0,0.0,0.06131414597439067,0.0005817110388886376,2.6835622926928937,0.09482913424044924,0.0005030389778436741,0.08338785577888613,0.0,0.12052872038116846,1.2895077656738017,0.0008198312127859396,0,0,12484,15558,296246,97579,1092,49,0,4915,4904,1
ego58-55003,controller-only,on,492.2,2010.381242125004,4.084480378149134,0,0.0,0.0,0.06345082150539667,0.0005902072558985938,2.422647187022829,0.09589797393503523,0.000502899587288732,0.07838387724018475,0.0,0.12420387980943978,1.297982592383281,0.0008208635605389933,0,0,12484,15558,280046,97579,1092,49,0,4915,4904,1
ego59-55001,controller-only,off,270.0,401.3272517499863,1.486397228703653,0,0.0,0.0,0.046436784032051,0.0005641206937272929,0.45875611430146146,0.058112300599114625,0.0009897280723736104,0.029563896520563435,0.0,0.06901990015542618,0.8221004584957242,0.0008537935813095559,0,0,6325,8431,51517,33608,1204,27,0,2693,2682,1
ego59-55001,controller-only,on,270.0,387.09069925005315,1.4336692564816784,0,0.0,0.0,0.04870926842537571,0.0005714830545777524,0.39125651515270066,0.05808157644868414,0.000998793817901363,0.02799338766533226,0.0,0.07067727796190108,0.8346349382615665,0.0007458856008101806,0,0,6325,8431,47017,33608,1204,27,0,2693,2682,1
ego59-55003,controller-only,off,491.8,2127.704152832972,4.326360619831175,0,0.0,0.0,0.06005428086742535,0.0005797883239565261,2.679565148000461,0.09514734222644189,0.0005032147141495411,0.07783825152843639,0.0,0.12281254236141372,1.2879997775991245,0.0018601762716483814,0,0,12474,15546,296246,97579,1092,49,0,4911,4900,1
ego59-55003,controller-only,on,491.8,2012.8432715419913,4.092808604192744,0,0.0,0.0,0.06163360646276516,0.0005881597521162283,2.426668707045798,0.09496637508682164,0.0005049916156741853,0.07940121772634198,0.0,0.12364639876716765,1.303529548653333,0.0018695160530124279,0,0,12474,15546,280046,97579,1092,49,0,4911,4900,1
s3-unprofiled,controller-only,off,21.9,57.91411545802839,2.64448015790084,0,0.0,0.0,0.24494923779594216,0.305916316377756,0.0,0.0,0.0,0.0,0.5920893553012906,0.06824351950829262,1.3816302581998567,0.051243198298228286,0,0,6843,6216,0,0,0,0,1476,440,439,1
s3-unprofiled,controller-only,on,21.9,43.24279029201716,1.9745566343386833,0,0.0,0.0,0.24088897048091712,0.11141853268815367,0.0,0.0,0.0,0.0,0.5029075554775109,0.0665162844513224,1.002111218951549,0.05030878119438581,0,0,6843,6216,0,0,0,0,1476,440,439,1
s3,native-prefix,original-physics,21.9,37.31652541598305,1.703950932236669,87600,0.9626324512101668,0.5721887817035417,0.0,0.0,0.0,0.0,0.0,0.0,0.0,0.10509844409561288,0.0637372976464547,0.10258042045441546,87600,1317,0,0,0,0,0,0,0,7751,878,1
ego58-55001,native-prefix,original-physics,30.0,30.76323829201283,1.0254412764004277,120000,0.9175742077020307,0.05627155268448405,0.0,0.0,0.0,0.0,0.0,0.0,0.0,0.009896671172464266,0.04163667505296568,0.08290669030005422,120000,151,0,0,0,0,0,0,0,1203,302,1
ego58-55003,native-prefix,original-physics,30.0,30.817939250031486,1.0272646416677162,120000,0.9200411704194267,0.055466108214265356,0.0,0.0,0.0,0.0,0.0,0.0,0.0,0.009836576780071483,0.041858055751072244,0.08569845416544315,120000,151,0,0,0,0,0,0,0,1203,302,1
ego59-55001,native-prefix,original-physics,30.0,30.644248499942478,1.0214749499980826,120000,0.9143576042590819,0.055519905707721286,0.0,0.0,0.0,0.0,0.0,0.0,0.0,0.009777900790019582,0.04175477935738551,0.08107629443208376,120000,151,0,0,0,0,0,0,0,1203,302,1
