scenario,start,seed,condition,status,time_s,distance_m,coverage,collisions,false_candidate_passage_attempts,wrong_door_attempts,door_attempts
s1,M,7701,static_map,B_confirmed,92.0,3.5185103379239013,0.6482638888888889,0,0,0,2
s1,M,7701,own_frontier,B_confirmed,155.0,4.096671695823175,0.8243055555555555,0,2,0,2
s1,M,7702,static_map,B_confirmed,92.0,3.5185103379239013,0.6482638888888889,0,0,0,2
s1,M,7702,own_frontier,B_confirmed,155.0,4.096671695823175,0.8243055555555555,0,2,0,2
s1,N,7701,static_map,B_confirmed,113.0,4.358432914028685,0.7104166666666667,0,0,0,2
s1,N,7701,own_frontier,exploration_finished,155.0,5.1119904019265645,0.7364583333333333,0,0,0,2
s1,N,7702,static_map,B_confirmed,113.0,4.358432914028685,0.7104166666666667,0,0,0,2
s1,N,7702,own_frontier,exploration_finished,155.0,5.1119904019265645,0.7364583333333333,0,0,0,2
s2,M,7701,static_map,B_confirmed,131.0,4.967977402065632,0.5858234885337039,0,0,0,2
s2,M,7701,own_frontier,B_confirmed,149.0,5.0401707864669065,0.7067407922168172,0,0,0,3
s2,M,7702,static_map,B_confirmed,131.0,4.967977402065632,0.5858234885337039,0,0,0,2
s2,M,7702,own_frontier,B_confirmed,149.0,5.0401707864669065,0.7067407922168172,0,0,0,3
s2,N,7701,static_map,B_confirmed,41.0,1.5022659899359947,0.2661570535093815,0,0,0,0
s2,N,7701,own_frontier,B_confirmed,41.0,1.502186386315424,0.26268241834607364,0,0,0,0
s2,N,7702,static_map,B_confirmed,41.0,1.5022659899359947,0.2661570535093815,0,0,0,0
s2,N,7702,own_frontier,B_confirmed,41.0,1.502186386315424,0.26268241834607364,0,0,0,0
s3,M,7701,static_map,B_confirmed,101.0,3.878178779759887,0.7607638888888889,0,0,0,2
s3,M,7701,own_frontier,B_confirmed,179.0,4.790206381872861,0.7572916666666667,0,0,0,0
s3,M,7702,static_map,B_confirmed,101.0,3.878178779759887,0.7607638888888889,0,0,0,2
s3,M,7702,own_frontier,B_confirmed,179.0,4.790206381872861,0.7572916666666667,0,0,0,0
s3,N,7701,static_map,B_confirmed,98.0,3.7317293696812506,0.6451388888888889,0,0,0,2
s3,N,7701,own_frontier,B_confirmed,125.0,3.451227042453971,0.7291666666666666,0,1,0,2
s3,N,7702,static_map,B_confirmed,98.0,3.7317293696812506,0.6451388888888889,0,0,0,2
s3,N,7702,own_frontier,B_confirmed,125.0,3.451227042453971,0.7291666666666666,0,1,0,2
s4,M,7701,static_map,B_confirmed,185.0,7.2662818362116965,0.6189979123173278,0,0,0,2
s4,M,7701,own_frontier,exploration_finished,92.0,3.563986011337375,0.32045929018789143,0,0,0,0
s4,M,7702,static_map,B_confirmed,185.0,7.2662818362116965,0.6189979123173278,0,0,0,2
s4,M,7702,own_frontier,exploration_finished,92.0,3.563986011337375,0.32045929018789143,0,0,0,0
s4,N,7701,static_map,B_confirmed,143.0,5.5580411400576315,0.4892136395267919,0,3,0,2
s4,N,7701,own_frontier,exploration_finished,155.0,5.339990401926515,0.5560194850382741,0,1,0,0
s4,N,7702,static_map,B_confirmed,143.0,5.5580411400576315,0.4892136395267919,0,3,0,2
s4,N,7702,own_frontier,exploration_finished,155.0,5.339990401926515,0.5560194850382741,0,1,0,0
s5,M,7701,static_map,B_confirmed,110.0,3.67919373972727,0.6840277777777778,0,0,0,2
s5,M,7701,own_frontier,B_confirmed,113.0,3.6195835612997147,0.6378472222222222,4,1,0,3
s5,M,7702,static_map,B_confirmed,110.0,3.67919373972727,0.6840277777777778,0,0,0,2
s5,M,7702,own_frontier,B_confirmed,113.0,3.6195835612997147,0.6378472222222222,4,1,0,3
s5,N,7701,static_map,B_confirmed,92.0,3.518350936350594,0.6541666666666667,0,0,0,2
s5,N,7701,own_frontier,exploration_finished,65.0,1.7519713320759778,0.55625,0,0,0,0
s5,N,7702,static_map,B_confirmed,92.0,3.518350936350594,0.6541666666666667,0,0,0,2
s5,N,7702,own_frontier,exploration_finished,65.0,1.7519713320759778,0.55625,0,0,0,0
s6,M,7701,static_map,B_confirmed,59.0,2.2243997917907583,0.3268496005557485,0,0,0,0
s6,M,7701,own_frontier,B_confirmed,161.0,4.414077046335899,0.7697117054532824,0,0,0,0
s6,M,7702,static_map,B_confirmed,59.0,2.2243997917907583,0.3268496005557485,0,0,0,0
s6,M,7702,own_frontier,B_confirmed,161.0,4.414077046335899,0.7697117054532824,0,0,0,0
s6,N,7701,static_map,B_confirmed,47.0,1.7433263491201334,0.2959360889197638,0,0,0,0
s6,N,7701,own_frontier,B_confirmed,80.0,2.295454774449755,0.5477596387634596,0,0,0,0
s6,N,7702,static_map,B_confirmed,47.0,1.7433263491201334,0.2959360889197638,0,0,0,0
s6,N,7702,own_frontier,B_confirmed,80.0,2.295454774449755,0.5477596387634596,0,0,0,0
s7,M,7701,static_map,B_confirmed,74.0,2.823447373168513,0.4505956552207428,0,0,0,0
s7,M,7701,own_frontier,B_confirmed,299.0,8.835366688850016,0.8927820602662929,0,0,0,2
s7,M,7702,static_map,B_confirmed,74.0,2.823447373168513,0.4505956552207428,0,0,0,0
s7,M,7702,own_frontier,B_confirmed,299.0,8.835366688850016,0.8927820602662929,0,0,0,2
s7,N,7701,static_map,B_confirmed,95.0,3.6383137692262113,0.7295024526979678,0,0,0,2
s7,N,7701,own_frontier,B_confirmed,194.0,5.9327204908241065,0.7610371408549405,4,0,0,2
s7,N,7702,static_map,B_confirmed,95.0,3.6383137692262113,0.7295024526979678,0,0,0,2
s7,N,7702,own_frontier,B_confirmed,194.0,5.9327204908241065,0.7610371408549405,4,0,0,2
s8,M,7701,static_map,B_confirmed,41.0,1.5023694193919221,0.22362425516999648,0,0,0,0
s8,M,7701,own_frontier,B_confirmed,110.0,3.5632619775929557,0.6848930949877322,0,0,0,0
s8,M,7702,static_map,B_confirmed,41.0,1.5023694193919221,0.22362425516999648,0,0,0,0
s8,M,7702,own_frontier,B_confirmed,110.0,3.5632619775929557,0.6848930949877322,0,0,0,0
s8,N,7701,static_map,B_confirmed,95.0,3.6377775538942685,0.7213459516298633,0,0,0,2
s8,N,7701,own_frontier,B_confirmed,95.0,3.343308409480569,0.7732211706975114,0,0,0,1
s8,N,7702,static_map,B_confirmed,95.0,3.6377775538942685,0.7213459516298633,0,0,0,2
s8,N,7702,own_frontier,B_confirmed,95.0,3.343308409480569,0.7732211706975114,0,0,0,1
