directory,git_sha,readme_lines,prereg_lines,all_markdown_lines,python_lines,prereg_files
2026-09-28-masterpi-public-specs,a8094cc14e098a55483f53a3c49bf6a0b116043d,190,0,396,0,0
2026-09-28-pair-stage-probes,a8094cc14e098a55483f53a3c49bf6a0b116043d,392,0,392,157,0
2026-09-28-vis6-recipe1,a8094cc14e098a55483f53a3c49bf6a0b116043d,290,0,376,424,0
2026-09-28-zone-pair-v6,a8094cc14e098a55483f53a3c49bf6a0b116043d,938,549,1113,1100,1
2026-09-28-zone-pair-v6b-boot,a8094cc14e098a55483f53a3c49bf6a0b116043d,229,581,229,283,1
2026-09-29-carry-relocalization-b1,a8094cc14e098a55483f53a3c49bf6a0b116043d,228,0,228,995,0
2026-09-29-carry-relocalization-design,a8094cc14e098a55483f53a3c49bf6a0b116043d,0,0,0,484,0
2026-09-29-door-guard-relax,a8094cc14e098a55483f53a3c49bf6a0b116043d,186,0,186,176,0
2026-09-29-door-ultrasonic-sweep,a8094cc14e098a55483f53a3c49bf6a0b116043d,178,0,262,0,0
2026-09-29-pair-chain-probe,a8094cc14e098a55483f53a3c49bf6a0b116043d,194,0,194,0,0
2026-09-29-pair-passage-map,a8094cc14e098a55483f53a3c49bf6a0b116043d,197,0,197,0,0
2026-09-29-pair-v6c,a8094cc14e098a55483f53a3c49bf6a0b116043d,270,603,270,341,1
2026-09-29-pair-v6c-carry,a8094cc14e098a55483f53a3c49bf6a0b116043d,341,0,341,181,0
2026-09-29-pair-v6d-align,a8094cc14e098a55483f53a3c49bf6a0b116043d,282,636,282,923,1
2026-09-29-pair-v6e-carry,a8094cc14e098a55483f53a3c49bf6a0b116043d,1026,675,1026,2352,1
2026-09-29-relocalization-audit,a8094cc14e098a55483f53a3c49bf6a0b116043d,129,0,129,721,0
2026-09-29-render-profile,a8094cc14e098a55483f53a3c49bf6a0b116043d,346,0,346,509,0
2026-09-29-seg-lightfloor,a8094cc14e098a55483f53a3c49bf6a0b116043d,160,0,160,921,0
2026-09-29-version-videos,a8094cc14e098a55483f53a3c49bf6a0b116043d,86,0,86,0,0
2026-09-29-vis7-stall-detector,a8094cc14e098a55483f53a3c49bf6a0b116043d,0,124,124,82,1
2026-09-30-carry-x-bias,a8094cc14e098a55483f53a3c49bf6a0b116043d,170,0,170,1065,0
2026-09-30-door-relax-envelope,a8094cc14e098a55483f53a3c49bf6a0b116043d,182,0,182,565,0
2026-09-30-l1-axial-offset,a8094cc14e098a55483f53a3c49bf6a0b116043d,168,0,168,931,0
2026-09-30-stall-detection-research,a8094cc14e098a55483f53a3c49bf6a0b116043d,174,0,174,1066,0
2026-09-30-pair-v6h-carry,3afc61b00f2c127ac3fbe2be5e7bb57da989b15a,79,162,372,231,1
2026-09-30-b-v6h-gain,3afc61b00f2c127ac3fbe2be5e7bb57da989b15a,0,0,0,0,0
2026-09-30-stall-detector-d1,d86cc82eedbe0c6693eaf808c54ce43387723f1d,88,229,478,384,1
