run_id,pr,sharded,created_to_required_end_s,required_span_s,max_pytest_step_s
36378132547,256,False,1193.0,1189.0,1148.0
36386868908,257,False,805.0,784.0,745.0
36403829703,259,False,795.0,791.0,755.0
36417647298,260,False,1190.0,1170.0,1136.0
36441893681,258,False,2414.0,1054.0,1013.0
36441896551,258,False,1292.0,1181.0,1148.0
36445966535,260,False,1165.0,1161.0,1121.0
36449303600,262,False,1277.0,1198.0,1153.0
36453331527,261,False,1251.0,1189.0,1143.0
36460811512,261,False,845.0,840.0,798.0
36461975577,263,False,1200.0,1196.0,1152.0
36462378181,256,False,2224.0,1207.0,1174.0
36468769546,256,False,1218.0,1215.0,1183.0
36473577677,257,False,1034.0,1031.0,999.0
36491881902,264,False,1225.0,1221.0,1182.0
36493871416,263,False,1051.0,1046.0,1007.0
36502326263,265,False,1295.0,1255.0,1221.0
36503910672,266,False,1426.0,1293.0,1258.0
36508173930,265,False,1259.0,1255.0,1222.0
36509181198,267,True,267.0,264.0,228.0
36509184888,267,True,348.0,345.0,228.0
36511081363,268,False,1079.0,1076.0,1045.0
36519513522,269,True,259.0,256.0,216.0
36519814052,270,True,242.0,239.0,200.0
36520622663,271,True,270.0,267.0,194.0
36526388072,271,True,289.0,286.0,188.0
36532675583,272,True,224.0,221.0,185.0
36534244430,272,True,226.0,222.0,184.0
36534437540,273,True,350.0,346.0,180.0
36534519452,274,True,426.0,423.0,183.0
36534538538,274,True,456.0,332.0,192.0
36535289769,273,True,313.0,310.0,196.0
36535898295,274,True,310.0,217.0,175.0
36535901326,274,True,466.0,371.0,207.0
36540460102,274,True,452.0,448.0,216.0
36540462994,274,True,536.0,377.0,212.0
36556969138,275,True,351.0,296.0,223.0
36558470792,276,True,256.0,252.0,215.0
36561213504,277,True,243.0,240.0,201.0
36567377179,278,True,291.0,288.0,251.0
36571500767,278,True,373.0,289.0,254.0
36577039286,279,True,423.0,419.0,253.0
36578698148,279,True,324.0,320.0,268.0
36580153681,280,True,290.0,286.0,246.0
36611205208,282,True,264.0,260.0,212.0
36611428021,281,True,257.0,253.0,211.0
36619745151,283,True,296.0,292.0,210.0
36621875233,283,True,270.0,266.0,226.0
36625054728,284,True,291.0,287.0,231.0
36647029002,285,True,263.0,259.0,218.0
36649312119,286,True,263.0,260.0,218.0
36656678573,287,True,266.0,263.0,217.0
36658822830,288,True,294.0,291.0,209.0
36658885762,289,True,463.0,360.0,217.0
36675114142,285,True,268.0,264.0,211.0
36679128555,290,True,294.0,291.0,254.0
36679205029,290,True,284.0,281.0,192.0
36680439861,291,True,292.0,288.0,222.0
36682453884,285,True,340.0,297.0,258.0
36688262070,293,True,309.0,305.0,249.0
36688289430,293,True,508.0,505.0,263.0
36688515188,292,True,710.0,652.0,309.0
36688520731,292,True,550.0,542.0,299.0
36688615712,294,True,607.0,499.0,250.0
36688853929,294,True,567.0,491.0,190.0
36691746848,285,True,264.0,260.0,214.0
