run_id,pr,min_s,max_s,ratio
36509181198,267,76.0,258.0,3.3947368421052633
36509184888,267,96.0,260.0,2.7083333333333335
36519513522,269,120.0,249.0,2.075
36519814052,270,118.0,232.0,1.9661016949152543
36520622663,271,117.0,224.0,1.9145299145299146
36526388072,271,121.0,218.0,1.8016528925619835
36532675583,272,120.0,214.0,1.7833333333333334
36534244430,272,134.0,213.0,1.5895522388059702
36534437540,273,122.0,338.0,2.7704918032786887
36534519452,274,130.0,291.0,2.2384615384615385
36534538538,274,108.0,227.0,2.1018518518518516
36535289769,273,114.0,239.0,2.0964912280701755
36535898295,274,107.0,210.0,1.9626168224299065
36535901326,274,141.0,244.0,1.7304964539007093
36540460102,274,129.0,276.0,2.13953488372093
36540462994,274,124.0,245.0,1.9758064516129032
36556969138,275,91.0,252.0,2.769230769230769
36558470792,276,149.0,246.0,1.651006711409396
36561213504,277,111.0,232.0,2.09009009009009
36567377179,278,118.0,282.0,2.389830508474576
36571500767,278,107.0,284.0,2.6542056074766354
36577039286,279,106.0,311.0,2.9339622641509435
36578698148,279,109.0,308.0,2.8256880733944953
36580153681,280,123.0,280.0,2.2764227642276422
36611205208,282,101.0,249.0,2.4653465346534653
36611428021,281,69.0,246.0,3.5652173913043477
36619745151,283,73.0,284.0,3.8904109589041096
36621875233,283,85.0,258.0,3.0352941176470587
36625054728,284,81.0,272.0,3.3580246913580245
36647029002,285,75.0,253.0,3.3733333333333335
36649312119,286,74.0,254.0,3.4324324324324325
36656678573,287,73.0,250.0,3.4246575342465753
36658822830,288,76.0,245.0,3.223684210526316
36658885762,289,77.0,246.0,3.1948051948051948
36675114142,285,84.0,244.0,2.9047619047619047
36679128555,290,104.0,284.0,2.730769230769231
36679205029,290,108.0,224.0,2.074074074074074
36680439861,291,85.0,279.0,3.2823529411764705
36682453884,285,97.0,288.0,2.9690721649484537
36688262070,293,98.0,286.0,2.9183673469387754
36688289430,293,101.0,298.0,2.9504950495049505
36688515188,292,127.0,346.0,2.7244094488188977
36688520731,292,121.0,331.0,2.7355371900826446
36688615712,294,93.0,289.0,3.10752688172043
36688853929,294,100.0,229.0,2.29
36691746848,285,113.0,253.0,2.2389380530973453
