wall,face,tape,centre_u_mm,width_mm,height_mm,origin_world_m,u_axis
zone_wall_divider_1,px,0,135.084,23.144,400.000,2.225000 -3.150000 0.000000,0 1 0
zone_wall_divider_1,px,1,358.013,25.606,400.000,2.225000 -3.150000 0.000000,0 1 0
zone_wall_divider_1,px,2,626.644,20.918,400.000,2.225000 -3.150000 0.000000,0 1 0
zone_wall_divider_1,px,3,849.063,28.727,400.000,2.225000 -3.150000 0.000000,0 1 0
zone_wall_divider_1,px,4,1079.993,24.104,400.000,2.225000 -3.150000 0.000000,0 1 0
zone_wall_divider_1,px,5,1345.442,27.578,400.000,2.225000 -3.150000 0.000000,0 1 0
zone_wall_divider_1,px,6,1599.305,25.039,400.000,2.225000 -3.150000 0.000000,0 1 0
zone_wall_divider_1,px,7,1886.407,23.854,400.000,2.225000 -3.150000 0.000000,0 1 0
zone_wall_divider_1,px,8,2149.091,23.888,400.000,2.225000 -3.150000 0.000000,0 1 0
zone_wall_divider_1,px,9,2420.006,23.034,400.000,2.225000 -3.150000 0.000000,0 1 0
zone_wall_divider_1,px,10,2677.168,28.348,400.000,2.225000 -3.150000 0.000000,0 1 0
zone_wall_divider_1,nx,0,85.962,20.004,400.000,2.175000 -0.200000 0.000000,0 -1 0
zone_wall_divider_1,nx,1,374.278,25.376,400.000,2.175000 -0.200000 0.000000,0 -1 0
zone_wall_divider_1,nx,2,587.606,27.454,400.000,2.175000 -0.200000 0.000000,0 -1 0
zone_wall_divider_1,nx,3,835.985,21.433,400.000,2.175000 -0.200000 0.000000,0 -1 0
zone_wall_divider_1,nx,4,1076.235,28.695,400.000,2.175000 -0.200000 0.000000,0 -1 0
zone_wall_divider_1,nx,5,1345.497,21.463,400.000,2.175000 -0.200000 0.000000,0 -1 0
zone_wall_divider_1,nx,6,1602.508,21.529,400.000,2.175000 -0.200000 0.000000,0 -1 0
zone_wall_divider_1,nx,7,1866.725,28.963,400.000,2.175000 -0.200000 0.000000,0 -1 0
zone_wall_divider_1,nx,8,2095.385,24.413,400.000,2.175000 -0.200000 0.000000,0 -1 0
zone_wall_divider_1,nx,9,2303.918,25.249,400.000,2.175000 -0.200000 0.000000,0 -1 0
zone_wall_divider_1,nx,10,2537.557,28.567,400.000,2.175000 -0.200000 0.000000,0 -1 0
zone_wall_divider_1,nx,11,2757.326,26.320,400.000,2.175000 -0.200000 0.000000,0 -1 0
zone_wall_divider_1,py,0,25.000,25.792,400.000,2.225000 -0.200000 0.000000,-1 0 0
zone_wall_divider_1,ny,0,25.000,25.361,400.000,2.175000 -3.150000 0.000000,1 0 0
zone_wall_divider_2,px,0,128.364,24.089,400.000,2.225000 0.300000 0.000000,0 1 0
zone_wall_divider_2,px,1,375.024,26.718,400.000,2.225000 0.300000 0.000000,0 1 0
zone_wall_divider_2,px,2,577.821,20.567,400.000,2.225000 0.300000 0.000000,0 1 0
zone_wall_divider_2,px,3,823.084,29.624,400.000,2.225000 0.300000 0.000000,0 1 0
zone_wall_divider_2,px,4,1109.057,21.026,400.000,2.225000 0.300000 0.000000,0 1 0
zone_wall_divider_2,nx,0,96.124,22.494,400.000,2.175000 1.450000 0.000000,0 -1 0
zone_wall_divider_2,nx,1,382.792,20.826,400.000,2.175000 1.450000 0.000000,0 -1 0
zone_wall_divider_2,nx,2,647.324,21.211,400.000,2.175000 1.450000 0.000000,0 -1 0
zone_wall_divider_2,nx,3,882.951,25.294,400.000,2.175000 1.450000 0.000000,0 -1 0
zone_wall_divider_2,py,0,25.000,26.288,400.000,2.225000 1.450000 0.000000,-1 0 0
zone_wall_divider_2,ny,0,25.000,28.497,400.000,2.175000 0.300000 0.000000,1 0 0
zone_wall_east,px,0,129.807,20.618,400.000,5.425000 -3.150000 0.000000,0 1 0
zone_wall_east,px,1,357.020,24.680,400.000,5.425000 -3.150000 0.000000,0 1 0
zone_wall_east,px,2,624.128,29.754,400.000,5.425000 -3.150000 0.000000,0 1 0
zone_wall_east,px,3,884.441,26.890,400.000,5.425000 -3.150000 0.000000,0 1 0
zone_wall_east,px,4,1170.282,23.460,400.000,5.425000 -3.150000 0.000000,0 1 0
zone_wall_east,px,5,1447.322,24.289,400.000,5.425000 -3.150000 0.000000,0 1 0
zone_wall_east,px,6,1677.047,20.124,400.000,5.425000 -3.150000 0.000000,0 1 0
zone_wall_east,px,7,1921.425,20.119,400.000,5.425000 -3.150000 0.000000,0 1 0
zone_wall_east,px,8,2181.072,21.600,400.000,5.425000 -3.150000 0.000000,0 1 0
zone_wall_east,px,9,2426.182,21.863,400.000,5.425000 -3.150000 0.000000,0 1 0
zone_wall_east,px,10,2713.049,22.451,400.000,5.425000 -3.150000 0.000000,0 1 0
zone_wall_east,px,11,2925.358,25.982,400.000,5.425000 -3.150000 0.000000,0 1 0
zone_wall_east,px,12,3185.340,25.371,400.000,5.425000 -3.150000 0.000000,0 1 0
zone_wall_east,px,13,3445.803,21.271,400.000,5.425000 -3.150000 0.000000,0 1 0
zone_wall_east,px,14,3653.963,20.316,400.000,5.425000 -3.150000 0.000000,0 1 0
zone_wall_east,px,15,3933.344,20.080,400.000,5.425000 -3.150000 0.000000,0 1 0
zone_wall_east,px,16,4182.621,21.962,400.000,5.425000 -3.150000 0.000000,0 1 0
zone_wall_east,px,17,4437.016,28.541,400.000,5.425000 -3.150000 0.000000,0 1 0
zone_wall_east,nx,0,106.759,21.661,400.000,5.375000 1.450000 0.000000,0 -1 0
zone_wall_east,nx,1,334.637,24.796,400.000,5.375000 1.450000 0.000000,0 -1 0
zone_wall_east,nx,2,599.194,29.670,400.000,5.375000 1.450000 0.000000,0 -1 0
zone_wall_east,nx,3,829.675,26.945,400.000,5.375000 1.450000 0.000000,0 -1 0
zone_wall_east,nx,4,1082.300,27.311,400.000,5.375000 1.450000 0.000000,0 -1 0
zone_wall_east,nx,5,1307.449,20.822,400.000,5.375000 1.450000 0.000000,0 -1 0
zone_wall_east,nx,6,1534.280,29.937,400.000,5.375000 1.450000 0.000000,0 -1 0
zone_wall_east,nx,7,1735.427,28.965,400.000,5.375000 1.450000 0.000000,0 -1 0
zone_wall_east,nx,8,2012.956,22.225,400.000,5.375000 1.450000 0.000000,0 -1 0
zone_wall_east,nx,9,2277.663,24.583,400.000,5.375000 1.450000 0.000000,0 -1 0
zone_wall_east,nx,10,2566.019,22.459,400.000,5.375000 1.450000 0.000000,0 -1 0
zone_wall_east,nx,11,2856.442,26.214,400.000,5.375000 1.450000 0.000000,0 -1 0
zone_wall_east,nx,12,3141.764,24.876,400.000,5.375000 1.450000 0.000000,0 -1 0
zone_wall_east,nx,13,3381.649,21.219,400.000,5.375000 1.450000 0.000000,0 -1 0
zone_wall_east,nx,14,3583.271,22.449,400.000,5.375000 1.450000 0.000000,0 -1 0
zone_wall_east,nx,15,3833.971,20.585,400.000,5.375000 1.450000 0.000000,0 -1 0
zone_wall_east,nx,16,4068.916,20.292,400.000,5.375000 1.450000 0.000000,0 -1 0
zone_wall_east,nx,17,4347.894,25.686,400.000,5.375000 1.450000 0.000000,0 -1 0
zone_wall_east,py,0,25.000,28.267,400.000,5.425000 1.450000 0.000000,-1 0 0
zone_wall_east,ny,0,25.000,28.991,400.000,5.375000 -3.150000 0.000000,1 0 0
zone_wall_north,px,0,25.000,20.780,400.000,5.425000 1.425000 0.000000,0 1 0
zone_wall_north,nx,0,25.000,21.970,400.000,-1.075000 1.475000 0.000000,0 -1 0
zone_wall_north,py,0,144.773,26.406,400.000,5.425000 1.475000 0.000000,-1 0 0
zone_wall_north,py,1,372.718,24.554,400.000,5.425000 1.475000 0.000000,-1 0 0
zone_wall_north,py,2,636.298,29.185,400.000,5.425000 1.475000 0.000000,-1 0 0
zone_wall_north,py,3,924.697,26.566,400.000,5.425000 1.475000 0.000000,-1 0 0
zone_wall_north,py,4,1130.119,23.854,400.000,5.425000 1.475000 0.000000,-1 0 0
zone_wall_north,py,5,1348.000,20.949,400.000,5.425000 1.475000 0.000000,-1 0 0
zone_wall_north,py,6,1561.033,28.935,400.000,5.425000 1.475000 0.000000,-1 0 0
zone_wall_north,py,7,1828.573,27.024,400.000,5.425000 1.475000 0.000000,-1 0 0
zone_wall_north,py,8,2066.098,28.064,400.000,5.425000 1.475000 0.000000,-1 0 0
zone_wall_north,py,9,2286.490,21.348,400.000,5.425000 1.475000 0.000000,-1 0 0
zone_wall_north,py,10,2541.577,28.795,400.000,5.425000 1.475000 0.000000,-1 0 0
zone_wall_north,py,11,2792.732,28.743,400.000,5.425000 1.475000 0.000000,-1 0 0
zone_wall_north,py,12,3049.463,26.832,400.000,5.425000 1.475000 0.000000,-1 0 0
zone_wall_north,py,13,3330.947,27.873,400.000,5.425000 1.475000 0.000000,-1 0 0
zone_wall_north,py,14,3628.901,23.659,400.000,5.425000 1.475000 0.000000,-1 0 0
zone_wall_north,py,15,3908.417,21.606,400.000,5.425000 1.475000 0.000000,-1 0 0
zone_wall_north,py,16,4195.841,25.027,400.000,5.425000 1.475000 0.000000,-1 0 0
zone_wall_north,py,17,4397.817,20.692,400.000,5.425000 1.475000 0.000000,-1 0 0
zone_wall_north,py,18,4658.251,20.824,400.000,5.425000 1.475000 0.000000,-1 0 0
zone_wall_north,py,19,4899.713,24.367,400.000,5.425000 1.475000 0.000000,-1 0 0
zone_wall_north,py,20,5141.392,28.217,400.000,5.425000 1.475000 0.000000,-1 0 0
zone_wall_north,py,21,5423.882,20.804,400.000,5.425000 1.475000 0.000000,-1 0 0
zone_wall_north,py,22,5634.073,20.523,400.000,5.425000 1.475000 0.000000,-1 0 0
zone_wall_north,py,23,5924.851,29.149,400.000,5.425000 1.475000 0.000000,-1 0 0
zone_wall_north,py,24,6165.307,24.690,400.000,5.425000 1.475000 0.000000,-1 0 0
zone_wall_north,py,25,6386.540,25.950,400.000,5.425000 1.475000 0.000000,-1 0 0
zone_wall_north,ny,0,143.494,21.498,400.000,-1.075000 1.425000 0.000000,1 0 0
zone_wall_north,ny,1,417.771,28.209,400.000,-1.075000 1.425000 0.000000,1 0 0
zone_wall_north,ny,2,634.231,22.069,400.000,-1.075000 1.425000 0.000000,1 0 0
zone_wall_north,ny,3,856.121,26.577,400.000,-1.075000 1.425000 0.000000,1 0 0
zone_wall_north,ny,4,1059.346,22.034,400.000,-1.075000 1.425000 0.000000,1 0 0
zone_wall_north,ny,5,1282.147,22.901,400.000,-1.075000 1.425000 0.000000,1 0 0
zone_wall_north,ny,6,1493.848,23.715,400.000,-1.075000 1.425000 0.000000,1 0 0
zone_wall_north,ny,7,1712.713,27.582,400.000,-1.075000 1.425000 0.000000,1 0 0
zone_wall_north,ny,8,1947.436,20.559,400.000,-1.075000 1.425000 0.000000,1 0 0
zone_wall_north,ny,9,2222.353,26.944,400.000,-1.075000 1.425000 0.000000,1 0 0
zone_wall_north,ny,10,2424.408,26.597,400.000,-1.075000 1.425000 0.000000,1 0 0
zone_wall_north,ny,11,2647.533,24.370,400.000,-1.075000 1.425000 0.000000,1 0 0
zone_wall_north,ny,12,2920.083,29.495,400.000,-1.075000 1.425000 0.000000,1 0 0
zone_wall_north,ny,13,3200.884,23.812,400.000,-1.075000 1.425000 0.000000,1 0 0
zone_wall_north,ny,14,3412.214,25.710,400.000,-1.075000 1.425000 0.000000,1 0 0
zone_wall_north,ny,15,3696.515,21.513,400.000,-1.075000 1.425000 0.000000,1 0 0
zone_wall_north,ny,16,3942.611,23.691,400.000,-1.075000 1.425000 0.000000,1 0 0
zone_wall_north,ny,17,4172.965,26.475,400.000,-1.075000 1.425000 0.000000,1 0 0
zone_wall_north,ny,18,4449.120,24.151,400.000,-1.075000 1.425000 0.000000,1 0 0
zone_wall_north,ny,19,4673.144,24.128,400.000,-1.075000 1.425000 0.000000,1 0 0
zone_wall_north,ny,20,4931.780,23.094,400.000,-1.075000 1.425000 0.000000,1 0 0
zone_wall_north,ny,21,5140.160,26.116,400.000,-1.075000 1.425000 0.000000,1 0 0
zone_wall_north,ny,22,5373.606,23.357,400.000,-1.075000 1.425000 0.000000,1 0 0
zone_wall_north,ny,23,5604.751,26.711,400.000,-1.075000 1.425000 0.000000,1 0 0
zone_wall_north,ny,24,5852.541,22.807,400.000,-1.075000 1.425000 0.000000,1 0 0
zone_wall_north,ny,25,6096.545,22.603,400.000,-1.075000 1.425000 0.000000,1 0 0
zone_wall_north,ny,26,6296.881,20.572,400.000,-1.075000 1.425000 0.000000,1 0 0
zone_wall_south,px,0,25.000,29.766,400.000,5.425000 -3.175000 0.000000,0 1 0
zone_wall_south,nx,0,25.000,20.589,400.000,-1.075000 -3.125000 0.000000,0 -1 0
zone_wall_south,py,0,86.937,26.806,400.000,5.425000 -3.125000 0.000000,-1 0 0
zone_wall_south,py,1,325.821,24.424,400.000,5.425000 -3.125000 0.000000,-1 0 0
zone_wall_south,py,2,585.785,26.416,400.000,5.425000 -3.125000 0.000000,-1 0 0
zone_wall_south,py,3,820.824,29.436,400.000,5.425000 -3.125000 0.000000,-1 0 0
zone_wall_south,py,4,1070.497,21.679,400.000,5.425000 -3.125000 0.000000,-1 0 0
zone_wall_south,py,5,1340.455,25.359,400.000,5.425000 -3.125000 0.000000,-1 0 0
zone_wall_south,py,6,1625.556,28.778,400.000,5.425000 -3.125000 0.000000,-1 0 0
zone_wall_south,py,7,1880.624,24.738,400.000,5.425000 -3.125000 0.000000,-1 0 0
zone_wall_south,py,8,2106.993,24.616,400.000,5.425000 -3.125000 0.000000,-1 0 0
zone_wall_south,py,9,2387.335,22.200,400.000,5.425000 -3.125000 0.000000,-1 0 0
zone_wall_south,py,10,2596.694,22.516,400.000,5.425000 -3.125000 0.000000,-1 0 0
zone_wall_south,py,11,2845.105,26.590,400.000,5.425000 -3.125000 0.000000,-1 0 0
zone_wall_south,py,12,3122.617,25.635,400.000,5.425000 -3.125000 0.000000,-1 0 0
zone_wall_south,py,13,3410.326,24.843,400.000,5.425000 -3.125000 0.000000,-1 0 0
zone_wall_south,py,14,3612.537,20.809,400.000,5.425000 -3.125000 0.000000,-1 0 0
zone_wall_south,py,15,3886.976,28.019,400.000,5.425000 -3.125000 0.000000,-1 0 0
zone_wall_south,py,16,4185.600,29.047,400.000,5.425000 -3.125000 0.000000,-1 0 0
zone_wall_south,py,17,4476.952,26.830,400.000,5.425000 -3.125000 0.000000,-1 0 0
zone_wall_south,py,18,4715.755,21.100,400.000,5.425000 -3.125000 0.000000,-1 0 0
zone_wall_south,py,19,4972.085,26.422,400.000,5.425000 -3.125000 0.000000,-1 0 0
zone_wall_south,py,20,5190.053,29.124,400.000,5.425000 -3.125000 0.000000,-1 0 0
zone_wall_south,py,21,5435.272,23.309,400.000,5.425000 -3.125000 0.000000,-1 0 0
zone_wall_south,py,22,5667.520,24.305,400.000,5.425000 -3.125000 0.000000,-1 0 0
zone_wall_south,py,23,5894.159,26.457,400.000,5.425000 -3.125000 0.000000,-1 0 0
zone_wall_south,py,24,6102.242,20.354,400.000,5.425000 -3.125000 0.000000,-1 0 0
zone_wall_south,py,25,6368.136,26.947,400.000,5.425000 -3.125000 0.000000,-1 0 0
zone_wall_south,ny,0,83.458,28.648,400.000,-1.075000 -3.175000 0.000000,1 0 0
zone_wall_south,ny,1,372.245,23.243,400.000,-1.075000 -3.175000 0.000000,1 0 0
zone_wall_south,ny,2,612.154,26.144,400.000,-1.075000 -3.175000 0.000000,1 0 0
zone_wall_south,ny,3,814.198,21.802,400.000,-1.075000 -3.175000 0.000000,1 0 0
zone_wall_south,ny,4,1038.042,29.990,400.000,-1.075000 -3.175000 0.000000,1 0 0
zone_wall_south,ny,5,1299.362,22.923,400.000,-1.075000 -3.175000 0.000000,1 0 0
zone_wall_south,ny,6,1510.706,21.400,400.000,-1.075000 -3.175000 0.000000,1 0 0
zone_wall_south,ny,7,1801.095,23.741,400.000,-1.075000 -3.175000 0.000000,1 0 0
zone_wall_south,ny,8,2097.518,20.700,400.000,-1.075000 -3.175000 0.000000,1 0 0
zone_wall_south,ny,9,2299.601,21.884,400.000,-1.075000 -3.175000 0.000000,1 0 0
zone_wall_south,ny,10,2567.461,27.953,400.000,-1.075000 -3.175000 0.000000,1 0 0
zone_wall_south,ny,11,2817.647,25.540,400.000,-1.075000 -3.175000 0.000000,1 0 0
zone_wall_south,ny,12,3065.018,24.672,400.000,-1.075000 -3.175000 0.000000,1 0 0
zone_wall_south,ny,13,3309.041,24.226,400.000,-1.075000 -3.175000 0.000000,1 0 0
zone_wall_south,ny,14,3539.340,29.357,400.000,-1.075000 -3.175000 0.000000,1 0 0
zone_wall_south,ny,15,3739.522,22.407,400.000,-1.075000 -3.175000 0.000000,1 0 0
zone_wall_south,ny,16,4032.306,22.781,400.000,-1.075000 -3.175000 0.000000,1 0 0
zone_wall_south,ny,17,4243.461,21.022,400.000,-1.075000 -3.175000 0.000000,1 0 0
zone_wall_south,ny,18,4489.137,23.534,400.000,-1.075000 -3.175000 0.000000,1 0 0
zone_wall_south,ny,19,4776.237,29.168,400.000,-1.075000 -3.175000 0.000000,1 0 0
zone_wall_south,ny,20,5050.335,28.491,400.000,-1.075000 -3.175000 0.000000,1 0 0
zone_wall_south,ny,21,5343.118,25.877,400.000,-1.075000 -3.175000 0.000000,1 0 0
zone_wall_south,ny,22,5586.032,28.118,400.000,-1.075000 -3.175000 0.000000,1 0 0
zone_wall_south,ny,23,5858.265,23.332,400.000,-1.075000 -3.175000 0.000000,1 0 0
zone_wall_south,ny,24,6096.817,26.505,400.000,-1.075000 -3.175000 0.000000,1 0 0
zone_wall_south,ny,25,6351.812,24.267,400.000,-1.075000 -3.175000 0.000000,1 0 0
zone_wall_west,px,0,136.663,21.644,400.000,-1.025000 -3.150000 0.000000,0 1 0
zone_wall_west,px,1,401.159,27.497,400.000,-1.025000 -3.150000 0.000000,0 1 0
zone_wall_west,px,2,623.615,21.685,400.000,-1.025000 -3.150000 0.000000,0 1 0
zone_wall_west,px,3,826.817,26.815,400.000,-1.025000 -3.150000 0.000000,0 1 0
zone_wall_west,px,4,1044.678,27.726,400.000,-1.025000 -3.150000 0.000000,0 1 0
zone_wall_west,px,5,1324.474,26.147,400.000,-1.025000 -3.150000 0.000000,0 1 0
zone_wall_west,px,6,1532.549,23.047,400.000,-1.025000 -3.150000 0.000000,0 1 0
zone_wall_west,px,7,1820.791,28.677,400.000,-1.025000 -3.150000 0.000000,0 1 0
zone_wall_west,px,8,2066.435,26.485,400.000,-1.025000 -3.150000 0.000000,0 1 0
zone_wall_west,px,9,2337.263,29.830,400.000,-1.025000 -3.150000 0.000000,0 1 0
zone_wall_west,px,10,2541.463,26.364,400.000,-1.025000 -3.150000 0.000000,0 1 0
zone_wall_west,px,11,2822.033,29.833,400.000,-1.025000 -3.150000 0.000000,0 1 0
zone_wall_west,px,12,3121.124,25.625,400.000,-1.025000 -3.150000 0.000000,0 1 0
zone_wall_west,px,13,3393.027,25.638,400.000,-1.025000 -3.150000 0.000000,0 1 0
zone_wall_west,px,14,3684.979,25.395,400.000,-1.025000 -3.150000 0.000000,0 1 0
zone_wall_west,px,15,3929.632,21.435,400.000,-1.025000 -3.150000 0.000000,0 1 0
zone_wall_west,px,16,4175.841,23.110,400.000,-1.025000 -3.150000 0.000000,0 1 0
zone_wall_west,px,17,4413.368,27.632,400.000,-1.025000 -3.150000 0.000000,0 1 0
zone_wall_west,nx,0,89.893,25.769,400.000,-1.075000 1.450000 0.000000,0 -1 0
zone_wall_west,nx,1,333.814,23.791,400.000,-1.075000 1.450000 0.000000,0 -1 0
zone_wall_west,nx,2,553.398,21.338,400.000,-1.075000 1.450000 0.000000,0 -1 0
zone_wall_west,nx,3,769.797,25.633,400.000,-1.075000 1.450000 0.000000,0 -1 0
zone_wall_west,nx,4,1027.409,28.082,400.000,-1.075000 1.450000 0.000000,0 -1 0
zone_wall_west,nx,5,1236.433,24.162,400.000,-1.075000 1.450000 0.000000,0 -1 0
zone_wall_west,nx,6,1529.396,21.425,400.000,-1.075000 1.450000 0.000000,0 -1 0
zone_wall_west,nx,7,1765.976,23.330,400.000,-1.075000 1.450000 0.000000,0 -1 0
zone_wall_west,nx,8,2031.529,21.572,400.000,-1.075000 1.450000 0.000000,0 -1 0
zone_wall_west,nx,9,2240.720,23.610,400.000,-1.075000 1.450000 0.000000,0 -1 0
zone_wall_west,nx,10,2522.113,27.343,400.000,-1.075000 1.450000 0.000000,0 -1 0
zone_wall_west,nx,11,2756.231,29.375,400.000,-1.075000 1.450000 0.000000,0 -1 0
zone_wall_west,nx,12,2977.522,20.107,400.000,-1.075000 1.450000 0.000000,0 -1 0
zone_wall_west,nx,13,3198.229,25.061,400.000,-1.075000 1.450000 0.000000,0 -1 0
zone_wall_west,nx,14,3464.726,22.414,400.000,-1.075000 1.450000 0.000000,0 -1 0
zone_wall_west,nx,15,3676.947,25.454,400.000,-1.075000 1.450000 0.000000,0 -1 0
zone_wall_west,nx,16,3951.824,23.937,400.000,-1.075000 1.450000 0.000000,0 -1 0
zone_wall_west,nx,17,4192.145,28.832,400.000,-1.075000 1.450000 0.000000,0 -1 0
zone_wall_west,nx,18,4438.455,29.020,400.000,-1.075000 1.450000 0.000000,0 -1 0
zone_wall_west,py,0,25.000,20.313,400.000,-1.025000 1.450000 0.000000,-1 0 0
zone_wall_west,ny,0,25.000,26.721,400.000,-1.075000 -3.150000 0.000000,1 0 0
