seq,win_s,n_all,n_moving,gt_path_med_m,gt_net_med_m,gpk_valid_med,gpk_pos_med_m,gpk_pos_p90_m,gpk_yaw_med_deg,gpo_pos_med_m,gpo_pos_p90_m,gpo_yaw_med_deg,ipm_pos_med_m,ipm_pos_p90_m,ipm_yaw_med_deg,cmd_pos_med_m,cmd_pos_p90_m,cmd_yaw_med_deg,zero_pos_med_m,zero_pos_p90_m,zero_yaw_med_deg
m1_s101,5,545,71,0.433,0.433,1.0,0.231,0.387,5.98,0.182,0.311,7.51,0.396,0.59,11.36,0.027,0.063,2.03,0.433,0.604,1.34
m1_s101,10,540,42,0.867,0.867,0.94,0.413,0.692,14.05,0.382,0.55,17.32,0.855,0.96,23.93,0.054,0.072,4.1,0.867,1.213,2.5
m1_s101,30,520,0,,,,,,,,,,,,,,,,,,
v88_r1,5,365,94,0.099,0.086,1.0,0.037,0.066,0.7,0.021,0.041,0.37,0.042,0.087,1.24,0.016,0.041,0.0,0.086,0.18,0.0
v88_r1,10,360,98,0.201,0.129,1.0,0.049,0.097,1.07,0.033,0.059,0.72,0.07,0.134,1.64,0.024,0.06,0.0,0.129,0.254,0.0
v88_r1,30,340,111,0.533,0.112,1.0,0.045,0.097,0.84,0.043,0.083,1.09,0.14,0.196,2.37,0.026,0.055,0.0,0.112,0.259,0.01
v92_r1,5,715,127,0.104,0.086,0.08,0.083,0.216,0.04,0.086,0.219,0.02,0.086,0.219,0.02,0.018,0.054,0.04,0.086,0.219,0.02
v92_r1,10,710,136,0.203,0.135,0.1,0.121,0.276,0.28,0.135,0.33,0.03,0.135,0.33,0.03,0.026,0.089,0.08,0.135,0.33,0.03
v92_r1,30,690,149,0.591,0.11,0.21,0.108,0.305,0.71,0.11,0.327,0.09,0.11,0.327,0.09,0.028,0.083,0.17,0.11,0.327,0.09
v92_r2,5,715,127,0.104,0.086,0.0,0.085,0.214,0.03,0.086,0.219,0.02,0.086,0.219,0.02,0.018,0.054,0.04,0.086,0.219,0.02
v92_r2,10,710,136,0.203,0.135,0.0,0.13,0.277,0.36,0.135,0.33,0.04,0.135,0.33,0.04,0.026,0.089,0.08,0.135,0.33,0.04
v92_r2,30,690,149,0.591,0.11,0.11,0.116,0.304,0.98,0.11,0.326,0.09,0.11,0.326,0.09,0.028,0.084,0.17,0.11,0.326,0.09
