seq,cls,n,method,ok_rate,gt_tr_med_mm,gt_rot_med_deg,err_t_med_mm,err_t_p90_mm,rel_t_med,err_rot_med_deg,err_rot_p90_deg,e_tdir_med_deg
v88_r1,static,571,gpk,0.937,0.0,0.0,0.0,0.06,,0.0,0.001,
v88_r1,static,571,gpo,0.937,0.0,0.0,0.0,0.21,,0.0,0.005,
v88_r1,static,571,ipm,0.809,0.0,0.0,0.0,0.07,,0.0,0.001,
v88_r1,static,571,cmd,1.0,0.0,0.0,0.0,0.01,,0.0,0.0,
v88_r1,static,571,essential,0.002,,,,,,0.241,0.241,
v88_r1,translation,442,gpk,1.0,4.74,0.0,1.84,3.18,0.399,0.043,0.089,
v88_r1,translation,442,gpo,1.0,4.74,0.0,2.36,6.12,0.542,0.055,0.19,
v88_r1,translation,442,ipm,1.0,4.74,0.0,2.04,6.4,0.455,0.068,0.31,
v88_r1,translation,442,cmd,1.0,4.74,0.0,0.74,1.88,0.156,0.0,0.008,
v88_r1,translation,442,essential,0.124,,,,,,0.585,1.663,68.9
v88_r1,rotation,268,gpk,1.0,0.05,0.231,1.64,3.17,,0.103,0.171,
v88_r1,rotation,268,gpo,1.0,0.05,0.231,3.69,7.44,,0.112,0.237,
v88_r1,rotation,268,ipm,1.0,0.05,0.231,2.92,6.21,,0.119,0.328,
v88_r1,rotation,268,cmd,1.0,0.05,0.231,0.0,0.01,,0.007,0.047,
v88_r1,rotation,268,essential,0.146,,,,,,0.157,1.815,
v88_r1,mixed_small,396,gpk,1.0,0.87,0.01,0.82,1.96,,0.027,0.091,
v88_r1,mixed_small,396,gpo,1.0,0.87,0.01,1.44,3.51,,0.035,0.112,
v88_r1,mixed_small,396,ipm,1.0,0.87,0.01,2.59,6.04,,0.11,0.281,
v88_r1,mixed_small,396,cmd,1.0,0.87,0.01,0.5,2.54,,0.002,0.041,
v88_r1,mixed_small,396,essential,0.025,,,,,,0.874,1.017,
v88_r1,arm_moving,173,gpk,0.665,0.0,0.0,0.03,2.16,,0.001,0.301,
v88_r1,arm_moving,173,gpo,0.775,0.0,0.0,0.35,16.15,,0.006,0.78,
v88_r1,arm_moving,173,ipm,0.0,0.0,0.0,,,,,,
v88_r1,arm_moving,173,cmd,1.0,0.0,0.0,0.0,0.36,,0.0,0.008,
v88_r1,arm_moving,173,essential,0.006,,,,,,1.262,1.262,
v92_r1,static,2340,gpk,0.174,0.01,0.001,0.01,0.16,,0.002,0.015,
v92_r1,static,2340,gpo,0.0,0.01,0.001,,,,,,
v92_r1,static,2340,ipm,0.0,0.01,0.001,,,,,,
v92_r1,static,2340,cmd,1.0,0.01,0.001,0.03,0.54,,0.002,0.174,
v92_r1,static,2340,essential,0.001,,,,,,1.267,2.167,
v92_r1,translation,496,gpk,0.167,5.88,0.001,3.93,7.01,0.646,0.339,0.84,
v92_r1,translation,496,gpo,0.0,5.88,0.001,,,,,,
v92_r1,translation,496,ipm,0.0,5.88,0.001,,,,,,
v92_r1,translation,496,cmd,1.0,5.88,0.001,1.06,2.79,0.18,0.001,0.03,
v92_r1,translation,496,essential,0.034,,,,,,2.783,6.682,7.4
v92_r1,rotation,100,gpk,0.02,1.68,0.205,0.63,0.75,,0.038,0.048,
v92_r1,rotation,100,gpo,0.0,1.68,0.205,,,,,,
v92_r1,rotation,100,ipm,0.0,1.68,0.205,,,,,,
v92_r1,rotation,100,cmd,1.0,1.68,0.205,0.0,0.28,,0.094,0.13,
v92_r1,rotation,100,essential,0.0,,,,,,,,
v92_r1,rot+trans,94,gpk,0.362,3.43,0.416,1.48,1.85,0.433,0.109,0.174,
v92_r1,rot+trans,94,gpo,0.0,3.43,0.416,,,,,,
v92_r1,rot+trans,94,ipm,0.0,3.43,0.416,,,,,,
v92_r1,rot+trans,94,cmd,1.0,3.43,0.416,0.73,0.73,0.212,0.062,0.097,
v92_r1,rot+trans,94,essential,0.032,,,,,,1.06,1.642,
v92_r1,mixed_small,498,gpk,0.072,0.58,0.002,0.27,1.56,,0.016,0.077,
v92_r1,mixed_small,498,gpo,0.0,0.58,0.002,,,,,,
v92_r1,mixed_small,498,ipm,0.0,0.58,0.002,,,,,,
v92_r1,mixed_small,498,cmd,1.0,0.58,0.002,0.59,1.68,,0.011,0.134,
v92_r1,mixed_small,498,essential,0.002,,,,,,0.599,0.599,
v92_r1,arm_moving,72,gpk,0.097,0.42,0.003,3.24,9.58,,0.055,0.405,
v92_r1,arm_moving,72,gpo,0.0,0.42,0.003,,,,,,
v92_r1,arm_moving,72,ipm,0.0,0.42,0.003,,,,,,
v92_r1,arm_moving,72,cmd,1.0,0.42,0.003,0.42,2.05,,0.003,0.234,
v92_r1,arm_moving,72,essential,0.0,,,,,,,,
v92_r2,static,2335,gpk,0.006,0.01,0.001,0.12,0.99,,0.026,0.188,
v92_r2,static,2335,gpo,0.0,0.01,0.001,,,,,,
v92_r2,static,2335,ipm,0.0,0.01,0.001,,,,,,
v92_r2,static,2335,cmd,1.0,0.01,0.001,0.04,0.54,,0.002,0.174,
v92_r2,static,2335,essential,0.0,,,,,,,,
v92_r2,translation,496,gpk,0.165,5.88,0.001,6.27,10.81,1.009,0.251,0.939,
v92_r2,translation,496,gpo,0.0,5.88,0.001,,,,,,
v92_r2,translation,496,ipm,0.0,5.88,0.001,,,,,,
v92_r2,translation,496,cmd,1.0,5.88,0.001,1.06,2.79,0.18,0.001,0.03,
v92_r2,translation,496,essential,0.02,,,,,,5.914,14.858,104.5
v92_r2,rotation,101,gpk,0.0,1.68,0.205,,,,,,
v92_r2,rotation,101,gpo,0.0,1.68,0.205,,,,,,
v92_r2,rotation,101,ipm,0.0,1.68,0.205,,,,,,
v92_r2,rotation,101,cmd,1.0,1.68,0.205,0.0,0.27,,0.094,0.142,
v92_r2,rotation,101,essential,0.0,,,,,,,,
v92_r2,rot+trans,94,gpk,0.0,3.43,0.416,,,,,,
v92_r2,rot+trans,94,gpo,0.0,3.43,0.416,,,,,,
v92_r2,rot+trans,94,ipm,0.0,3.43,0.416,,,,,,
v92_r2,rot+trans,94,cmd,1.0,3.43,0.416,0.73,0.73,0.212,0.062,0.097,
v92_r2,rot+trans,94,essential,0.0,,,,,,,,
v92_r2,mixed_small,502,gpk,0.01,0.58,0.002,2.27,3.4,,0.273,0.465,
v92_r2,mixed_small,502,gpo,0.0,0.58,0.002,,,,,,
v92_r2,mixed_small,502,ipm,0.0,0.58,0.002,,,,,,
v92_r2,mixed_small,502,cmd,1.0,0.58,0.002,0.59,1.66,,0.011,0.139,
v92_r2,mixed_small,502,essential,0.002,,,,,,2.856,2.856,
v92_r2,arm_moving,72,gpk,0.0,0.42,0.003,,,,,,
v92_r2,arm_moving,72,gpo,0.014,0.42,0.003,37.55,37.55,,4.059,4.059,
v92_r2,arm_moving,72,ipm,0.0,0.42,0.003,,,,,,
v92_r2,arm_moving,72,cmd,1.0,0.42,0.003,0.42,2.06,,0.003,0.235,
v92_r2,arm_moving,72,essential,0.0,,,,,,,,
m1_s101,static,40,gpk,0.775,0.0,0.0,0.0,0.08,,0.0,0.004,
m1_s101,static,40,gpo,1.0,0.0,0.0,0.0,0.04,,0.0,0.001,
m1_s101,static,40,ipm,0.825,0.0,0.0,0.0,0.04,,0.0,0.0,
m1_s101,static,40,cmd,1.0,0.0,0.0,0.0,0.04,,0.0,0.0,
m1_s101,static,40,essential,0.025,,,,,,0.105,0.105,
m1_s101,translation,489,gpk,0.791,16.2,0.018,12.19,22.45,0.915,0.275,0.967,
m1_s101,translation,489,gpo,0.894,16.2,0.018,9.66,22.9,0.718,0.254,0.856,
m1_s101,translation,489,ipm,0.93,16.2,0.018,14.86,23.43,0.991,0.41,1.709,
m1_s101,translation,489,cmd,1.0,16.2,0.018,1.63,5.75,0.12,0.03,0.088,
m1_s101,translation,489,essential,0.321,,,,,,1.295,6.439,33.1
m1_s101,rotation,8,gpk,1.0,0.59,0.205,0.59,1.1,,0.031,0.037,
m1_s101,rotation,8,gpo,1.0,0.59,0.205,1.01,2.57,,0.034,0.076,
m1_s101,rotation,8,ipm,0.625,0.59,0.205,0.75,4.31,,0.062,0.204,
m1_s101,rotation,8,cmd,1.0,0.59,0.205,0.7,5.49,,0.107,0.374,
m1_s101,rotation,8,essential,0.375,,,,,,13.983,43.514,
m1_s101,rot+trans,58,gpk,0.845,15.75,0.134,4.55,10.52,0.333,0.231,0.534,
m1_s101,rot+trans,58,gpo,1.0,15.75,0.134,5.12,8.42,0.414,0.223,0.513,
m1_s101,rot+trans,58,ipm,0.948,15.75,0.134,8.14,103.29,0.722,0.538,6.205,
m1_s101,rot+trans,58,cmd,1.0,15.75,0.134,2.67,7.41,0.225,0.08,0.094,
m1_s101,rot+trans,58,essential,0.5,,,,,,0.494,2.644,
m1_s101,mixed_small,240,gpk,0.792,17.32,0.064,9.96,17.65,,0.298,0.639,
m1_s101,mixed_small,240,gpo,1.0,17.32,0.064,8.51,19.62,,0.276,0.772,
m1_s101,mixed_small,240,ipm,0.85,17.32,0.064,15.01,21.0,,0.489,0.776,
m1_s101,mixed_small,240,cmd,1.0,17.32,0.064,0.87,4.64,,0.083,0.092,
m1_s101,mixed_small,240,essential,0.35,,,,,,1.244,4.442,
m1_s101,arm_moving,1912,gpk,0.39,0.03,0.0,0.6,11.74,,0.018,0.71,
m1_s101,arm_moving,1912,gpo,0.595,0.03,0.0,2.06,43.2,,0.115,3.57,
m1_s101,arm_moving,1912,ipm,0.0,0.03,0.0,,,,,,
m1_s101,arm_moving,1912,cmd,1.0,0.03,0.0,0.04,0.55,,0.0,0.99,
m1_s101,arm_moving,1912,essential,0.061,,,,,,1.357,5.037,
