scenario,start,seed,condition,status,time_s,distance_m,coverage,collisions,wrong_door_attempts,false_candidate_passage_attempts,door_attempts
s1,M,7701,static_map,B_confirmed,122.0,3.47825497011558,0.6479166666666667,0,0,0,3
s1,M,7701,own_frontier,B_confirmed,182.0,3.949701343146313,0.8045138888888889,1,0,0,3
s1,M,7702,static_map,B_confirmed,122.0,3.47825497011558,0.6479166666666667,0,0,0,3
s1,M,7702,own_frontier,B_confirmed,182.0,3.949701343146313,0.8045138888888889,1,0,0,3
s1,N,7701,static_map,B_confirmed,152.0,4.358642114255342,0.7201388888888889,0,0,0,3
s1,N,7701,own_frontier,B_confirmed,206.0,4.640014603926453,0.9038194444444444,0,0,0,3
s1,N,7702,static_map,B_confirmed,152.0,4.358642114255342,0.7201388888888889,0,0,0,3
s1,N,7702,own_frontier,B_confirmed,206.0,4.640014603926453,0.9038194444444444,0,0,0,3
s2,M,7701,static_map,B_confirmed,167.0,4.753097922032132,0.5604586518415566,0,0,0,3
s2,M,7701,own_frontier,B_confirmed,206.0,5.033269411301107,0.6980542043085476,0,0,0,3
s2,M,7702,static_map,B_confirmed,167.0,4.753097922032132,0.5604586518415566,0,0,0,3
s2,M,7702,own_frontier,B_confirmed,206.0,5.033269411301107,0.6980542043085476,0,0,0,3
s2,N,7701,static_map,B_confirmed,50.0,1.3767958758137842,0.2550382209867964,0,0,0,0
s2,N,7701,own_frontier,B_confirmed,50.0,1.376784021362989,0.2546907574704656,0,0,0,0
s2,N,7702,static_map,B_confirmed,50.0,1.3767958758137842,0.2550382209867964,0,0,0,0
s2,N,7702,own_frontier,B_confirmed,50.0,1.376784021362989,0.2546907574704656,0,0,0,0
s3,M,7701,static_map,B_confirmed,113.0,3.22960063629535,0.6368055555555555,0,0,0,0
s3,M,7701,own_frontier,B_confirmed,197.0,4.356452001073045,0.6388888888888888,0,0,0,0
s3,M,7702,static_map,B_confirmed,113.0,3.22960063629535,0.6368055555555555,0,0,0,0
s3,M,7702,own_frontier,B_confirmed,197.0,4.356452001073045,0.6388888888888888,0,0,0,0
s3,N,7701,static_map,B_confirmed,104.0,2.965194545023927,0.5232638888888889,0,0,0,0
s3,N,7701,own_frontier,B_confirmed,131.0,3.259245989234024,0.5680555555555555,0,0,0,0
s3,N,7702,static_map,B_confirmed,104.0,2.965194545023927,0.5232638888888889,0,0,0,0
s3,N,7702,own_frontier,B_confirmed,131.0,3.259245989234024,0.5680555555555555,0,0,0,0
s4,M,7701,static_map,B_confirmed,251.0,7.265916019369072,0.627348643006263,0,0,0,3
s4,M,7701,own_frontier,exploration_finished,167.0,3.983413908661096,0.49478079331941544,0,0,0,0
s4,M,7702,static_map,B_confirmed,251.0,7.265916019369072,0.627348643006263,0,0,0,3
s4,M,7702,own_frontier,exploration_finished,167.0,3.983413908661096,0.49478079331941544,0,0,0,0
s4,N,7701,static_map,B_confirmed,191.0,5.503822444657643,0.48086290883785665,0,0,7,3
s4,N,7701,own_frontier,exploration_finished,179.0,3.919435612808157,0.5567153792623522,0,0,0,0
s4,N,7702,static_map,B_confirmed,191.0,5.503822444657643,0.48086290883785665,0,0,7,3
s4,N,7702,own_frontier,exploration_finished,179.0,3.919435612808157,0.5567153792623522,0,0,0,0
s5,M,7701,static_map,B_confirmed,104.0,2.9651126367667615,0.5208333333333334,0,0,0,0
s5,M,7701,own_frontier,B_confirmed,137.0,3.5691638023782377,0.6572916666666667,2,1,3,4
s5,M,7702,static_map,B_confirmed,104.0,2.9651126367667615,0.5208333333333334,0,0,0,0
s5,M,7702,own_frontier,B_confirmed,137.0,3.5691638023782377,0.6572916666666667,2,1,3,4
s5,N,7701,static_map,B_confirmed,101.0,2.8771346840343197,0.5548611111111111,0,0,0,0
s5,N,7701,own_frontier,B_confirmed,110.0,3.0163982486595473,0.6743055555555556,0,0,0,0
s5,N,7702,static_map,B_confirmed,101.0,2.8771346840343197,0.5548611111111111,0,0,0,0
s5,N,7702,own_frontier,B_confirmed,110.0,3.0163982486595473,0.6743055555555556,0,0,0,0
s6,M,7701,static_map,B_confirmed,74.0,2.082760174221979,0.31851337269885377,0,0,0,0
s6,M,7701,own_frontier,B_confirmed,152.0,3.9841453389151633,0.694338311913859,0,0,0,4
s6,M,7702,static_map,B_confirmed,74.0,2.082760174221979,0.31851337269885377,0,0,0,0
s6,M,7702,own_frontier,B_confirmed,152.0,3.9841453389151633,0.694338311913859,0,0,0,4
s6,N,7701,static_map,B_confirmed,59.0,1.6416704101751673,0.3150399444251476,0,0,0,0
s6,N,7701,own_frontier,B_confirmed,122.0,2.5683938246139357,0.5682528655783258,0,0,0,0
s6,N,7702,static_map,B_confirmed,59.0,1.6416704101751673,0.3150399444251476,0,0,0,0
s6,N,7702,own_frontier,B_confirmed,122.0,2.5683938246139357,0.5682528655783258,0,0,0,0
s7,M,7701,static_map,B_confirmed,98.0,2.7718628572140784,0.4516468114926419,0,0,0,0
s7,M,7701,own_frontier,B_confirmed,125.0,2.9535254990907474,0.4940434477925718,0,0,0,0
s7,M,7702,static_map,B_confirmed,98.0,2.7718628572140784,0.4516468114926419,0,0,0,0
s7,M,7702,own_frontier,B_confirmed,125.0,2.9535254990907474,0.4940434477925718,0,0,0,0
s7,N,7701,static_map,B_confirmed,104.0,2.9650146072372894,0.5858444288717589,0,0,0,0
s7,N,7701,own_frontier,B_confirmed,233.0,5.313126337645926,0.7445690259285214,0,0,0,3
s7,N,7702,static_map,B_confirmed,104.0,2.9650146072372894,0.5858444288717589,0,0,0,0
s7,N,7702,own_frontier,B_confirmed,233.0,5.313126337645926,0.7445690259285214,0,0,0,3
s8,M,7701,static_map,B_confirmed,53.0,1.4650855351217669,0.22187171398527866,0,0,0,0
s8,M,7701,own_frontier,B_confirmed,125.0,2.6576110979776635,0.5818436733263231,0,0,0,0
s8,M,7702,static_map,B_confirmed,53.0,1.4650855351217669,0.22187171398527866,0,0,0,0
s8,M,7702,own_frontier,B_confirmed,125.0,2.6576110979776635,0.5818436733263231,0,0,0,0
s8,N,7701,static_map,B_confirmed,125.0,3.5660846288531047,0.7048720644935156,0,0,0,3
s8,N,7701,own_frontier,B_confirmed,152.0,3.4509833451496363,0.8429723098492815,0,0,1,1
s8,N,7702,static_map,B_confirmed,125.0,3.5660846288531047,0.7048720644935156,0,0,0,3
s8,N,7702,own_frontier,B_confirmed,152.0,3.4509833451496363,0.8429723098492815,0,0,1,1
