case,seed,class,sim_stop_s,stage_sim_s,chain_sim_s,wall_s,cmd_r1,cmd_r2,cmd_pair,end_err_L0_m,end_err_L1_m,yaw_drift_L0_deg,yaw_drift_L1_deg,max_tilt_deg,max_pen_m,contact_episodes,sigma_yaw_max_rad,sigma_yaw_gate_margin_rad,grasp_events_r1,localizer_resets,sigma_2sigma_misses
C01,941,PASS_CLEAN,60.30000000019691,54.7,54.2000000001952,210.03,1091,1090,2181,0.03865604872401512,0.046412449905057974,1.331500729574992,1.3511740461756017,0.018267178106114213,0.0,0,0.0518,0.0005598775598298841,1,0,
C02,941,PASS_CLEAN,60.30000000019691,54.7,54.2000000001952,213.84,1091,1090,2181,0.04875902702711848,0.04613130746249565,2.873468955723398,2.99356499060387,0.019745394064544675,0.0,0,0.05166,0.0006998775598298854,1,0,
C03,941,PASS_CLEAN,60.30000000019691,54.7,54.2000000001952,213.92,1091,1090,2181,0.03396742961639228,0.04230619511879794,-0.27248167831073633,-0.18065133745050901,0.0184765482837224,0.0,0,0.04999,0.0023698775598298832,1,0,
C04,941,PASS_CLEAN,58.40000000018784,52.8,52.30000000018613,208.18,1072,1071,2143,0.053657390430833105,0.047489243757048036,-1.0487895468761554,-0.9719273512540236,0.018841959350746756,0.0,0,0.05084,0.0015198775598298797,1,0,
C05,941,PASS_CLEAN,62.30000000020646,56.7,56.20000000020475,286.64,1111,1110,2221,0.05547711809208425,0.06215776312027765,0.8082676125181851,2.413838285011172,0.017672896875092263,0.0,0,0.05098,0.0013798775598298854,1,0,
C06,941,PASS_CLEAN,60.30000000019691,54.7,54.2000000001952,280.34,1091,1090,2181,0.02572695802916597,0.022708115188152717,0.3296322121806552,0.4267824896488837,0.018393649184549533,0.0,0,0.05053,0.0018298775598298844,1,0,
C07,941,PASS_CLEAN,62.30000000020646,56.7,56.20000000020475,290.19,1111,1110,2221,0.027798697288652776,0.031232742460436943,-2.6146435868227487,-2.7867222654037715,0.01718998074680455,0.0,0,0.05151,0.0008498775598298827,1,0,
C08,941,PASS_CLEAN,60.30000000019691,54.7,54.2000000001952,284.23,1091,1090,2181,0.03279679991466154,0.022836537580692474,-1.0816147389224726,-1.021500274492164,0.018570407070342153,0.0,0,0.05155,0.0008098775598298844,1,0,
C09,941,PASS_CLEAN,60.30000000019691,54.7,54.2000000001952,307.92,1091,1090,2181,0.04362410250094974,0.040723849727487535,-1.2267116986093418,-1.2447696998814155,0.018258425269846255,0.0,0,0.05135,0.0010098775598298831,1,0,
C10,941,PASS_CLEAN,60.30000000019691,54.7,54.2000000001952,315.46,1091,1090,2181,0.04281622234271713,0.03483885177811394,0.03347231209321222,0.08111217593043842,0.018668953154819232,0.0,0,0.0508,0.001559877559829885,1,0,
C11,941,PASS_CLEAN,62.30000000020646,56.7,56.20000000020475,319.29,1111,1110,2221,0.02262716502603313,0.03197103271215869,-4.94017298370693,-4.911400642024467,0.018046378213400154,0.0,0,0.05162,0.0007398775598298837,1,0,
C12,941,PASS_CLEAN,60.30000000019691,54.7,54.2000000001952,300.35,1091,1090,2181,0.07159286118431221,0.07287242622401308,1.9136024867284016,2.551554056342311,0.018073115869507043,0.0,0,0.05136,0.00099987755982988,1,0,
C13,941,PASS_CLEAN,58.40000000018784,52.8,52.30000000018613,393.38,1072,1071,2143,0.05993898215598566,0.05117811013945113,-1.0582186228858461,-1.046800009765121,0.018105654266784742,0.0,0,0.05124,0.0011198775598298821,1,0,
C14,941,PASS_CLEAN,58.40000000018784,52.8,52.30000000018613,392.18,1072,1071,2143,0.059394119774646384,0.07886867457400719,0.2791597069756952,1.6443796613630515,0.017931917110542175,0.0,0,0.05157,0.0007898775598298852,1,0,
C15,941,PASS_CLEAN,60.30000000019691,54.7,54.2000000001952,417.17,1091,1090,2181,0.016315429595390018,0.012671413746518666,-2.9639850032856154,-2.961556694314516,0.017908454164038197,0.0,0,0.05162,0.0007398775598298837,1,0,
C16,941,PASS_CLEAN,60.30000000019691,54.7,54.2000000001952,416.64,1091,1090,2181,0.07024953324100845,0.06785873718057554,-0.9938929863708281,-0.3329524440237008,0.017912729940760305,0.0,0,0.05127,0.0010898775598298799,1,0,
C17,941,PASS_CLEAN,60.30000000019691,54.7,54.2000000001952,518.89,1091,1090,2181,0.020474036461773527,0.027436830279432386,-0.10728722803674139,-0.11298474228931268,0.018301417777258883,0.0,0,0.05083,0.0015298775598298828,1,0,
C18,941,PASS_CLEAN,60.30000000019691,54.7,54.2000000001952,513.44,1091,1090,2181,0.034951643945245095,0.03696328751097669,-0.4636061661155172,-0.40286229238014204,0.018591948336090337,0.0,0,0.05032,0.0020398775598298863,1,0,
C19,941,PASS_CLEAN,60.30000000019691,54.7,54.2000000001952,499.75,1091,1090,2181,0.018606411079251848,0.028027105902689836,0.02380072677278646,0.07346011164391959,0.01839337243048783,0.0,0,0.05068,0.0016798775598298801,1,0,
C20,941,PASS_CLEAN,60.30000000019691,54.7,54.2000000001952,490.68,1091,1090,2181,0.021855299655606675,0.011671562494888833,0.257283789681453,0.35662680909819633,0.018644996340427343,0.0,0,0.05172,0.0006398775598298809,1,0,
C21,941,PASS_CLEAN,60.30000000019691,54.7,54.2000000001952,272.17,1091,1090,2181,0.02677126329923096,0.028466771455555557,-3.5874143323118686,-3.571215239370303,0.017807373104158336,0.0,0,0.05056,0.0017998775598298822,1,0,
C22,941,PASS_CLEAN,60.30000000019691,54.7,54.2000000001952,268.1,1091,1090,2181,0.05980795556382845,0.054113001497670336,-0.5499349441960627,-1.2793080186422063,0.019181363490405095,0.0,0,0.0502,0.0021598775598298814,1,0,
C23,941,PASS_CLEAN,58.40000000018784,52.8,52.30000000018613,259.33,1072,1071,2143,0.0649948908981134,0.06343493296085422,1.4616080475883066,3.114873374708924,0.018152887778975252,0.0,0,0.05136,0.00099987755982988,1,0,
C24,941,PASS_CLEAN,60.30000000019691,54.7,54.2000000001952,266.69,1091,1090,2181,0.05319385814365883,0.05304790897096546,1.8195473723802875,2.33655442257709,0.018375933202481175,0.0,0,0.05138,0.000979877559829881,1,0,
C25,941,PASS_CLEAN,58.40000000018784,52.8,52.30000000018613,940.56,1072,1071,2143,0.04201278354842666,0.03412050061784157,-0.7911876861397262,-0.8565899280568962,0.01880833242101531,0.0,0,0.05094,0.0014198775598298838,1,0,
C26,941,PASS_CLEAN,60.30000000019691,54.7,54.2000000001952,1006.32,1091,1090,2181,0.02448431058924657,0.016538458799832643,-4.554178686093661,-4.527084734194784,0.017380009167501397,0.0,0,0.05159,0.000769877559829886,1,0,
C27,941,PASS_CLEAN,62.30000000020646,56.7,56.20000000020475,1028.53,1111,1110,2221,0.045531192584936986,0.06921082346917562,0.5808868664551352,1.2380041453748798,0.017971196098207916,0.0,0,0.05162,0.0007398775598298837,1,0,
C28,941,PASS_CLEAN,60.30000000019691,54.7,54.2000000001952,1014.01,1091,1090,2181,0.05264506223184743,0.049941233579277454,-1.1661389585738133,-1.9764826466535965,0.019377953160711756,0.0,0,0.05124,0.0011198775598298821,1,0,
C29,941,PASS_CLEAN,58.40000000018784,52.8,52.30000000018613,544.38,1072,1071,2143,0.05309505299838877,0.06865687711845124,-5.823806651288931,-5.814146213633942,0.01819236144979229,0.0,0,0.05039,0.0019698775598298857,1,0,L0/r2/y;L0/r2/yaw
C30,941,PASS_CLEAN,58.40000000018784,52.8,52.30000000018613,500.63,1072,1071,2143,0.061216217215932484,0.0691739432162528,0.07390845332443642,0.18892929479831352,0.018800582151960298,0.0,0,0.05134,0.0010198775598298862,1,0,
C31,941,PASS_CLEAN,62.30000000020646,56.7,56.20000000020475,499.24,1111,1110,2221,0.03226344747322169,0.06089016294052102,0.8619909989476001,1.0286237168160737,0.018283733047377394,0.0,0,0.05213,0.00022987755982988023,1,0,
C32,941,PASS_CLEAN,60.30000000019691,54.7,54.2000000001952,492.83,1091,1090,2181,0.03054800336543588,0.026549386098715533,0.009480245709354325,0.021501272527741377,0.018440689399173992,0.0,0,0.05202,0.00033987755982988616,1,0,
C33,941,PASS_CLEAN,60.30000000019691,54.7,54.2000000001952,314.61,1091,1090,2181,0.03089415331659373,0.03608895832884849,0.07231056975117671,0.16891338234663222,0.018270849423621456,0.0,0,0.05095,0.0014098775598298807,1,0,
C34,941,PASS_CLEAN,60.30000000019691,54.7,54.2000000001952,306.57,1091,1090,2181,0.021869481769825082,0.06436502194970561,0.48308371454432864,0.6427309063612089,0.01840834297299731,0.0,0,0.05162,0.0007398775598298837,1,0,
C35,941,PASS_CLEAN,60.30000000019691,54.7,54.2000000001952,311.57,1091,1090,2181,0.02979000268675292,0.03863700453039526,0.03634382914840807,0.02765861776473319,0.01910626562855184,0.0,0,0.05112,0.0012398775598298842,1,0,
C36,941,PASS_CLEAN,60.30000000019691,54.7,54.2000000001952,305.86,1091,1090,2181,0.033900702089690676,0.03797332821279317,-3.281284601220646,-3.2525122122205117,0.017449824137617264,0.0,0,0.05157,0.0007898775598298852,1,0,
C37,941,PASS_CLEAN,58.40000000018784,52.8,52.30000000018613,253.12,1072,1071,2143,0.05907938337340996,0.07130516564880124,0.2753893630880711,0.7007299467067716,0.018204554909217907,0.0,0,0.05157,0.0007898775598298852,1,0,
C38,941,PASS_CLEAN,62.30000000020646,56.7,56.20000000020475,257.65,1111,1110,2221,0.055376684419523016,0.06832462924294705,-2.0120349479228525,-2.192467762867847,0.017676272134926473,0.0,0,0.05064,0.0017198775598298854,1,0,
C39,941,PASS_CLEAN,60.30000000019691,54.7,54.2000000001952,252.21,1091,1090,2181,0.009117391852584266,0.007872147898893104,-1.9023328750223658,-1.8502088201278,0.017543198205390333,0.0,0,0.04989,0.002469877559829886,1,0,
C40,941,PASS_CLEAN,58.40000000018784,52.8,52.30000000018613,241.93,1072,1071,2143,0.0557090191121762,0.05669993810339595,0.31189678436920726,0.5614521726051471,0.01849742867349094,0.0,0,0.05072,0.0016398775598298818,1,0,
C41,941,PASS_CLEAN,60.30000000019691,54.7,54.2000000001952,235.38,1091,1090,2181,0.0690158041619761,0.06542828861357737,1.6786687309507489,3.288319142760386,0.018072527452714038,0.0,0,0.05173,0.0006298775598298847,1,0,
C42,941,PASS_CLEAN,62.30000000020646,56.7,56.20000000020475,242.95,1111,1110,2221,0.02637883605093288,0.02776432337355944,-2.499178943550353,-3.8010212574649693,0.018448011317699093,0.0,0,0.05106,0.0012998775598298817,1,0,
C43,941,PASS_CLEAN,60.30000000019691,54.7,54.2000000001952,237.0,1091,1090,2181,0.04638412400792284,0.06134674210749173,0.00322331457682797,0.09370724148348286,0.01779973540763784,0.0,0,0.05089,0.0014698775598298852,1,0,
C44,941,PASS_CLEAN,60.30000000019691,54.7,54.2000000001952,234.54,1091,1090,2181,0.06088199996030303,0.05624640197235502,-1.700089517086328,-3.0684347240818766,0.0193405739609217,0.0,0,0.05128,0.0010798775598298838,1,0,
C45,941,PASS_CLEAN,62.30000000020646,56.7,56.20000000020475,238.56,1111,1110,2221,0.028648517511212307,0.029868708198186766,0.13167197732418467,0.20160772940806107,0.018124400239805865,0.0,0,0.05196,0.0003998775598298837,1,0,
C46,941,PASS_CLEAN,60.30000000019691,54.7,54.2000000001952,227.47,1091,1090,2181,0.054321459003620814,0.06324110152946054,0.3958956291199783,0.7449618331891248,0.018028201178246977,0.0,0,0.05072,0.0016398775598298818,1,0,
C47,941,PASS_CLEAN,60.30000000019691,54.7,54.2000000001952,237.9,1091,1090,2181,0.03671101329349523,0.05366811866392347,0.07243433562681312,0.16948685997742527,0.01822232612200313,0.0,0,0.05029,0.0020698775598298816,1,0,
C48,941,PASS_CLEAN,60.30000000019691,54.7,54.2000000001952,231.96,1091,1090,2181,0.032015274805604406,0.06671862905773074,0.11788854315674507,0.6483736303758766,0.018140805170004822,0.0,0,0.0513,0.0010598775598298846,1,0,
C49,941,PASS_CLEAN,60.30000000019691,54.7,54.2000000001952,250.4,1091,1090,2181,0.043648060512083885,0.04715414259979946,1.2065964343764715,1.2917452117235206,0.01831692351765056,0.0,0,0.05063,0.0017298775598298816,1,0,
C50,941,PASS_CLEAN,62.30000000020646,56.7,56.20000000020475,270.78,1111,1110,2221,0.03435675008713912,0.045427479185412095,0.05122713423649478,0.13407057952317278,0.018052653495078983,0.0,0,0.05135,0.0010098775598298831,1,0,
C51,941,PASS_CLEAN,60.30000000019691,54.7,54.2000000001952,254.08,1091,1090,2181,0.03896646969573339,0.03472006827333995,-0.7581140117176485,-0.7769761282707315,0.018079532599888974,0.0,0,0.05145,0.0009098775598298803,1,0,
C52,941,PASS_CLEAN,60.30000000019691,54.7,54.2000000001952,250.87,1091,1090,2181,0.04985356303683851,0.06850729194775833,-2.9759405978465683,-3.1894709578064306,0.01768332215512288,0.0,0,0.05074,0.0016198775598298826,1,0,
C53,941,PASS_CLEAN,60.30000000019691,54.7,54.2000000001952,256.27,1091,1090,2181,0.017125058026405897,0.008064872178399402,0.6527859232084676,0.7519073436265555,0.018611971642510296,0.0,0,0.05036,0.001999877559829881,1,0,
C54,941,PASS_CLEAN,60.30000000019691,54.7,54.2000000001952,253.41,1091,1090,2181,0.04288914433276035,0.04325574801590613,-0.9386044906831972,-0.5568730660001661,0.01807259539447567,0.0,0,0.05072,0.0016398775598298818,1,0,
C55,941,PASS_CLEAN,60.30000000019691,54.7,54.2000000001952,255.66,1091,1090,2181,0.04277469042752318,0.04798936722129145,1.8434939410371842,2.7656423677650444,0.01827499619724476,0.0,0,0.05139,0.0009698775598298848,1,0,
C56,941,PASS_CLEAN,60.30000000019691,54.7,54.2000000001952,257.7,1091,1090,2181,0.04301272115761923,0.03291507838443367,-1.0280165697418227,-1.0104841186918823,0.01779335564777894,0.0,0,0.05023,0.002129877559829886,1,0,
C57,941,PASS_CLEAN,60.30000000019691,54.7,54.2000000001952,342.84,1091,1090,2181,0.045553396678024875,0.05410959707390137,-0.8178184945664039,-0.8853502951378981,0.018088224166592417,0.0,0,0.05188,0.00047987755982988045,1,0,
C58,941,PASS_CLEAN,58.40000000018784,52.8,52.30000000018613,347.05,1072,1071,2143,0.06152506569552893,0.05651016581450109,-2.910941470563984,-2.9471272183736614,0.01795312075923449,0.0,0,0.05196,0.0003998775598298837,1,0,
C59,941,PASS_CLEAN,62.30000000020646,56.7,56.20000000020475,376.67,1111,1110,2221,0.033331023200416005,0.04027165394890201,-0.09143284010273954,-0.09654250302414692,0.018288731169391982,0.0,0,0.05219,0.00016987755982988267,1,0,
C60,941,PASS_CLEAN,58.40000000018784,52.8,52.30000000018613,357.81,1072,1071,2143,0.05277431102325889,0.04644513583075974,-0.8582833239857034,-0.8333733039054126,0.01795595101110733,0.0,0,0.05086,0.0014998775598298805,1,0,
C01,943,PASS_CLEAN,60.30000000019691,54.7,54.2000000001952,369.58,1091,1090,2181,0.039096686490109035,0.03940577715718377,1.3075713772962338,1.610915608296483,0.01824475751668534,0.0,0,0.05017,0.0021898775598298836,1,0,
C02,943,PASS_CLEAN,60.30000000019691,54.7,54.2000000001952,372.09,1091,1090,2181,0.04875997094075507,0.04617973873684475,2.8679887910715633,2.983683784336159,0.019711630391680963,0.0,0,0.05025,0.00210987755982988,1,0,
C03,943,PASS_CLEAN,60.30000000019691,54.7,54.2000000001952,372.42,1091,1090,2181,0.033924092674170445,0.04244713970974657,-0.2771106006913434,-0.19024867304267404,0.018465792480533275,0.0,0,0.04982,0.0025398775598298798,1,0,
C04,943,PASS_CLEAN,58.40000000018784,52.8,52.30000000018613,361.22,1072,1071,2143,0.0538864676587644,0.04712767372224713,-1.0288413259418285,-0.9433955562468336,0.018825408302794548,0.0,0,0.0513,0.0010598775598298846,1,0,
C05,943,PASS_CLEAN,62.30000000020646,56.7,56.20000000020475,372.61,1111,1110,2221,0.055816095758214036,0.06190904157334659,0.7836655821011643,2.4271694433244164,0.017653908185978225,0.0,0,0.05078,0.0015798775598298842,1,0,
C06,943,PASS_CLEAN,60.30000000019691,54.7,54.2000000001952,364.23,1091,1090,2181,0.025883043120547785,0.022312663356813176,0.3401807004779114,0.43693574900926985,0.01838986440453701,0.0,0,0.04958,0.002779877559829884,1,0,
C07,943,PASS_CLEAN,62.30000000020646,56.7,56.20000000020475,377.48,1111,1110,2221,0.027991621971459425,0.03142579514232656,-2.60526583031499,-2.6820807917237643,0.017215008194225764,0.0,0,0.05011,0.002249877559829881,1,0,
C08,943,PASS_CLEAN,60.30000000019691,54.7,54.2000000001952,363.15,1091,1090,2181,0.03260394886907124,0.022963695287260433,-1.110128721775161,-1.0346144382319757,0.01856285095530811,0.0,0,0.0504,0.0019598775598298826,1,0,
C09,943,PASS_CLEAN,60.30000000019691,54.7,54.2000000001952,353.71,1091,1090,2181,0.04363093452862443,0.0386245727172309,-1.2696423174246818,-1.464050722843614,0.01819678668998155,0.0,0,0.05011,0.002249877559829881,1,0,
C10,943,PASS_CLEAN,60.30000000019691,54.7,54.2000000001952,356.79,1091,1090,2181,0.042821529646754126,0.03493605041589644,0.03315513793333378,0.07674055643349227,0.018543294247143426,0.0,0,0.0499,0.002459877559829883,1,0,
C11,943,PASS_CLEAN,62.30000000020646,56.7,56.20000000020475,352.73,1111,1110,2221,0.02266679018177344,0.03266148177922863,-4.992678268935642,-4.975814208304636,0.017944803172895367,0.0,0,0.05074,0.0016198775598298826,1,0,
C12,943,PASS_CLEAN,60.30000000019691,54.7,54.2000000001952,337.77,1091,1090,2181,0.07099493908354748,0.07406573825766226,1.944054174157308,2.318934935259805,0.018063732958863914,0.0,0,0.05015,0.002209877559829883,1,0,
