case,seed,robot,peak_mrad,active_peak_mrad,peak_first_sim_s,peak_last_sim_s,peak_leg,peak_stage,stop_sim_s,termination_sim_s,peak_minus_stop_s,L1_duration_s,last_fix_s,fix_age_at_peak_s,gate_5deg_margin_mrad,reference_3deg_margin_mrad,frame_max_gap_s,commands_after_peak,PF_snapshot_peak_mrad,r1_peak_mrad,r2_peak_mrad
C01,941,r1,51.8,51.51,60.5,60.7,1,wait_lower,60.3,60.8,0.2,24.4,29.6,30.9,35.46646259971648,0.5598775598298928,0.2,0,51.804464005747036,51.8,50.14
C02,941,r1,51.66,51.37,60.5,60.7,1,wait_lower,60.3,60.8,0.2,24.4,29.6,30.9,35.60646259971648,0.6998775598298934,0.2,0,51.65886124495192,51.66,48.160000000000004
C03,941,r1,49.99,49.7,60.5,60.7,1,wait_lower,60.3,60.8,0.2,24.4,29.6,30.9,37.276462599716474,2.369877559829888,0.2,0,49.989914581760324,49.99,49.52
C04,941,r1,50.84,50.55,58.6,58.8,1,wait_lower,58.4,58.9,0.2,24.4,27.7,30.9,36.42646259971647,1.5198775598298866,0.2,0,50.84277588461909,50.84,49.9
C05,941,r2,50.98,50.67,62.5,62.7,1,wait_lower,62.3,62.8,0.2,24.4,31.6,30.9,36.28646259971648,1.3798775598298931,0.2,0,50.976133200746716,50.73,50.98
C06,941,r1,50.53,50.24,60.5,60.7,1,wait_lower,60.3,60.8,0.2,24.4,29.6,30.9,36.736462599716475,1.8298775598298889,0.2,0,50.529155488045696,50.53,49.2
C07,941,r1,51.51,51.21,62.5,62.7,1,wait_lower,62.3,62.8,0.2,24.4,31.6,30.9,35.75646259971648,0.849877559829892,0.2,0,51.50634930106341,51.51,50.78
C08,941,r1,51.55,51.26,60.5,60.7,1,wait_lower,60.3,60.8,0.2,24.4,29.6,30.9,35.71646259971648,0.8098775598298928,0.2,0,51.55182439904986,51.55,48.88
C09,941,r1,51.35,51.05,60.5,60.7,1,wait_lower,60.3,60.8,0.2,24.4,29.6,30.9,35.916462599716475,1.0098775598298886,0.2,0,51.345659491529524,51.35,49.44
C10,941,r1,50.8,50.5,60.5,60.7,1,wait_lower,60.3,60.8,0.2,24.4,29.6,30.9,36.46646259971648,1.5598775598298928,0.2,0,50.79648247339801,50.8,49.45
C11,941,r2,51.62,51.31,62.5,62.7,1,wait_lower,62.3,62.8,0.2,24.4,31.6,30.9,35.64646259971648,0.7398775598298926,0.2,0,51.6222568186366,50.99,51.62
C12,941,r1,51.36,51.07,60.5,60.7,1,wait_lower,60.3,60.8,0.2,24.4,29.6,30.9,35.90646259971648,0.9998775598298906,0.2,0,51.357370233114715,51.36,50.27
C13,941,r1,51.24,50.95,58.6,58.8,1,wait_lower,58.4,58.9,0.2,24.4,27.7,30.9,36.026462599716474,1.119877559829888,0.2,0,51.243599188429314,51.24,49.61
C14,941,r1,51.57,51.27,58.6,58.8,1,wait_lower,58.4,58.9,0.2,24.4,27.7,30.9,35.696462599716476,0.7898775598298897,0.2,0,51.570655782726035,51.57,50.58
C15,941,r1,51.62,51.33,60.5,60.7,1,wait_lower,60.3,60.8,0.2,24.4,29.6,30.9,35.64646259971648,0.7398775598298926,0.2,0,51.620240245306015,51.62,49.230000000000004
C16,941,r1,51.27,50.97,60.5,60.7,1,wait_lower,60.3,60.8,0.2,24.4,29.6,30.9,35.99646259971647,1.0898775598298869,0.2,0,51.26598326396471,51.27,50.01
C17,941,r2,50.83,50.54,60.5,60.7,1,wait_lower,60.3,60.8,0.2,24.4,29.5,31.0,36.43646259971648,1.5298775598298917,0.2,0,50.834108966018036,49.96,50.83
C18,941,r1,50.31999999999999,50.04,60.5,60.7,1,wait_lower,60.3,60.8,0.2,24.4,29.6,30.9,36.94646259971648,2.039877559829897,0.2,0,50.320611920659424,50.31999999999999,48.660000000000004
C19,941,r2,50.68,50.39,60.5,60.7,1,wait_lower,60.3,60.8,0.2,24.4,29.6,30.9,36.58646259971648,1.6798775598298903,0.2,0,50.68233415083573,50.31999999999999,50.68
C20,941,r1,51.72,51.43,60.5,60.7,1,wait_lower,60.3,60.8,0.2,24.4,29.6,30.9,35.54646259971648,0.6398775598298911,0.2,0,51.720253871199674,51.72,48.71
C21,941,r1,50.56,50.27,60.5,60.7,1,wait_lower,60.3,60.8,0.2,24.4,29.6,30.9,36.706462599716474,1.7998775598298877,0.2,0,50.56495510428708,50.56,48.730000000000004
C22,941,r1,50.2,49.910000000000004,60.5,60.7,1,wait_lower,60.3,60.8,0.2,24.4,29.6,30.9,37.06646259971647,2.159877559829887,0.2,0,50.201458103152085,50.2,49.84
C23,941,r1,51.36,51.06,58.6,58.8,1,wait_lower,58.4,58.9,0.2,24.4,27.7,30.9,35.90646259971648,0.9998775598298906,0.2,0,51.358898429693426,51.36,49.69
C24,941,r1,51.38,51.09,60.5,60.7,1,wait_lower,60.3,60.8,0.2,24.4,29.6,30.9,35.886462599716474,0.9798775598298874,0.2,0,51.381263506612534,51.38,48.730000000000004
C25,941,r1,50.94,50.65,58.6,58.8,1,wait_lower,58.4,58.9,0.2,24.4,27.7,30.9,36.32646259971648,1.4198775598298923,0.2,0,50.93648032228276,50.94,48.75
C26,941,r2,51.589999999999996,51.29,60.5,60.7,1,wait_lower,60.3,60.8,0.2,24.4,29.6,30.9,35.67646259971648,0.7698775598298937,0.2,0,51.592763068316664,50.67,51.589999999999996
C27,941,r1,51.62,51.33,62.5,62.7,1,wait_lower,62.3,62.8,0.2,24.4,31.6,30.9,35.64646259971648,0.7398775598298926,0.2,0,51.62149860102374,51.62,51.44
C28,941,r1,51.24,50.95,60.5,60.7,1,wait_lower,60.3,60.8,0.2,24.4,29.6,30.9,36.026462599716474,1.119877559829888,0.2,0,51.242372252082745,51.24,49.050000000000004
C29,941,r1,50.39,50.1,58.6,58.8,1,wait_lower,58.4,58.9,0.2,24.4,27.7,30.9,36.876462599716476,1.9698775598298894,0.2,0,50.39343295412916,50.39,50.18
C30,941,r1,51.339999999999996,51.05,58.6,58.8,1,wait_lower,58.4,58.9,0.2,24.4,27.7,30.9,35.92646259971648,1.0198775598298937,0.2,0,51.34271108689307,51.339999999999996,48.43
C31,941,r1,52.13,51.839999999999996,62.5,62.7,1,wait_lower,62.3,62.8,0.2,24.4,31.6,30.9,35.136462599716474,0.22987755982988745,0.2,0,52.12952299327828,52.13,51.2
C32,941,r2,52.019999999999996,51.71,60.5,60.7,1,wait_lower,60.3,60.8,0.2,24.4,29.6,30.9,35.24646259971648,0.339877559829894,0.2,0,52.01972175832953,51.33,52.019999999999996
C33,941,r1,50.95,50.67,60.5,60.7,1,wait_lower,60.3,60.8,0.2,24.4,29.6,30.9,36.31646259971647,1.4098775598298872,0.2,0,50.95297014281613,50.95,50.08
C34,941,r1,51.62,51.33,60.5,60.7,1,wait_lower,60.3,60.8,0.2,24.4,29.6,30.9,35.64646259971648,0.7398775598298926,0.2,0,51.62076893691721,51.62,49.050000000000004
C35,941,r2,51.12,50.81,60.5,60.7,1,wait_lower,60.3,60.8,0.2,24.4,29.6,30.9,36.14646259971648,1.2398775598298926,0.2,0,51.117157676161625,50.55,51.12
C36,941,r1,51.57,51.27,60.5,60.7,1,wait_lower,60.3,60.8,0.2,24.4,29.6,30.9,35.696462599716476,0.7898775598298897,0.2,0,51.56771057484846,51.57,51.32
C37,941,r1,51.57,51.27,58.6,58.8,1,wait_lower,58.4,58.9,0.2,24.4,27.7,30.9,35.696462599716476,0.7898775598298897,0.2,0,51.570963872456886,51.57,49.9
C38,941,r1,50.64,50.34,62.5,62.7,1,wait_lower,62.3,62.8,0.2,24.4,31.6,30.9,36.626462599716476,1.7198775598298894,0.2,0,50.64198042538614,50.64,50.31999999999999
C39,941,r1,49.88999999999999,49.6,60.5,60.7,1,wait_lower,60.3,60.8,0.2,24.4,29.6,30.9,37.37646259971648,2.4698775598298965,0.2,0,49.88957631079711,49.88999999999999,48.09
C40,941,r1,50.72,50.43,58.6,58.8,1,wait_lower,58.4,58.9,0.2,24.4,27.7,30.9,36.54646259971648,1.6398775598298911,0.2,0,50.72426485059165,50.72,47.97
C41,941,r1,51.73,51.44,60.5,60.7,1,wait_lower,60.3,60.8,0.2,24.4,29.6,30.9,35.53646259971648,0.6298775598298931,0.2,0,51.72989964914436,51.73,48.62
C42,941,r1,51.06,50.76,62.5,62.7,1,wait_lower,62.3,62.8,0.2,24.4,31.6,30.9,36.206462599716474,1.2998775598298877,0.2,0,51.056080763688676,51.06,49.83
C43,941,r1,50.89,50.6,60.5,60.7,1,wait_lower,60.3,60.8,0.2,24.4,29.6,30.9,36.376462599716476,1.4698775598298894,0.2,0,50.88579117458436,50.89,49.96
C44,941,r1,51.28,50.99,60.5,60.7,1,wait_lower,60.3,60.8,0.2,24.4,29.6,30.9,35.986462599716475,1.0798775598298889,0.2,0,51.27861121034701,51.28,48.489999999999995
C45,941,r1,51.96,51.66,62.5,62.7,1,wait_lower,62.3,62.8,0.2,24.4,31.6,30.9,35.306462599716475,0.39987755982988915,0.2,0,51.96487577312466,51.96,50.5
C46,941,r1,50.72,50.43,60.5,60.7,1,wait_lower,60.3,60.8,0.2,24.4,29.6,30.9,36.54646259971648,1.6398775598298911,0.2,0,50.72397544872489,50.72,47.89
C47,941,r1,50.29,50.0,60.5,60.7,1,wait_lower,60.3,60.8,0.2,24.4,29.6,30.9,36.97646259971648,2.069877559829891,0.2,0,50.28693085692569,50.29,49.51
C48,941,r1,51.3,51.01,60.5,60.7,1,wait_lower,60.3,60.8,0.2,24.4,29.6,30.9,35.96646259971648,1.0598775598298928,0.2,0,51.297657924917075,51.3,48.79
C49,941,r1,50.63,50.35,60.5,60.7,1,wait_lower,60.3,60.8,0.2,24.4,29.6,30.9,36.636462599716474,1.7298775598298874,0.2,0,50.63041198889915,50.63,47.5
C50,941,r2,51.35,51.05,62.5,62.7,1,wait_lower,62.3,62.8,0.2,24.4,31.6,30.9,35.916462599716475,1.0098775598298886,0.2,0,51.35364859372519,51.1,51.35
C51,941,r1,51.45,51.16,60.5,60.7,1,wait_lower,60.3,60.8,0.2,24.4,29.6,30.9,35.81646259971647,0.9098775598298872,0.2,0,51.452250966676154,51.45,50.8
C52,941,r1,50.74,50.45,60.5,60.7,1,wait_lower,60.3,60.8,0.2,24.4,29.6,30.9,36.526462599716474,1.619877559829888,0.2,0,50.74060587010353,50.74,49.2
C53,941,r2,50.36,50.06,60.5,60.7,1,wait_lower,60.3,60.8,0.2,24.4,29.6,30.9,36.90646259971648,1.9998775598298906,0.2,0,50.35821486848963,50.33,50.36
C54,941,r1,50.72,50.43,60.5,60.7,1,wait_lower,60.3,60.8,0.2,24.4,29.6,30.9,36.54646259971648,1.6398775598298911,0.2,0,50.72486292758983,50.72,49.83
C55,941,r1,51.39,51.1,60.5,60.7,1,wait_lower,60.3,60.8,0.2,24.4,29.6,30.9,35.876462599716476,0.9698775598298894,0.2,0,51.38852759575141,51.39,49.4
C56,941,r1,50.23,49.94,60.5,60.7,1,wait_lower,60.3,60.8,0.2,24.4,29.6,30.9,37.03646259971648,2.129877559829893,0.2,0,50.23365190176873,50.23,49.4
C57,941,r1,51.88,51.589999999999996,60.5,60.7,1,wait_lower,60.3,60.8,0.2,24.4,29.6,30.9,35.386462599716474,0.47987755982988745,0.2,0,51.88405445013214,51.88,50.56
C58,941,r1,51.96,51.66,58.6,58.8,1,wait_lower,58.4,58.9,0.2,24.4,27.7,30.9,35.306462599716475,0.39987755982988915,0.2,0,51.95804664292393,51.96,50.54
C59,941,r1,52.19,51.89,62.5,62.7,1,wait_lower,62.3,62.8,0.2,24.4,31.6,30.9,35.07646259971648,0.16987755982989228,0.2,0,52.185521777886805,52.19,51.38
C60,941,r1,50.86,50.57,58.6,58.8,1,wait_lower,58.4,58.9,0.2,24.4,27.7,30.9,36.40646259971648,1.4998775598298906,0.2,0,50.86222142127624,50.86,48.529999999999994
C01,943,r1,50.17,49.88999999999999,60.5,60.7,1,wait_lower,60.3,60.8,0.2,24.4,29.6,30.9,37.096462599716475,2.1898775598298883,0.2,0,50.17296640797327,50.17,48.61
C02,943,r1,50.25,49.97,60.5,60.7,1,wait_lower,60.3,60.8,0.2,24.4,29.6,30.9,37.016462599716476,2.10987755982989,0.2,0,50.25389220905521,50.25,49.51
C03,943,r2,49.82,49.52,60.5,60.7,1,wait_lower,60.3,60.8,0.2,24.4,29.6,30.9,37.446462599716476,2.5398775598298897,0.2,0,49.81737010292397,49.8,49.82
C04,943,r1,51.3,51.01,58.6,58.8,1,wait_lower,58.4,58.9,0.2,24.4,27.7,30.9,35.96646259971648,1.0598775598298928,0.2,0,51.2982591117309,51.3,51.18000000000001
C05,943,r1,50.78,50.5,62.5,62.7,1,wait_lower,62.3,62.8,0.2,24.4,31.6,30.9,36.486462599716475,1.5798775598298889,0.2,0,50.77883266310899,50.78,50.08
C06,943,r1,49.58,49.29,60.5,60.7,1,wait_lower,60.3,60.8,0.2,24.4,29.6,30.9,37.68646259971648,2.7798775598298917,0.2,0,49.580081718312556,49.58,48.410000000000004
C07,943,r2,50.11,49.81,62.5,62.7,1,wait_lower,62.3,62.8,0.2,24.4,31.6,30.9,37.15646259971648,2.2498775598298906,0.2,0,50.113554386025974,49.85,50.11
C08,943,r1,50.4,50.11,60.5,60.7,1,wait_lower,60.3,60.8,0.2,24.4,29.6,30.9,36.86646259971648,1.9598775598298914,0.2,0,50.396327446419384,50.4,50.160000000000004
C09,943,r2,50.11,49.81,60.5,60.7,1,wait_lower,60.3,60.8,0.2,24.4,29.6,30.9,37.15646259971648,2.2498775598298906,0.2,0,50.11203505951452,49.76,50.11
C10,943,r1,49.9,49.61,60.5,60.7,1,wait_lower,60.3,60.8,0.2,24.4,29.6,30.9,37.36646259971648,2.4598775598298914,0.2,0,49.90368192156719,49.9,49.69
C11,943,r1,50.74,50.45,62.5,62.7,1,wait_lower,62.3,62.8,0.2,24.4,31.6,30.9,36.526462599716474,1.619877559829888,0.2,0,50.73501135569159,50.74,50.44
C12,943,r1,50.15,49.86,60.5,60.7,1,wait_lower,60.3,60.8,0.2,24.4,29.6,30.9,37.11646259971648,2.2098775598298914,0.2,0,50.14812681037254,50.15,48.64
