case,seed,robot,peak_mrad,active_peak_mrad,peak_first_sim_s,peak_last_sim_s,peak_leg,peak_stage,stop_sim_s,termination_sim_s,peak_minus_stop_s,L1_duration_s,last_fix_s,fix_age_at_peak_s,gate_5deg_margin_mrad,reference_3deg_margin_mrad,frame_max_gap_s,commands_after_peak,PF_snapshot_peak_mrad
C01,941,r1,51.8,51.51,60.5,60.7,1,wait_lower,60.3,60.8,0.2,24.4,29.6,30.9,35.46646259971648,0.5598775598298928,0.2,0,51.804464005747036
C01,941,r2,50.14,49.84,60.5,60.7,1,wait_lower,60.3,60.8,0.2,24.4,29.6,30.9,37.126462599716476,2.2198775598298894,0.2,0,50.139563310556454
C02,941,r1,51.66,51.37,60.5,60.7,1,wait_lower,60.3,60.8,0.2,24.4,29.6,30.9,35.60646259971648,0.6998775598298934,0.2,0,51.65886124495192
C02,941,r2,48.160000000000004,47.879999999999995,60.5,60.7,1,wait_lower,60.3,60.8,0.2,24.4,29.6,30.9,39.10646259971647,4.199877559829886,0.2,0,48.15839764082203
C03,941,r1,49.99,49.7,60.5,60.7,1,wait_lower,60.3,60.8,0.2,24.4,29.6,30.9,37.276462599716474,2.369877559829888,0.2,0,49.989914581760324
C03,941,r2,49.52,49.22,60.5,60.7,1,wait_lower,60.3,60.8,0.2,24.4,29.6,30.9,37.74646259971647,2.839877559829887,0.2,0,49.52075184257467
C04,941,r1,50.84,50.55,58.6,58.8,1,wait_lower,58.4,58.9,0.2,24.4,27.7,30.9,36.42646259971647,1.5198775598298866,0.2,0,50.84277588461909
C04,941,r2,49.9,49.6,58.6,58.8,1,wait_lower,58.4,58.9,0.2,24.4,27.7,30.9,37.36646259971648,2.4598775598298914,0.2,0,49.90151484538662
C05,941,r1,50.73,50.44,62.5,62.7,1,wait_lower,62.3,62.8,0.2,24.4,31.6,30.9,36.53646259971648,1.6298775598298931,0.2,0,50.73447029341651
C05,941,r2,50.98,50.67,62.5,62.7,1,wait_lower,62.3,62.8,0.2,24.4,31.6,30.9,36.28646259971648,1.3798775598298931,0.2,0,50.976133200746716
C06,941,r1,50.53,50.24,60.5,60.7,1,wait_lower,60.3,60.8,0.2,24.4,29.6,30.9,36.736462599716475,1.8298775598298889,0.2,0,50.529155488045696
C06,941,r2,49.2,48.910000000000004,60.5,60.7,1,wait_lower,60.3,60.8,0.2,24.4,29.6,30.9,38.06646259971647,3.159877559829887,0.2,0,49.20452931820004
C07,941,r1,51.51,51.21,62.5,62.7,1,wait_lower,62.3,62.8,0.2,24.4,31.6,30.9,35.75646259971648,0.849877559829892,0.2,0,51.50634930106341
C07,941,r2,50.78,50.48,62.5,62.7,1,wait_lower,62.3,62.8,0.2,24.4,31.6,30.9,36.486462599716475,1.5798775598298889,0.2,0,50.78151182254786
C08,941,r1,51.55,51.26,60.5,60.7,1,wait_lower,60.3,60.8,0.2,24.4,29.6,30.9,35.71646259971648,0.8098775598298928,0.2,0,51.55182439904986
C08,941,r2,48.88,48.59,60.5,60.7,1,wait_lower,60.3,60.8,0.2,24.4,29.6,30.9,38.386462599716474,3.4798775598298874,0.2,0,48.87592209134846
C09,941,r1,51.35,51.05,60.5,60.7,1,wait_lower,60.3,60.8,0.2,24.4,29.6,30.9,35.916462599716475,1.0098775598298886,0.2,0,51.345659491529524
C09,941,r2,49.44,49.15,60.5,60.7,1,wait_lower,60.3,60.8,0.2,24.4,29.6,30.9,37.82646259971648,2.9198775598298923,0.2,0,49.44175537308301
C10,941,r1,50.8,50.5,60.5,60.7,1,wait_lower,60.3,60.8,0.2,24.4,29.6,30.9,36.46646259971648,1.5598775598298928,0.2,0,50.79648247339801
C10,941,r2,49.45,49.160000000000004,60.5,60.7,1,wait_lower,60.3,60.8,0.2,24.4,29.6,30.9,37.81646259971647,2.909877559829887,0.2,0,49.452827745838285
C11,941,r1,50.99,50.69,62.5,62.7,1,wait_lower,62.3,62.8,0.2,24.4,31.6,30.9,36.276462599716474,1.369877559829888,0.2,0,50.98697410423737
C11,941,r2,51.62,51.31,62.5,62.7,1,wait_lower,62.3,62.8,0.2,24.4,31.6,30.9,35.64646259971648,0.7398775598298926,0.2,0,51.6222568186366
C12,941,r1,51.36,51.07,60.5,60.7,1,wait_lower,60.3,60.8,0.2,24.4,29.6,30.9,35.90646259971648,0.9998775598298906,0.2,0,51.357370233114715
C12,941,r2,50.27,49.98,60.5,60.7,1,wait_lower,60.3,60.8,0.2,24.4,29.6,30.9,36.99646259971647,2.089877559829887,0.2,0,50.27149364953015
C13,941,r1,51.24,50.95,58.6,58.8,1,wait_lower,58.4,58.9,0.2,24.4,27.7,30.9,36.026462599716474,1.119877559829888,0.2,0,51.243599188429314
C13,941,r2,49.61,49.31,58.6,58.8,1,wait_lower,58.4,58.9,0.2,24.4,27.7,30.9,37.65646259971648,2.7498775598298906,0.2,0,49.607591547968
C14,941,r1,51.57,51.27,58.6,58.8,1,wait_lower,58.4,58.9,0.2,24.4,27.7,30.9,35.696462599716476,0.7898775598298897,0.2,0,51.570655782726035
C14,941,r2,50.58,50.28,58.6,58.8,1,wait_lower,58.4,58.9,0.2,24.4,27.7,30.9,36.68646259971648,1.7798775598298917,0.2,0,50.57543315759115
C15,941,r1,51.62,51.33,60.5,60.7,1,wait_lower,60.3,60.8,0.2,24.4,29.6,30.9,35.64646259971648,0.7398775598298926,0.2,0,51.620240245306015
C15,941,r2,49.230000000000004,48.94,60.5,60.7,1,wait_lower,60.3,60.8,0.2,24.4,29.6,30.9,38.03646259971647,3.129877559829886,0.2,0,49.22741148614054
C16,941,r1,51.27,50.97,60.5,60.7,1,wait_lower,60.3,60.8,0.2,24.4,29.6,30.9,35.99646259971647,1.0898775598298869,0.2,0,51.26598326396471
C16,941,r2,50.01,49.709999999999994,60.5,60.7,1,wait_lower,60.3,60.8,0.2,24.4,29.6,30.9,37.25646259971648,2.349877559829892,0.2,0,50.0095719552563
C17,941,r1,49.96,49.68,60.5,60.7,1,wait_lower,60.3,60.8,0.2,24.4,29.6,30.9,37.306462599716475,2.399877559829889,0.2,0,49.964633235975384
C17,941,r2,50.83,50.54,60.5,60.7,1,wait_lower,60.3,60.8,0.2,24.4,29.5,31.0,36.43646259971648,1.5298775598298917,0.2,0,50.834108966018036
C18,941,r1,50.31999999999999,50.04,60.5,60.7,1,wait_lower,60.3,60.8,0.2,24.4,29.6,30.9,36.94646259971648,2.039877559829897,0.2,0,50.320611920659424
C18,941,r2,48.660000000000004,48.370000000000005,60.5,60.7,1,wait_lower,60.3,60.8,0.2,24.4,29.6,30.9,38.60646259971647,3.6998775598298863,0.2,0,48.659205625065056
C19,941,r1,50.31999999999999,50.02,60.5,60.7,1,wait_lower,60.3,60.8,0.2,24.4,29.6,30.9,36.94646259971648,2.039877559829897,0.2,0,50.31730741572355
C19,941,r2,50.68,50.39,60.5,60.7,1,wait_lower,60.3,60.8,0.2,24.4,29.6,30.9,36.58646259971648,1.6798775598298903,0.2,0,50.68233415083573
C20,941,r1,51.72,51.43,60.5,60.7,1,wait_lower,60.3,60.8,0.2,24.4,29.6,30.9,35.54646259971648,0.6398775598298911,0.2,0,51.720253871199674
C20,941,r2,48.71,48.43,60.5,60.7,1,wait_lower,60.3,60.8,0.2,24.4,29.6,30.9,38.556462599716475,3.649877559829889,0.2,0,48.710927147329606
C21,941,r1,50.56,50.27,60.5,60.7,1,wait_lower,60.3,60.8,0.2,24.4,29.6,30.9,36.706462599716474,1.7998775598298877,0.2,0,50.56495510428708
C21,941,r2,48.730000000000004,48.44,60.5,60.7,1,wait_lower,60.3,60.8,0.2,24.4,29.6,30.9,38.53646259971647,3.629877559829886,0.2,0,48.72775083792545
C22,941,r1,50.2,49.910000000000004,60.5,60.7,1,wait_lower,60.3,60.8,0.2,24.4,29.6,30.9,37.06646259971647,2.159877559829887,0.2,0,50.201458103152085
C22,941,r2,49.84,49.55,60.5,60.7,1,wait_lower,60.3,60.8,0.2,24.4,29.6,30.9,37.42646259971647,2.5198775598298866,0.2,0,49.837393860468254
C23,941,r1,51.36,51.06,58.6,58.8,1,wait_lower,58.4,58.9,0.2,24.4,27.7,30.9,35.90646259971648,0.9998775598298906,0.2,0,51.358898429693426
C23,941,r2,49.69,49.39,58.6,58.8,1,wait_lower,58.4,58.9,0.2,24.4,27.7,30.9,37.57646259971648,2.6698775598298923,0.2,0,49.685182886770534
C24,941,r1,51.38,51.09,60.5,60.7,1,wait_lower,60.3,60.8,0.2,24.4,29.6,30.9,35.886462599716474,0.9798775598298874,0.2,0,51.381263506612534
C24,941,r2,48.730000000000004,48.44,60.5,60.7,1,wait_lower,60.3,60.8,0.2,24.4,29.6,30.9,38.53646259971647,3.629877559829886,0.2,0,48.72833151167722
C25,941,r1,50.94,50.65,58.6,58.8,1,wait_lower,58.4,58.9,0.2,24.4,27.7,30.9,36.32646259971648,1.4198775598298923,0.2,0,50.93648032228276
C25,941,r2,48.75,48.46,58.6,58.8,1,wait_lower,58.4,58.9,0.2,24.4,27.7,30.9,38.516462599716476,3.60987755982989,0.2,0,48.75322574873334
C26,941,r1,50.67,50.37,60.5,60.7,1,wait_lower,60.3,60.8,0.2,24.4,29.6,30.9,36.596462599716475,1.6898775598298883,0.2,0,50.6679154194717
C26,941,r2,51.589999999999996,51.29,60.5,60.7,1,wait_lower,60.3,60.8,0.2,24.4,29.6,30.9,35.67646259971648,0.7698775598298937,0.2,0,51.592763068316664
C27,941,r1,51.62,51.33,62.5,62.7,1,wait_lower,62.3,62.8,0.2,24.4,31.6,30.9,35.64646259971648,0.7398775598298926,0.2,0,51.62149860102374
C27,941,r2,51.44,51.13,62.5,62.7,1,wait_lower,62.3,62.8,0.2,24.4,31.6,30.9,35.82646259971648,0.9198775598298923,0.2,0,51.4382203456686
C28,941,r1,51.24,50.95,60.5,60.7,1,wait_lower,60.3,60.8,0.2,24.4,29.6,30.9,36.026462599716474,1.119877559829888,0.2,0,51.242372252082745
C28,941,r2,49.050000000000004,48.77,60.5,60.7,1,wait_lower,60.3,60.8,0.2,24.4,29.6,30.9,38.21646259971647,3.3098775598298857,0.2,0,49.053616491364224
C29,941,r1,50.39,50.1,58.6,58.8,1,wait_lower,58.4,58.9,0.2,24.4,27.7,30.9,36.876462599716476,1.9698775598298894,0.2,0,50.39343295412916
C29,941,r2,50.18,49.88,58.6,58.8,1,wait_lower,58.4,58.9,0.2,24.4,27.7,30.9,37.08646259971648,2.1798775598298903,0.2,0,50.17630374161781
C30,941,r1,51.339999999999996,51.05,58.6,58.8,1,wait_lower,58.4,58.9,0.2,24.4,27.7,30.9,35.92646259971648,1.0198775598298937,0.2,0,51.34271108689307
C30,941,r2,48.43,48.14,58.6,58.8,1,wait_lower,58.4,58.9,0.2,24.4,27.7,30.9,38.83646259971648,3.9298775598298903,0.2,0,48.42611746011436
C31,941,r1,52.13,51.839999999999996,62.5,62.7,1,wait_lower,62.3,62.8,0.2,24.4,31.6,30.9,35.136462599716474,0.22987755982988745,0.2,0,52.12952299327828
C31,941,r2,51.2,50.89,62.5,62.7,1,wait_lower,62.3,62.8,0.2,24.4,31.6,30.9,36.06646259971647,1.1598775598298872,0.2,0,51.19585468140078
C32,941,r1,51.33,51.03,60.5,60.7,1,wait_lower,60.3,60.8,0.2,24.4,29.6,30.9,35.93646259971648,1.0298775598298917,0.2,0,51.331018944577735
C32,941,r2,52.019999999999996,51.71,60.5,60.7,1,wait_lower,60.3,60.8,0.2,24.4,29.6,30.9,35.24646259971648,0.339877559829894,0.2,0,52.01972175832953
C33,941,r1,50.95,50.67,60.5,60.7,1,wait_lower,60.3,60.8,0.2,24.4,29.6,30.9,36.31646259971647,1.4098775598298872,0.2,0,50.95297014281613
C33,941,r2,50.08,49.78,60.5,60.7,1,wait_lower,60.3,60.8,0.2,24.4,29.6,30.9,37.18646259971648,2.2798775598298917,0.2,0,50.07916262421362
C34,941,r1,51.62,51.33,60.5,60.7,1,wait_lower,60.3,60.8,0.2,24.4,29.6,30.9,35.64646259971648,0.7398775598298926,0.2,0,51.62076893691721
C34,941,r2,49.050000000000004,48.75,60.5,60.7,1,wait_lower,60.3,60.8,0.2,24.4,29.6,30.9,38.21646259971647,3.3098775598298857,0.2,0,49.04578479540515
C35,941,r1,50.55,50.26,60.5,60.7,1,wait_lower,60.3,60.8,0.2,24.4,29.6,30.9,36.71646259971648,1.8098775598298928,0.2,0,50.55118445174786
C35,941,r2,51.12,50.81,60.5,60.7,1,wait_lower,60.3,60.8,0.2,24.4,29.6,30.9,36.14646259971648,1.2398775598298926,0.2,0,51.117157676161625
C36,941,r1,51.57,51.27,60.5,60.7,1,wait_lower,60.3,60.8,0.2,24.4,29.6,30.9,35.696462599716476,0.7898775598298897,0.2,0,51.56771057484846
C36,941,r2,51.32,51.02,60.5,60.7,1,wait_lower,60.3,60.8,0.2,24.4,29.6,30.9,35.946462599716476,1.0398775598298897,0.2,0,51.31761623022029
C37,941,r1,51.57,51.27,58.6,58.8,1,wait_lower,58.4,58.9,0.2,24.4,27.7,30.9,35.696462599716476,0.7898775598298897,0.2,0,51.570963872456886
C37,941,r2,49.9,49.6,58.6,58.8,1,wait_lower,58.4,58.9,0.2,24.4,27.7,30.9,37.36646259971648,2.4598775598298914,0.2,0,49.89570767189613
C38,941,r1,50.64,50.34,62.5,62.7,1,wait_lower,62.3,62.8,0.2,24.4,31.6,30.9,36.626462599716476,1.7198775598298894,0.2,0,50.64198042538614
C38,941,r2,50.31999999999999,50.03,62.5,62.7,1,wait_lower,62.3,62.8,0.2,24.4,31.6,30.9,36.94646259971648,2.039877559829897,0.2,0,50.31964341007711
C39,941,r1,49.88999999999999,49.6,60.5,60.7,1,wait_lower,60.3,60.8,0.2,24.4,29.6,30.9,37.37646259971648,2.4698775598298965,0.2,0,49.88957631079711
C39,941,r2,48.09,47.809999999999995,60.5,60.7,1,wait_lower,60.3,60.8,0.2,24.4,29.6,30.9,39.17646259971647,4.269877559829887,0.2,0,48.09383019487477
C40,941,r1,50.72,50.43,58.6,58.8,1,wait_lower,58.4,58.9,0.2,24.4,27.7,30.9,36.54646259971648,1.6398775598298911,0.2,0,50.72426485059165
C40,941,r2,47.97,47.690000000000005,58.6,58.8,1,wait_lower,58.4,58.9,0.2,24.4,27.7,30.9,39.29646259971648,4.389877559829891,0.2,0,47.9717143248269
C41,941,r1,51.73,51.44,60.5,60.7,1,wait_lower,60.3,60.8,0.2,24.4,29.6,30.9,35.53646259971648,0.6298775598298931,0.2,0,51.72989964914436
C41,941,r2,48.62,48.33,60.5,60.7,1,wait_lower,60.3,60.8,0.2,24.4,29.6,30.9,38.64646259971648,3.7398775598298926,0.2,0,48.61645668336681
C42,941,r1,51.06,50.76,62.5,62.7,1,wait_lower,62.3,62.8,0.2,24.4,31.6,30.9,36.206462599716474,1.2998775598298877,0.2,0,51.056080763688676
C42,941,r2,49.83,49.54,62.5,62.7,1,wait_lower,62.3,62.8,0.2,24.4,31.6,30.9,37.43646259971648,2.5298775598298917,0.2,0,49.83332108950011
C43,941,r1,50.89,50.6,60.5,60.7,1,wait_lower,60.3,60.8,0.2,24.4,29.6,30.9,36.376462599716476,1.4698775598298894,0.2,0,50.88579117458436
C43,941,r2,49.96,49.660000000000004,60.5,60.7,1,wait_lower,60.3,60.8,0.2,24.4,29.6,30.9,37.306462599716475,2.399877559829889,0.2,0,49.95596363322779
C44,941,r1,51.28,50.99,60.5,60.7,1,wait_lower,60.3,60.8,0.2,24.4,29.6,30.9,35.986462599716475,1.0798775598298889,0.2,0,51.27861121034701
C44,941,r2,48.489999999999995,48.21,60.5,60.7,1,wait_lower,60.3,60.8,0.2,24.4,29.6,30.9,38.77646259971648,3.869877559829895,0.2,0,48.493714344477716
C45,941,r1,51.96,51.66,62.5,62.7,1,wait_lower,62.3,62.8,0.2,24.4,31.6,30.9,35.306462599716475,0.39987755982988915,0.2,0,51.96487577312466
C45,941,r2,50.5,50.2,62.5,62.7,1,wait_lower,62.3,62.8,0.2,24.4,31.6,30.9,36.766462599716476,1.85987755982989,0.2,0,50.50235613964118
C46,941,r1,50.72,50.43,60.5,60.7,1,wait_lower,60.3,60.8,0.2,24.4,29.6,30.9,36.54646259971648,1.6398775598298911,0.2,0,50.72397544872489
C46,941,r2,47.89,47.6,60.5,60.7,1,wait_lower,60.3,60.8,0.2,24.4,29.6,30.9,39.376462599716476,4.469877559829889,0.2,0,47.88581119084599
C47,941,r1,50.29,50.0,60.5,60.7,1,wait_lower,60.3,60.8,0.2,24.4,29.6,30.9,36.97646259971648,2.069877559829891,0.2,0,50.28693085692569
C47,941,r2,49.51,49.22,60.5,60.7,1,wait_lower,60.3,60.8,0.2,24.4,29.6,30.9,37.75646259971648,2.849877559829892,0.2,0,49.50998914889708
C48,941,r1,51.3,51.01,60.5,60.7,1,wait_lower,60.3,60.8,0.2,24.4,29.6,30.9,35.96646259971648,1.0598775598298928,0.2,0,51.297657924917075
C48,941,r2,48.79,48.5,60.5,60.7,1,wait_lower,60.3,60.8,0.2,24.4,29.6,30.9,38.47646259971648,3.569877559829891,0.2,0,48.78680092750582
C49,941,r1,50.63,50.35,60.5,60.7,1,wait_lower,60.3,60.8,0.2,24.4,29.6,30.9,36.636462599716474,1.7298775598298874,0.2,0,50.63041198889915
C49,941,r2,47.5,47.22,60.5,60.7,1,wait_lower,60.3,60.8,0.2,24.4,29.6,30.9,39.766462599716476,4.85987755982989,0.2,0,47.50229131544084
C50,941,r1,51.1,50.81,62.5,62.7,1,wait_lower,62.3,62.8,0.2,24.4,31.6,30.9,36.166462599716475,1.2598775598298886,0.2,0,51.10290681902339
C50,941,r2,51.35,51.05,62.5,62.7,1,wait_lower,62.3,62.8,0.2,24.4,31.6,30.9,35.916462599716475,1.0098775598298886,0.2,0,51.35364859372519
C51,941,r1,51.45,51.16,60.5,60.7,1,wait_lower,60.3,60.8,0.2,24.4,29.6,30.9,35.81646259971647,0.9098775598298872,0.2,0,51.452250966676154
C51,941,r2,50.8,50.5,60.5,60.7,1,wait_lower,60.3,60.8,0.2,24.4,29.6,30.9,36.46646259971648,1.5598775598298928,0.2,0,50.7974786693802
C52,941,r1,50.74,50.45,60.5,60.7,1,wait_lower,60.3,60.8,0.2,24.4,29.6,30.9,36.526462599716474,1.619877559829888,0.2,0,50.74060587010353
C52,941,r2,49.2,48.910000000000004,60.5,60.7,1,wait_lower,60.3,60.8,0.2,24.4,29.6,30.9,38.06646259971647,3.159877559829887,0.2,0,49.1963070761679
C53,941,r1,50.33,50.04,60.5,60.7,1,wait_lower,60.3,60.8,0.2,24.4,29.6,30.9,36.93646259971648,2.0298775598298917,0.2,0,50.32877648217599
C53,941,r2,50.36,50.06,60.5,60.7,1,wait_lower,60.3,60.8,0.2,24.4,29.6,30.9,36.90646259971648,1.9998775598298906,0.2,0,50.35821486848963
C54,941,r1,50.72,50.43,60.5,60.7,1,wait_lower,60.3,60.8,0.2,24.4,29.6,30.9,36.54646259971648,1.6398775598298911,0.2,0,50.72486292758983
C54,941,r2,49.83,49.53,60.5,60.7,1,wait_lower,60.3,60.8,0.2,24.4,29.6,30.9,37.43646259971648,2.5298775598298917,0.2,0,49.827388874699466
C55,941,r1,51.39,51.1,60.5,60.7,1,wait_lower,60.3,60.8,0.2,24.4,29.6,30.9,35.876462599716476,0.9698775598298894,0.2,0,51.38852759575141
C55,941,r2,49.4,49.11,60.5,60.7,1,wait_lower,60.3,60.8,0.2,24.4,29.6,30.9,37.86646259971648,2.9598775598298914,0.2,0,49.40329522255175
C56,941,r1,50.23,49.94,60.5,60.7,1,wait_lower,60.3,60.8,0.2,24.4,29.6,30.9,37.03646259971648,2.129877559829893,0.2,0,50.23365190176873
C56,941,r2,49.4,49.11,60.5,60.7,1,wait_lower,60.3,60.8,0.2,24.4,29.6,30.9,37.86646259971648,2.9598775598298914,0.2,0,49.397959554662016
C57,941,r1,51.88,51.589999999999996,60.5,60.7,1,wait_lower,60.3,60.8,0.2,24.4,29.6,30.9,35.386462599716474,0.47987755982988745,0.2,0,51.88405445013214
C57,941,r2,50.56,50.26,60.5,60.7,1,wait_lower,60.3,60.8,0.2,24.4,29.6,30.9,36.706462599716474,1.7998775598298877,0.2,0,50.55738489304754
C58,941,r1,51.96,51.66,58.6,58.8,1,wait_lower,58.4,58.9,0.2,24.4,27.7,30.9,35.306462599716475,0.39987755982988915,0.2,0,51.95804664292393
C58,941,r2,50.54,50.24,58.6,58.8,1,wait_lower,58.4,58.9,0.2,24.4,27.7,30.9,36.72646259971648,1.8198775598298909,0.2,0,50.53743373017184
C59,941,r1,52.19,51.89,62.5,62.7,1,wait_lower,62.3,62.8,0.2,24.4,31.6,30.9,35.07646259971648,0.16987755982989228,0.2,0,52.185521777886805
C59,941,r2,51.38,51.07,62.5,62.7,1,wait_lower,62.3,62.8,0.2,24.4,31.6,30.9,35.886462599716474,0.9798775598298874,0.2,0,51.37936512209806
C60,941,r1,50.86,50.57,58.6,58.8,1,wait_lower,58.4,58.9,0.2,24.4,27.7,30.9,36.40646259971648,1.4998775598298906,0.2,0,50.86222142127624
C60,941,r2,48.529999999999994,48.25,58.6,58.8,1,wait_lower,58.4,58.9,0.2,24.4,27.7,30.9,38.73646259971648,3.829877559829896,0.2,0,48.53389698446727
C01,943,r1,50.17,49.88999999999999,60.5,60.7,1,wait_lower,60.3,60.8,0.2,24.4,29.6,30.9,37.096462599716475,2.1898775598298883,0.2,0,50.17296640797327
C01,943,r2,48.61,48.32,60.5,60.7,1,wait_lower,60.3,60.8,0.2,24.4,29.6,30.9,38.65646259971648,3.7498775598298906,0.2,0,48.60607445723754
C02,943,r1,50.25,49.97,60.5,60.7,1,wait_lower,60.3,60.8,0.2,24.4,29.6,30.9,37.016462599716476,2.10987755982989,0.2,0,50.25389220905521
C02,943,r2,49.51,49.22,60.5,60.7,1,wait_lower,60.3,60.8,0.2,24.4,29.6,30.9,37.75646259971648,2.849877559829892,0.2,0,49.51206793225978
C03,943,r1,49.8,49.51,60.5,60.7,1,wait_lower,60.3,60.8,0.2,24.4,29.6,30.9,37.46646259971648,2.559877559829893,0.2,0,49.79842483837509
C03,943,r2,49.82,49.52,60.5,60.7,1,wait_lower,60.3,60.8,0.2,24.4,29.6,30.9,37.446462599716476,2.5398775598298897,0.2,0,49.81737010292397
C04,943,r1,51.3,51.01,58.6,58.8,1,wait_lower,58.4,58.9,0.2,24.4,27.7,30.9,35.96646259971648,1.0598775598298928,0.2,0,51.2982591117309
C04,943,r2,51.18000000000001,50.88,58.6,58.8,1,wait_lower,58.4,58.9,0.2,24.4,27.7,30.9,36.08646259971647,1.1798775598298832,0.2,0,51.18419797708932
C05,943,r1,50.78,50.5,62.5,62.7,1,wait_lower,62.3,62.8,0.2,24.4,31.6,30.9,36.486462599716475,1.5798775598298889,0.2,0,50.77883266310899
C05,943,r2,50.08,49.79,62.5,62.7,1,wait_lower,62.3,62.8,0.2,24.4,31.6,30.9,37.18646259971648,2.2798775598298917,0.2,0,50.07824869049912
C06,943,r1,49.58,49.29,60.5,60.7,1,wait_lower,60.3,60.8,0.2,24.4,29.6,30.9,37.68646259971648,2.7798775598298917,0.2,0,49.580081718312556
C06,943,r2,48.410000000000004,48.13,60.5,60.7,1,wait_lower,60.3,60.8,0.2,24.4,29.6,30.9,38.85646259971647,3.9498775598298863,0.2,0,48.41104950010214
C07,943,r1,49.85,49.56,62.5,62.7,1,wait_lower,62.3,62.8,0.2,24.4,31.6,30.9,37.416462599716475,2.5098775598298886,0.2,0,49.845162327587346
C07,943,r2,50.11,49.81,62.5,62.7,1,wait_lower,62.3,62.8,0.2,24.4,31.6,30.9,37.15646259971648,2.2498775598298906,0.2,0,50.113554386025974
C08,943,r1,50.4,50.11,60.5,60.7,1,wait_lower,60.3,60.8,0.2,24.4,29.6,30.9,36.86646259971648,1.9598775598298914,0.2,0,50.396327446419384
C08,943,r2,50.160000000000004,49.86,60.5,60.7,1,wait_lower,60.3,60.8,0.2,24.4,29.6,30.9,37.10646259971647,2.1998775598298863,0.2,0,50.1572179852148
C09,943,r1,49.76,49.480000000000004,60.5,60.7,1,wait_lower,60.3,60.8,0.2,24.4,29.6,30.9,37.50646259971648,2.599877559829892,0.2,0,49.76388849177934
C09,943,r2,50.11,49.81,60.5,60.7,1,wait_lower,60.3,60.8,0.2,24.4,29.6,30.9,37.15646259971648,2.2498775598298906,0.2,0,50.11203505951452
C10,943,r1,49.9,49.61,60.5,60.7,1,wait_lower,60.3,60.8,0.2,24.4,29.6,30.9,37.36646259971648,2.4598775598298914,0.2,0,49.90368192156719
C10,943,r2,49.69,49.4,60.5,60.7,1,wait_lower,60.3,60.8,0.2,24.4,29.6,30.9,37.57646259971648,2.6698775598298923,0.2,0,49.68770637046609
C11,943,r1,50.74,50.45,62.5,62.7,1,wait_lower,62.3,62.8,0.2,24.4,31.6,30.9,36.526462599716474,1.619877559829888,0.2,0,50.73501135569159
C11,943,r2,50.44,50.15,62.5,62.7,1,wait_lower,62.3,62.8,0.2,24.4,31.6,30.9,36.82646259971648,1.9198775598298923,0.2,0,50.44474875558111
C12,943,r1,50.15,49.86,60.5,60.7,1,wait_lower,60.3,60.8,0.2,24.4,29.6,30.9,37.11646259971648,2.2098775598298914,0.2,0,50.14812681037254
C12,943,r2,48.64,48.349999999999994,60.5,60.7,1,wait_lower,60.3,60.8,0.2,24.4,29.6,30.9,38.626462599716476,3.7198775598298894,0.2,0,48.63656965939076
