scenario,start,seed,condition,status,distance_m,time_s,coverage,collisions,wrong_door_attempts,false_candidate_passage_attempts,door_attempts,observations
s1,M,7701,static_map,B_confirmed,3.518510337923907,91.9999999999997,0.6482638888888889,0,0,0,2,31
s1,M,7701,own_frontier,B_confirmed,4.011360584638534,139.9999999999988,0.8277777777777777,0,0,0,2,47
s1,M,7702,static_map,B_confirmed,3.518510337923907,91.9999999999997,0.6482638888888889,0,0,0,2,31
s1,M,7702,own_frontier,B_confirmed,4.011360584638534,139.9999999999988,0.8277777777777777,0,0,0,2,47
s1,N,7701,static_map,B_confirmed,4.358432914028693,112.9999999999993,0.7104166666666667,0,0,0,2,38
s1,N,7701,own_frontier,B_confirmed,4.3585206180934835,112.9999999999993,0.7510416666666667,0,0,0,2,38
s1,N,7702,static_map,B_confirmed,4.358432914028693,112.9999999999993,0.7104166666666667,0,0,0,2,38
s1,N,7702,own_frontier,B_confirmed,4.3585206180934835,112.9999999999993,0.7510416666666667,0,0,0,2,38
s2,M,7701,static_map,B_confirmed,4.967952452273153,130.99999999999898,0.5830437804030577,0,0,0,2,44
s2,M,7701,own_frontier,B_confirmed,4.618942608031406,142.99999999999875,0.7123002084781098,0,0,0,3,48
s2,M,7702,static_map,B_confirmed,4.967952452273153,130.99999999999898,0.5830437804030577,0,0,0,2,44
s2,M,7702,own_frontier,B_confirmed,4.618942608031406,142.99999999999875,0.7123002084781098,0,0,0,3,48
s2,N,7701,static_map,B_confirmed,2.412699599354334,71.0000000000001,0.3502432244614315,0,0,0,0,24
s2,N,7701,own_frontier,B_confirmed,2.4129183877354987,71.0000000000001,0.3488533703961084,0,0,0,0,24
s2,N,7702,static_map,B_confirmed,2.412699599354334,71.0000000000001,0.3502432244614315,0,0,0,0,24
s2,N,7702,own_frontier,B_confirmed,2.4129183877354987,71.0000000000001,0.3488533703961084,0,0,0,0,24
s3,M,7701,static_map,B_confirmed,3.8781787797598937,100.99999999999953,0.7607638888888889,0,0,0,2,34
s3,M,7701,own_frontier,exploration_finished,8.126503174031878,317.00000000000114,0.9305555555555556,1,0,0,4,106
s3,M,7702,static_map,B_confirmed,3.8781787797598937,100.99999999999953,0.7607638888888889,0,0,0,2,34
s3,M,7702,own_frontier,exploration_finished,8.126503174031878,317.00000000000114,0.9305555555555556,1,0,0,4,106
s3,N,7701,static_map,B_confirmed,3.7317293696812577,97.99999999999959,0.6451388888888889,0,0,0,2,33
s3,N,7701,own_frontier,B_confirmed,4.2400185230832514,175.99999999999812,0.909375,0,0,0,3,59
s3,N,7702,static_map,B_confirmed,3.7317293696812577,97.99999999999959,0.6451388888888889,0,0,0,2,33
s3,N,7702,own_frontier,B_confirmed,4.2400185230832514,175.99999999999812,0.909375,0,0,0,3,59
s4,M,7701,static_map,B_confirmed,7.266281836211704,184.99999999999795,0.6189979123173278,0,0,0,2,62
s4,M,7701,own_frontier,exploration_finished,5.955288069532665,202.9999999999976,0.5020876826722338,0,0,0,0,68
s4,M,7702,static_map,B_confirmed,7.266281836211704,184.99999999999795,0.6189979123173278,0,0,0,2,62
s4,M,7702,own_frontier,exploration_finished,5.955288069532665,202.9999999999976,0.5020876826722338,0,0,0,0,68
s4,N,7701,static_map,B_confirmed,5.558151404929458,142.99999999999875,0.4899095337508699,0,0,6,2,48
s4,N,7701,own_frontier,exploration_finished,7.463999999999215,238.99999999999693,0.5612386917188588,0,0,2,1,80
s4,N,7702,static_map,B_confirmed,5.558151404929458,142.99999999999875,0.4899095337508699,0,0,6,2,48
s4,N,7702,own_frontier,exploration_finished,7.463999999999215,238.99999999999693,0.5612386917188588,0,0,2,1,80
s5,M,7701,static_map,B_confirmed,3.679193739727277,109.99999999999936,0.6840277777777778,0,0,0,2,37
s5,M,7701,own_frontier,B_confirmed,4.667023846669322,142.99999999999875,0.6895833333333333,0,0,2,2,48
s5,M,7702,static_map,B_confirmed,3.679193739727277,109.99999999999936,0.6840277777777778,0,0,0,2,37
s5,M,7702,own_frontier,B_confirmed,4.667023846669322,142.99999999999875,0.6895833333333333,0,0,2,2,48
s5,N,7701,static_map,B_confirmed,3.5183509363506005,91.9999999999997,0.6541666666666667,0,0,0,2,31
s5,N,7701,own_frontier,B_confirmed,3.2420765218907546,142.99999999999875,0.7635416666666667,0,0,0,0,48
s5,N,7702,static_map,B_confirmed,3.5183509363506005,91.9999999999997,0.6541666666666667,0,0,0,2,31
s5,N,7702,own_frontier,B_confirmed,3.2420765218907546,142.99999999999875,0.7635416666666667,0,0,0,0,48
s6,M,7701,static_map,B_confirmed,2.5885719179586304,71.0000000000001,0.34109065647794373,0,0,0,0,24
s6,M,7701,own_frontier,B_confirmed,3.2775560308148584,100.99999999999953,0.5783258075720736,0,0,0,0,34
s6,M,7702,static_map,B_confirmed,2.5885719179586304,71.0000000000001,0.34109065647794373,0,0,0,0,24
s6,M,7702,own_frontier,B_confirmed,3.2775560308148584,100.99999999999953,0.5783258075720736,0,0,0,0,34
s6,N,7701,static_map,B_confirmed,2.471669286292688,71.0000000000001,0.3216394581451893,0,0,0,0,24
s6,N,7701,own_frontier,B_confirmed,2.295665034117502,76.99999999999999,0.49704758596734977,0,0,0,0,26
s6,N,7702,static_map,B_confirmed,2.471669286292688,71.0000000000001,0.3216394581451893,0,0,0,0,24
s6,N,7702,own_frontier,B_confirmed,2.295665034117502,76.99999999999999,0.49704758596734977,0,0,0,0,26
s7,M,7701,static_map,B_confirmed,2.823447373168525,74.00000000000004,0.4505956552207428,0,0,0,0,25
s7,M,7701,own_frontier,B_confirmed,3.013415478507052,97.99999999999959,0.5140154169586545,0,0,0,0,33
s7,M,7702,static_map,B_confirmed,2.823447373168525,74.00000000000004,0.4505956552207428,0,0,0,0,25
s7,M,7702,own_frontier,B_confirmed,3.013415478507052,97.99999999999959,0.5140154169586545,0,0,0,0,33
s7,N,7701,static_map,B_confirmed,3.638313769226218,94.99999999999964,0.7295024526979678,0,0,0,2,32
s7,N,7701,own_frontier,B_confirmed,4.2570884901574555,160.9999999999984,0.9201121233356693,0,0,0,3,54
s7,N,7702,static_map,B_confirmed,3.638313769226218,94.99999999999964,0.7295024526979678,0,0,0,2,32
s7,N,7702,own_frontier,B_confirmed,4.2570884901574555,160.9999999999984,0.9201121233356693,0,0,0,3,54
s8,M,7701,static_map,B_confirmed,2.2896500222714447,71.0000000000001,0.3014370837714686,0,0,0,0,24
s8,M,7701,own_frontier,B_confirmed,3.2027920205401608,109.99999999999936,0.6898002103049422,0,0,3,0,37
s8,M,7702,static_map,B_confirmed,2.2896500222714447,71.0000000000001,0.3014370837714686,0,0,0,0,24
s8,M,7702,own_frontier,B_confirmed,3.2027920205401608,109.99999999999936,0.6898002103049422,0,0,3,0,37
s8,N,7701,static_map,B_confirmed,3.6377775538942747,94.99999999999964,0.7213459516298633,0,0,0,2,32
s8,N,7701,own_frontier,B_confirmed,3.736744764066711,154.99999999999852,0.8440238345601122,0,0,0,1,52
s8,N,7702,static_map,B_confirmed,3.6377775538942747,94.99999999999964,0.7213459516298633,0,0,0,2,32
s8,N,7702,own_frontier,B_confirmed,3.736744764066711,154.99999999999852,0.8440238345601122,0,0,0,1,52
