scenario,start,seed,condition,status,coverage,time_s,distance_m,collisions,door_attempts,false_candidate_passage_attempts
s1,K,6701,static_map,B_confirmed,0.721875,94.99999999999964,3.63839155248208,0,2,0
s1,K,6701,own_frontier,exploration_finished,0.1329861111111111,2.0,0.0,0,0,0
s1,K,6702,static_map,B_confirmed,0.721875,94.99999999999964,3.63839155248208,0,2,0
s1,K,6702,own_frontier,exploration_finished,0.1329861111111111,2.0,0.0,0,0,0
s1,L,6701,static_map,B_confirmed,0.6482638888888889,94.99999999999964,3.6381223320859903,0,2,0
s1,L,6701,own_frontier,exploration_finished,0.18506944444444445,2.0,0.0,0,0,0
s1,L,6702,static_map,B_confirmed,0.6482638888888889,94.99999999999964,3.6381223320859903,0,2,0
s1,L,6702,own_frontier,exploration_finished,0.18506944444444445,2.0,0.0,0,0,0
s2,K,6701,static_map,B_confirmed,0.4718554551772064,74.00000000000004,2.8233554254509987,0,0,0
s2,K,6701,own_frontier,exploration_finished,0.19214732453092426,2.0,0.0,0,0,0
s2,K,6702,static_map,B_confirmed,0.4718554551772064,74.00000000000004,2.8233554254509987,0,0,0
s2,K,6702,own_frontier,exploration_finished,0.19214732453092426,2.0,0.0,0,0,0
s2,L,6701,static_map,B_confirmed,0.3519805420430855,71.0000000000001,2.412685447406252,0,0,0
s2,L,6701,own_frontier,exploration_finished,0.17338429464906185,2.0,0.0,0,0,0
s2,L,6702,static_map,B_confirmed,0.3519805420430855,71.0000000000001,2.412685447406252,0,0,0
s2,L,6702,own_frontier,exploration_finished,0.17338429464906185,2.0,0.0,0,0,0
s3,K,6701,static_map,B_confirmed,0.4982638888888889,76.99999999999999,2.9460506595305325,0,0,0
s3,K,6701,own_frontier,exploration_finished,0.18888888888888888,2.0,0.0,0,0,0
s3,K,6702,static_map,B_confirmed,0.4982638888888889,76.99999999999999,2.9460506595305325,0,0,0
s3,K,6702,own_frontier,exploration_finished,0.18888888888888888,2.0,0.0,0,0,0
s3,L,6701,static_map,B_confirmed,0.70625,103.99999999999947,3.9070818294992242,0,1,0
s3,L,6701,own_frontier,exploration_finished,0.13784722222222223,2.0,0.0,0,0,0
s3,L,6702,static_map,B_confirmed,0.70625,103.99999999999947,3.9070818294992242,0,1,0
s3,L,6702,own_frontier,exploration_finished,0.13784722222222223,2.0,0.0,0,0,0
s4,K,6701,static_map,B_confirmed,0.6033402922755741,160.9999999999984,6.278051991437687,0,2,2
s4,K,6701,own_frontier,exploration_finished,0.1684064022268615,2.0,0.0,0,0,0
s4,K,6702,static_map,B_confirmed,0.6033402922755741,160.9999999999984,6.278051991437687,0,2,2
s4,K,6702,own_frontier,exploration_finished,0.1684064022268615,2.0,0.0,0,0,0
s4,L,6701,static_map,B_confirmed,0.6075156576200418,190.99999999999784,7.44841654639022,0,2,0
s4,L,6701,own_frontier,exploration_finished,0.1381350034794711,2.0,0.0,0,0,0
s4,L,6702,static_map,B_confirmed,0.6075156576200418,190.99999999999784,7.44841654639022,0,2,0
s4,L,6702,own_frontier,exploration_finished,0.1381350034794711,2.0,0.0,0,0,0
s5,K,6701,static_map,B_confirmed,0.690625,109.99999999999936,4.238137608367038,0,2,0
s5,K,6701,own_frontier,exploration_finished,0.13680555555555557,2.0,0.0,0,0,0
s5,K,6702,static_map,B_confirmed,0.690625,109.99999999999936,4.238137608367038,0,2,0
s5,K,6702,own_frontier,exploration_finished,0.13680555555555557,2.0,0.0,0,0,0
s5,L,6701,static_map,B_confirmed,0.6475694444444444,97.99999999999959,3.732043034728993,0,2,0
s5,L,6701,own_frontier,exploration_finished,0.18680555555555556,2.0,0.0,0,0,0
s5,L,6702,static_map,B_confirmed,0.6475694444444444,97.99999999999959,3.732043034728993,0,2,0
s5,L,6702,own_frontier,exploration_finished,0.18680555555555556,2.0,0.0,0,0,0
s6,K,6701,static_map,B_confirmed,0.5859673497742272,118.99999999999919,4.5952789481185885,0,2,0
s6,K,6701,own_frontier,exploration_finished,0.17645015630427233,2.0,0.0,0,0,0
s6,K,6702,static_map,B_confirmed,0.5859673497742272,118.99999999999919,4.5952789481185885,0,2,0
s6,K,6702,own_frontier,exploration_finished,0.17645015630427233,2.0,0.0,0,0,0
s6,L,6701,static_map,B_confirmed,0.34109065647794373,71.0000000000001,2.588612340622229,0,0,0
s6,L,6701,own_frontier,exploration_finished,0.17679749913164294,2.0,0.0,0,0,0
s6,L,6702,static_map,B_confirmed,0.34109065647794373,71.0000000000001,2.588612340622229,0,0,0
s6,L,6702,own_frontier,exploration_finished,0.17679749913164294,2.0,0.0,0,0,0
s7,K,6701,static_map,B_confirmed,0.4555010511562719,74.00000000000004,2.795851675590265,0,0,0
s7,K,6701,own_frontier,exploration_finished,0.17168885774351786,2.0,0.0,0,0,0
s7,K,6702,static_map,B_confirmed,0.4555010511562719,74.00000000000004,2.795851675590265,0,0,0
s7,K,6702,own_frontier,exploration_finished,0.17168885774351786,2.0,0.0,0,0,0
s7,L,6701,static_map,B_confirmed,0.7277505255781359,97.99999999999959,3.7321584800340717,0,2,0
s7,L,6701,own_frontier,exploration_finished,0.1695865451997197,2.0,0.0,0,0,0
s7,L,6702,static_map,B_confirmed,0.7277505255781359,97.99999999999959,3.7321584800340717,0,2,0
s7,L,6702,own_frontier,exploration_finished,0.1695865451997197,2.0,0.0,0,0,0
s8,K,6701,static_map,B_confirmed,0.2912723449001052,71.0000000000001,2.3486282379911954,0,0,0
s8,K,6701,own_frontier,exploration_finished,0.12723449001051526,2.0,0.0,0,0,0
s8,K,6702,static_map,B_confirmed,0.2912723449001052,71.0000000000001,2.3486282379911954,0,0,0
s8,K,6702,own_frontier,exploration_finished,0.12723449001051526,2.0,0.0,0,0,0
s8,L,6701,static_map,B_confirmed,0.4437434279705573,106.99999999999942,4.11490840362269,0,2,0
s8,L,6701,own_frontier,exploration_finished,0.17910970907816334,2.0,0.0,0,0,0
s8,L,6702,static_map,B_confirmed,0.4437434279705573,106.99999999999942,4.11490840362269,0,2,0
s8,L,6702,own_frontier,exploration_finished,0.17910970907816334,2.0,0.0,0,0,0
